DEBUG - 2025-12-28 07:51:14 --> Session: Class initialized using 'CodeIgniter\Session\Handlers\FileHandler' driver.
WARNING - 2025-12-28 07:51:25 --> [DEPRECATED] Setting lowercase HTTP method key "post" is deprecated. Use uppercase HTTP method like "POST". in SYSTEMPATH\Filters\Filters.php on line 744.
 1 SYSTEMPATH\Filters\Filters.php(744): trigger_error('Setting lowercase HTTP method key "post" is deprecated. Use uppercase HTTP method like "POST".', 16384)
 2 SYSTEMPATH\Filters\Filters.php(475): CodeIgniter\Filters\Filters->processMethods()
 3 SYSTEMPATH\Filters\Filters.php(218): CodeIgniter\Filters\Filters->initialize('login')
 4 SYSTEMPATH\CodeIgniter.php(479): CodeIgniter\Filters\Filters->run('login', 'before')
 5 SYSTEMPATH\CodeIgniter.php(354): CodeIgniter\CodeIgniter->handleRequest(null, Object(Config\Cache), false)
 6 SYSTEMPATH\Boot.php(363): CodeIgniter\CodeIgniter->run()
 7 SYSTEMPATH\Boot.php(68): CodeIgniter\Boot::runCodeIgniter(Object(CodeIgniter\CodeIgniter))
 8 FCPATH\index.php(59): CodeIgniter\Boot::bootWeb(Object(Config\Paths))
 9 SYSTEMPATH\rewrite.php(44): require_once('C:\\xampp\\htdocs\\sistem_informasi_percetakan\\public\\index.php')
INFO - 2025-12-28 07:51:25 --> CSRF token verified.
DEBUG - 2025-12-28 07:51:26 --> Session: Class initialized using 'CodeIgniter\Session\Handlers\FileHandler' driver.
DEBUG - 2025-12-28 07:51:26 --> Session: Class initialized using 'CodeIgniter\Session\Handlers\FileHandler' driver.
DEBUG - 2025-12-28 07:51:31 --> Session: Class initialized using 'CodeIgniter\Session\Handlers\FileHandler' driver.
DEBUG - 2025-12-28 07:51:35 --> Session: Class initialized using 'CodeIgniter\Session\Handlers\FileHandler' driver.
DEBUG - 2025-12-28 07:51:39 --> Session: Class initialized using 'CodeIgniter\Session\Handlers\FileHandler' driver.
DEBUG - 2025-12-28 07:51:40 --> Session: Class initialized using 'CodeIgniter\Session\Handlers\FileHandler' driver.
DEBUG - 2025-12-28 07:51:43 --> Session: Class initialized using 'CodeIgniter\Session\Handlers\FileHandler' driver.
WARNING - 2025-12-28 07:51:51 --> [DEPRECATED] Setting lowercase HTTP method key "delete" is deprecated. Use uppercase HTTP method like "DELETE". in SYSTEMPATH\Filters\Filters.php on line 744.
 1 SYSTEMPATH\Filters\Filters.php(744): trigger_error('Setting lowercase HTTP method key "delete" is deprecated. Use uppercase HTTP method like "DELETE".', 16384)
 2 SYSTEMPATH\Filters\Filters.php(475): CodeIgniter\Filters\Filters->processMethods()
 3 SYSTEMPATH\Filters\Filters.php(218): CodeIgniter\Filters\Filters->initialize('admin/bahan/2')
 4 SYSTEMPATH\CodeIgniter.php(479): CodeIgniter\Filters\Filters->run('admin/bahan/2', 'before')
 5 SYSTEMPATH\CodeIgniter.php(354): CodeIgniter\CodeIgniter->handleRequest(null, Object(Config\Cache), false)
 6 SYSTEMPATH\Boot.php(363): CodeIgniter\CodeIgniter->run()
 7 SYSTEMPATH\Boot.php(68): CodeIgniter\Boot::runCodeIgniter(Object(CodeIgniter\CodeIgniter))
 8 FCPATH\index.php(59): CodeIgniter\Boot::bootWeb(Object(Config\Paths))
 9 SYSTEMPATH\rewrite.php(44): require_once('C:\\xampp\\htdocs\\sistem_informasi_percetakan\\public\\index.php')
INFO - 2025-12-28 07:51:51 --> CSRF token verified.
DEBUG - 2025-12-28 07:51:51 --> Session: Class initialized using 'CodeIgniter\Session\Handlers\FileHandler' driver.
DEBUG - 2025-12-28 07:51:52 --> Session: Class initialized using 'CodeIgniter\Session\Handlers\FileHandler' driver.
DEBUG - 2025-12-28 07:51:55 --> Session: Class initialized using 'CodeIgniter\Session\Handlers\FileHandler' driver.
WARNING - 2025-12-28 07:52:00 --> [DEPRECATED] Setting lowercase HTTP method key "delete" is deprecated. Use uppercase HTTP method like "DELETE". in SYSTEMPATH\Filters\Filters.php on line 744.
 1 SYSTEMPATH\Filters\Filters.php(744): trigger_error('Setting lowercase HTTP method key "delete" is deprecated. Use uppercase HTTP method like "DELETE".', 16384)
 2 SYSTEMPATH\Filters\Filters.php(475): CodeIgniter\Filters\Filters->processMethods()
 3 SYSTEMPATH\Filters\Filters.php(218): CodeIgniter\Filters\Filters->initialize('admin/layanan/1')
 4 SYSTEMPATH\CodeIgniter.php(479): CodeIgniter\Filters\Filters->run('admin/layanan/1', 'before')
 5 SYSTEMPATH\CodeIgniter.php(354): CodeIgniter\CodeIgniter->handleRequest(null, Object(Config\Cache), false)
 6 SYSTEMPATH\Boot.php(363): CodeIgniter\CodeIgniter->run()
 7 SYSTEMPATH\Boot.php(68): CodeIgniter\Boot::runCodeIgniter(Object(CodeIgniter\CodeIgniter))
 8 FCPATH\index.php(59): CodeIgniter\Boot::bootWeb(Object(Config\Paths))
 9 SYSTEMPATH\rewrite.php(44): require_once('C:\\xampp\\htdocs\\sistem_informasi_percetakan\\public\\index.php')
INFO - 2025-12-28 07:52:00 --> CSRF token verified.
DEBUG - 2025-12-28 07:52:00 --> Session: Class initialized using 'CodeIgniter\Session\Handlers\FileHandler' driver.
DEBUG - 2025-12-28 07:52:00 --> Session: Class initialized using 'CodeIgniter\Session\Handlers\FileHandler' driver.
DEBUG - 2025-12-28 07:52:05 --> Session: Class initialized using 'CodeIgniter\Session\Handlers\FileHandler' driver.
WARNING - 2025-12-28 07:52:11 --> [DEPRECATED] Setting lowercase HTTP method key "delete" is deprecated. Use uppercase HTTP method like "DELETE". in SYSTEMPATH\Filters\Filters.php on line 744.
 1 SYSTEMPATH\Filters\Filters.php(744): trigger_error('Setting lowercase HTTP method key "delete" is deprecated. Use uppercase HTTP method like "DELETE".', 16384)
 2 SYSTEMPATH\Filters\Filters.php(475): CodeIgniter\Filters\Filters->processMethods()
 3 SYSTEMPATH\Filters\Filters.php(218): CodeIgniter\Filters\Filters->initialize('admin/supplier/1')
 4 SYSTEMPATH\CodeIgniter.php(479): CodeIgniter\Filters\Filters->run('admin/supplier/1', 'before')
 5 SYSTEMPATH\CodeIgniter.php(354): CodeIgniter\CodeIgniter->handleRequest(null, Object(Config\Cache), false)
 6 SYSTEMPATH\Boot.php(363): CodeIgniter\CodeIgniter->run()
 7 SYSTEMPATH\Boot.php(68): CodeIgniter\Boot::runCodeIgniter(Object(CodeIgniter\CodeIgniter))
 8 FCPATH\index.php(59): CodeIgniter\Boot::bootWeb(Object(Config\Paths))
 9 SYSTEMPATH\rewrite.php(44): require_once('C:\\xampp\\htdocs\\sistem_informasi_percetakan\\public\\index.php')
INFO - 2025-12-28 07:52:11 --> CSRF token verified.
DEBUG - 2025-12-28 07:52:11 --> Session: Class initialized using 'CodeIgniter\Session\Handlers\FileHandler' driver.
DEBUG - 2025-12-28 07:52:11 --> Session: Class initialized using 'CodeIgniter\Session\Handlers\FileHandler' driver.
DEBUG - 2025-12-28 07:52:13 --> Session: Class initialized using 'CodeIgniter\Session\Handlers\FileHandler' driver.
DEBUG - 2025-12-28 07:52:17 --> Session: Class initialized using 'CodeIgniter\Session\Handlers\FileHandler' driver.
WARNING - 2025-12-28 07:52:37 --> [DEPRECATED] Setting lowercase HTTP method key "post" is deprecated. Use uppercase HTTP method like "POST". in SYSTEMPATH\Filters\Filters.php on line 744.
 1 SYSTEMPATH\Filters\Filters.php(744): trigger_error('Setting lowercase HTTP method key "post" is deprecated. Use uppercase HTTP method like "POST".', 16384)
 2 SYSTEMPATH\Filters\Filters.php(475): CodeIgniter\Filters\Filters->processMethods()
 3 SYSTEMPATH\Filters\Filters.php(218): CodeIgniter\Filters\Filters->initialize('admin/transaksi')
 4 SYSTEMPATH\CodeIgniter.php(479): CodeIgniter\Filters\Filters->run('admin/transaksi', 'before')
 5 SYSTEMPATH\CodeIgniter.php(354): CodeIgniter\CodeIgniter->handleRequest(null, Object(Config\Cache), false)
 6 SYSTEMPATH\Boot.php(363): CodeIgniter\CodeIgniter->run()
 7 SYSTEMPATH\Boot.php(68): CodeIgniter\Boot::runCodeIgniter(Object(CodeIgniter\CodeIgniter))
 8 FCPATH\index.php(59): CodeIgniter\Boot::bootWeb(Object(Config\Paths))
 9 SYSTEMPATH\rewrite.php(44): require_once('C:\\xampp\\htdocs\\sistem_informasi_percetakan\\public\\index.php')
INFO - 2025-12-28 07:52:37 --> CSRF token verified.
DEBUG - 2025-12-28 07:52:37 --> Session: Class initialized using 'CodeIgniter\Session\Handlers\FileHandler' driver.
ERROR - 2025-12-28 07:52:37 --> mysqli_sql_exception: Cannot add or update a child row: a foreign key constraint fails (`sistem_informasi_percetakan`.`transaksi`, CONSTRAINT `transaksi_ibfk_1` FOREIGN KEY (`pelanggan_id`) REFERENCES `pelanggan` (`id`)) in C:\xampp\htdocs\sistem_informasi_percetakan\system\Database\MySQLi\Connection.php:327
Stack trace:
#0 C:\xampp\htdocs\sistem_informasi_percetakan\system\Database\MySQLi\Connection.php(327): mysqli->query('INSERT INTO `tr...', 0)
#1 C:\xampp\htdocs\sistem_informasi_percetakan\system\Database\BaseConnection.php(729): CodeIgniter\Database\MySQLi\Connection->execute('INSERT INTO `tr...')
#2 C:\xampp\htdocs\sistem_informasi_percetakan\system\Database\BaseConnection.php(646): CodeIgniter\Database\BaseConnection->simpleQuery('INSERT INTO `tr...')
#3 C:\xampp\htdocs\sistem_informasi_percetakan\system\Database\BaseBuilder.php(2345): CodeIgniter\Database\BaseConnection->query('INSERT INTO `tr...', Array, false)
#4 C:\xampp\htdocs\sistem_informasi_percetakan\system\Model.php(394): CodeIgniter\Database\BaseBuilder->insert()
#5 C:\xampp\htdocs\sistem_informasi_percetakan\system\BaseModel.php(838): CodeIgniter\Model->doInsert(Array)
#6 C:\xampp\htdocs\sistem_informasi_percetakan\system\Model.php(797): CodeIgniter\BaseModel->insert(Array, true)
#7 C:\xampp\htdocs\sistem_informasi_percetakan\app\Controllers\BaseResourceController.php(23): CodeIgniter\Model->insert(Array)
#8 C:\xampp\htdocs\sistem_informasi_percetakan\system\CodeIgniter.php(933): App\Controllers\BaseResourceController->create()
#9 C:\xampp\htdocs\sistem_informasi_percetakan\system\CodeIgniter.php(507): CodeIgniter\CodeIgniter->runController(Object(App\Controllers\Admin\TransaksiController))
#10 C:\xampp\htdocs\sistem_informasi_percetakan\system\CodeIgniter.php(354): CodeIgniter\CodeIgniter->handleRequest(NULL, Object(Config\Cache), false)
#11 C:\xampp\htdocs\sistem_informasi_percetakan\system\Boot.php(363): CodeIgniter\CodeIgniter->run()
#12 C:\xampp\htdocs\sistem_informasi_percetakan\system\Boot.php(68): CodeIgniter\Boot::runCodeIgniter(Object(CodeIgniter\CodeIgniter))
#13 C:\xampp\htdocs\sistem_informasi_percetakan\public\index.php(59): CodeIgniter\Boot::bootWeb(Object(Config\Paths))
#14 C:\xampp\htdocs\sistem_informasi_percetakan\system\rewrite.php(44): require_once('C:\\xampp\\htdocs...')
#15 {main}
CRITICAL - 2025-12-28 07:52:37 --> CodeIgniter\Database\Exceptions\DatabaseException: Cannot add or update a child row: a foreign key constraint fails (`sistem_informasi_percetakan`.`transaksi`, CONSTRAINT `transaksi_ibfk_1` FOREIGN KEY (`pelanggan_id`) REFERENCES `pelanggan` (`id`))
[Method: POST, Route: admin/transaksi]
in SYSTEMPATH\Database\BaseConnection.php on line 684.
 1 SYSTEMPATH\Database\BaseBuilder.php(2345): CodeIgniter\Database\BaseConnection->query('INSERT INTO `transaksi` (`kode`, `pelanggan_id`, `tanggal`, `status`, `catatan`, `created_at`, `updated_at`) VALUES (:kode:, :pelanggan_id:, :tanggal:, :status:, :catatan:, :created_at:, :updated_at:)', [...], false)
 2 SYSTEMPATH\Model.php(394): CodeIgniter\Database\BaseBuilder->insert()
 3 SYSTEMPATH\BaseModel.php(838): CodeIgniter\Model->doInsert([...])
 4 SYSTEMPATH\Model.php(797): CodeIgniter\BaseModel->insert([...], true)
 5 APPPATH\Controllers\BaseResourceController.php(23): CodeIgniter\Model->insert([...])
 6 SYSTEMPATH\CodeIgniter.php(933): App\Controllers\BaseResourceController->create()
 7 SYSTEMPATH\CodeIgniter.php(507): CodeIgniter\CodeIgniter->runController(Object(App\Controllers\Admin\TransaksiController))
 8 SYSTEMPATH\CodeIgniter.php(354): CodeIgniter\CodeIgniter->handleRequest(null, Object(Config\Cache), false)
 9 SYSTEMPATH\Boot.php(363): CodeIgniter\CodeIgniter->run()
10 SYSTEMPATH\Boot.php(68): CodeIgniter\Boot::runCodeIgniter(Object(CodeIgniter\CodeIgniter))
11 FCPATH\index.php(59): CodeIgniter\Boot::bootWeb(Object(Config\Paths))
12 SYSTEMPATH\rewrite.php(44): require_once('C:\\xampp\\htdocs\\sistem_informasi_percetakan\\public\\index.php')
CRITICAL - 2025-12-28 07:52:37 --> [Caused by] CodeIgniter\Database\Exceptions\DatabaseException: Cannot add or update a child row: a foreign key constraint fails (`sistem_informasi_percetakan`.`transaksi`, CONSTRAINT `transaksi_ibfk_1` FOREIGN KEY (`pelanggan_id`) REFERENCES `pelanggan` (`id`))
in SYSTEMPATH\Database\MySQLi\Connection.php on line 332.
 1 SYSTEMPATH\Database\BaseConnection.php(729): CodeIgniter\Database\MySQLi\Connection->execute('INSERT INTO `transaksi` (`kode`, `pelanggan_id`, `tanggal`, `status`, `catatan`, `created_at`, `updated_at`) VALUES (\'123\', \'1\', \'2025-12-03T14:52\', \'proses\', \'123\', \'2025-12-28 07:52:37\', \'2025-12-28 07:52:37\')')
 2 SYSTEMPATH\Database\BaseConnection.php(646): CodeIgniter\Database\BaseConnection->simpleQuery('INSERT INTO `transaksi` (`kode`, `pelanggan_id`, `tanggal`, `status`, `catatan`, `created_at`, `updated_at`) VALUES (\'123\', \'1\', \'2025-12-03T14:52\', \'proses\', \'123\', \'2025-12-28 07:52:37\', \'2025-12-28 07:52:37\')')
 3 SYSTEMPATH\Database\BaseBuilder.php(2345): CodeIgniter\Database\BaseConnection->query('INSERT INTO `transaksi` (`kode`, `pelanggan_id`, `tanggal`, `status`, `catatan`, `created_at`, `updated_at`) VALUES (:kode:, :pelanggan_id:, :tanggal:, :status:, :catatan:, :created_at:, :updated_at:)', [...], false)
 4 SYSTEMPATH\Model.php(394): CodeIgniter\Database\BaseBuilder->insert()
 5 SYSTEMPATH\BaseModel.php(838): CodeIgniter\Model->doInsert([...])
 6 SYSTEMPATH\Model.php(797): CodeIgniter\BaseModel->insert([...], true)
 7 APPPATH\Controllers\BaseResourceController.php(23): CodeIgniter\Model->insert([...])
 8 SYSTEMPATH\CodeIgniter.php(933): App\Controllers\BaseResourceController->create()
 9 SYSTEMPATH\CodeIgniter.php(507): CodeIgniter\CodeIgniter->runController(Object(App\Controllers\Admin\TransaksiController))
10 SYSTEMPATH\CodeIgniter.php(354): CodeIgniter\CodeIgniter->handleRequest(null, Object(Config\Cache), false)
11 SYSTEMPATH\Boot.php(363): CodeIgniter\CodeIgniter->run()
12 SYSTEMPATH\Boot.php(68): CodeIgniter\Boot::runCodeIgniter(Object(CodeIgniter\CodeIgniter))
13 FCPATH\index.php(59): CodeIgniter\Boot::bootWeb(Object(Config\Paths))
14 SYSTEMPATH\rewrite.php(44): require_once('C:\\xampp\\htdocs\\sistem_informasi_percetakan\\public\\index.php')
CRITICAL - 2025-12-28 07:52:37 --> [Caused by] mysqli_sql_exception: Cannot add or update a child row: a foreign key constraint fails (`sistem_informasi_percetakan`.`transaksi`, CONSTRAINT `transaksi_ibfk_1` FOREIGN KEY (`pelanggan_id`) REFERENCES `pelanggan` (`id`))
in SYSTEMPATH\Database\MySQLi\Connection.php on line 327.
 1 SYSTEMPATH\Database\MySQLi\Connection.php(327): mysqli->query('INSERT INTO `transaksi` (`kode`, `pelanggan_id`, `tanggal`, `status`, `catatan`, `created_at`, `updated_at`) VALUES (\'123\', \'1\', \'2025-12-03T14:52\', \'proses\', \'123\', \'2025-12-28 07:52:37\', \'2025-12-28 07:52:37\')', 0)
 2 SYSTEMPATH\Database\BaseConnection.php(729): CodeIgniter\Database\MySQLi\Connection->execute('INSERT INTO `transaksi` (`kode`, `pelanggan_id`, `tanggal`, `status`, `catatan`, `created_at`, `updated_at`) VALUES (\'123\', \'1\', \'2025-12-03T14:52\', \'proses\', \'123\', \'2025-12-28 07:52:37\', \'2025-12-28 07:52:37\')')
 3 SYSTEMPATH\Database\BaseConnection.php(646): CodeIgniter\Database\BaseConnection->simpleQuery('INSERT INTO `transaksi` (`kode`, `pelanggan_id`, `tanggal`, `status`, `catatan`, `created_at`, `updated_at`) VALUES (\'123\', \'1\', \'2025-12-03T14:52\', \'proses\', \'123\', \'2025-12-28 07:52:37\', \'2025-12-28 07:52:37\')')
 4 SYSTEMPATH\Database\BaseBuilder.php(2345): CodeIgniter\Database\BaseConnection->query('INSERT INTO `transaksi` (`kode`, `pelanggan_id`, `tanggal`, `status`, `catatan`, `created_at`, `updated_at`) VALUES (:kode:, :pelanggan_id:, :tanggal:, :status:, :catatan:, :created_at:, :updated_at:)', [...], false)
 5 SYSTEMPATH\Model.php(394): CodeIgniter\Database\BaseBuilder->insert()
 6 SYSTEMPATH\BaseModel.php(838): CodeIgniter\Model->doInsert([...])
 7 SYSTEMPATH\Model.php(797): CodeIgniter\BaseModel->insert([...], true)
 8 APPPATH\Controllers\BaseResourceController.php(23): CodeIgniter\Model->insert([...])
 9 SYSTEMPATH\CodeIgniter.php(933): App\Controllers\BaseResourceController->create()
10 SYSTEMPATH\CodeIgniter.php(507): CodeIgniter\CodeIgniter->runController(Object(App\Controllers\Admin\TransaksiController))
11 SYSTEMPATH\CodeIgniter.php(354): CodeIgniter\CodeIgniter->handleRequest(null, Object(Config\Cache), false)
12 SYSTEMPATH\Boot.php(363): CodeIgniter\CodeIgniter->run()
13 SYSTEMPATH\Boot.php(68): CodeIgniter\Boot::runCodeIgniter(Object(CodeIgniter\CodeIgniter))
14 FCPATH\index.php(59): CodeIgniter\Boot::bootWeb(Object(Config\Paths))
15 SYSTEMPATH\rewrite.php(44): require_once('C:\\xampp\\htdocs\\sistem_informasi_percetakan\\public\\index.php')
WARNING - 2025-12-28 07:58:49 --> [DEPRECATED] Setting lowercase HTTP method key "post" is deprecated. Use uppercase HTTP method like "POST". in SYSTEMPATH\Filters\Filters.php on line 744.
 1 SYSTEMPATH\Filters\Filters.php(744): trigger_error('Setting lowercase HTTP method key "post" is deprecated. Use uppercase HTTP method like "POST".', 16384)
 2 SYSTEMPATH\Filters\Filters.php(475): CodeIgniter\Filters\Filters->processMethods()
 3 SYSTEMPATH\Filters\Filters.php(218): CodeIgniter\Filters\Filters->initialize('admin/transaksi')
 4 SYSTEMPATH\CodeIgniter.php(479): CodeIgniter\Filters\Filters->run('admin/transaksi', 'before')
 5 SYSTEMPATH\CodeIgniter.php(354): CodeIgniter\CodeIgniter->handleRequest(null, Object(Config\Cache), false)
 6 SYSTEMPATH\Boot.php(363): CodeIgniter\CodeIgniter->run()
 7 SYSTEMPATH\Boot.php(68): CodeIgniter\Boot::runCodeIgniter(Object(CodeIgniter\CodeIgniter))
 8 FCPATH\index.php(59): CodeIgniter\Boot::bootWeb(Object(Config\Paths))
 9 SYSTEMPATH\rewrite.php(44): require_once('C:\\xampp\\htdocs\\sistem_informasi_percetakan\\public\\index.php')
INFO - 2025-12-28 07:58:49 --> CSRF token verified.
DEBUG - 2025-12-28 07:58:49 --> Session: Class initialized using 'CodeIgniter\Session\Handlers\FileHandler' driver.
ERROR - 2025-12-28 07:58:49 --> mysqli_sql_exception: Cannot add or update a child row: a foreign key constraint fails (`sistem_informasi_percetakan`.`transaksi`, CONSTRAINT `transaksi_ibfk_1` FOREIGN KEY (`pelanggan_id`) REFERENCES `pelanggan` (`id`)) in C:\xampp\htdocs\sistem_informasi_percetakan\system\Database\MySQLi\Connection.php:327
Stack trace:
#0 C:\xampp\htdocs\sistem_informasi_percetakan\system\Database\MySQLi\Connection.php(327): mysqli->query('INSERT INTO `tr...', 0)
#1 C:\xampp\htdocs\sistem_informasi_percetakan\system\Database\BaseConnection.php(729): CodeIgniter\Database\MySQLi\Connection->execute('INSERT INTO `tr...')
#2 C:\xampp\htdocs\sistem_informasi_percetakan\system\Database\BaseConnection.php(646): CodeIgniter\Database\BaseConnection->simpleQuery('INSERT INTO `tr...')
#3 C:\xampp\htdocs\sistem_informasi_percetakan\system\Database\BaseBuilder.php(2345): CodeIgniter\Database\BaseConnection->query('INSERT INTO `tr...', Array, false)
#4 C:\xampp\htdocs\sistem_informasi_percetakan\system\Model.php(394): CodeIgniter\Database\BaseBuilder->insert()
#5 C:\xampp\htdocs\sistem_informasi_percetakan\system\BaseModel.php(838): CodeIgniter\Model->doInsert(Array)
#6 C:\xampp\htdocs\sistem_informasi_percetakan\system\Model.php(797): CodeIgniter\BaseModel->insert(Array, true)
#7 C:\xampp\htdocs\sistem_informasi_percetakan\app\Controllers\BaseResourceController.php(23): CodeIgniter\Model->insert(Array)
#8 C:\xampp\htdocs\sistem_informasi_percetakan\system\CodeIgniter.php(933): App\Controllers\BaseResourceController->create()
#9 C:\xampp\htdocs\sistem_informasi_percetakan\system\CodeIgniter.php(507): CodeIgniter\CodeIgniter->runController(Object(App\Controllers\Admin\TransaksiController))
#10 C:\xampp\htdocs\sistem_informasi_percetakan\system\CodeIgniter.php(354): CodeIgniter\CodeIgniter->handleRequest(NULL, Object(Config\Cache), false)
#11 C:\xampp\htdocs\sistem_informasi_percetakan\system\Boot.php(363): CodeIgniter\CodeIgniter->run()
#12 C:\xampp\htdocs\sistem_informasi_percetakan\system\Boot.php(68): CodeIgniter\Boot::runCodeIgniter(Object(CodeIgniter\CodeIgniter))
#13 C:\xampp\htdocs\sistem_informasi_percetakan\public\index.php(59): CodeIgniter\Boot::bootWeb(Object(Config\Paths))
#14 C:\xampp\htdocs\sistem_informasi_percetakan\system\rewrite.php(44): require_once('C:\\xampp\\htdocs...')
#15 {main}
CRITICAL - 2025-12-28 07:58:49 --> CodeIgniter\Database\Exceptions\DatabaseException: Cannot add or update a child row: a foreign key constraint fails (`sistem_informasi_percetakan`.`transaksi`, CONSTRAINT `transaksi_ibfk_1` FOREIGN KEY (`pelanggan_id`) REFERENCES `pelanggan` (`id`))
[Method: POST, Route: admin/transaksi]
in SYSTEMPATH\Database\BaseConnection.php on line 684.
 1 SYSTEMPATH\Database\BaseBuilder.php(2345): CodeIgniter\Database\BaseConnection->query('INSERT INTO `transaksi` (`kode`, `pelanggan_id`, `tanggal`, `status`, `catatan`, `created_at`, `updated_at`) VALUES (:kode:, :pelanggan_id:, :tanggal:, :status:, :catatan:, :created_at:, :updated_at:)', [...], false)
 2 SYSTEMPATH\Model.php(394): CodeIgniter\Database\BaseBuilder->insert()
 3 SYSTEMPATH\BaseModel.php(838): CodeIgniter\Model->doInsert([...])
 4 SYSTEMPATH\Model.php(797): CodeIgniter\BaseModel->insert([...], true)
 5 APPPATH\Controllers\BaseResourceController.php(23): CodeIgniter\Model->insert([...])
 6 SYSTEMPATH\CodeIgniter.php(933): App\Controllers\BaseResourceController->create()
 7 SYSTEMPATH\CodeIgniter.php(507): CodeIgniter\CodeIgniter->runController(Object(App\Controllers\Admin\TransaksiController))
 8 SYSTEMPATH\CodeIgniter.php(354): CodeIgniter\CodeIgniter->handleRequest(null, Object(Config\Cache), false)
 9 SYSTEMPATH\Boot.php(363): CodeIgniter\CodeIgniter->run()
10 SYSTEMPATH\Boot.php(68): CodeIgniter\Boot::runCodeIgniter(Object(CodeIgniter\CodeIgniter))
11 FCPATH\index.php(59): CodeIgniter\Boot::bootWeb(Object(Config\Paths))
12 SYSTEMPATH\rewrite.php(44): require_once('C:\\xampp\\htdocs\\sistem_informasi_percetakan\\public\\index.php')
CRITICAL - 2025-12-28 07:58:49 --> [Caused by] CodeIgniter\Database\Exceptions\DatabaseException: Cannot add or update a child row: a foreign key constraint fails (`sistem_informasi_percetakan`.`transaksi`, CONSTRAINT `transaksi_ibfk_1` FOREIGN KEY (`pelanggan_id`) REFERENCES `pelanggan` (`id`))
in SYSTEMPATH\Database\MySQLi\Connection.php on line 332.
 1 SYSTEMPATH\Database\BaseConnection.php(729): CodeIgniter\Database\MySQLi\Connection->execute('INSERT INTO `transaksi` (`kode`, `pelanggan_id`, `tanggal`, `status`, `catatan`, `created_at`, `updated_at`) VALUES (\'123\', \'1\', \'2025-12-03T14:52\', \'proses\', \'123\', \'2025-12-28 07:58:49\', \'2025-12-28 07:58:49\')')
 2 SYSTEMPATH\Database\BaseConnection.php(646): CodeIgniter\Database\BaseConnection->simpleQuery('INSERT INTO `transaksi` (`kode`, `pelanggan_id`, `tanggal`, `status`, `catatan`, `created_at`, `updated_at`) VALUES (\'123\', \'1\', \'2025-12-03T14:52\', \'proses\', \'123\', \'2025-12-28 07:58:49\', \'2025-12-28 07:58:49\')')
 3 SYSTEMPATH\Database\BaseBuilder.php(2345): CodeIgniter\Database\BaseConnection->query('INSERT INTO `transaksi` (`kode`, `pelanggan_id`, `tanggal`, `status`, `catatan`, `created_at`, `updated_at`) VALUES (:kode:, :pelanggan_id:, :tanggal:, :status:, :catatan:, :created_at:, :updated_at:)', [...], false)
 4 SYSTEMPATH\Model.php(394): CodeIgniter\Database\BaseBuilder->insert()
 5 SYSTEMPATH\BaseModel.php(838): CodeIgniter\Model->doInsert([...])
 6 SYSTEMPATH\Model.php(797): CodeIgniter\BaseModel->insert([...], true)
 7 APPPATH\Controllers\BaseResourceController.php(23): CodeIgniter\Model->insert([...])
 8 SYSTEMPATH\CodeIgniter.php(933): App\Controllers\BaseResourceController->create()
 9 SYSTEMPATH\CodeIgniter.php(507): CodeIgniter\CodeIgniter->runController(Object(App\Controllers\Admin\TransaksiController))
10 SYSTEMPATH\CodeIgniter.php(354): CodeIgniter\CodeIgniter->handleRequest(null, Object(Config\Cache), false)
11 SYSTEMPATH\Boot.php(363): CodeIgniter\CodeIgniter->run()
12 SYSTEMPATH\Boot.php(68): CodeIgniter\Boot::runCodeIgniter(Object(CodeIgniter\CodeIgniter))
13 FCPATH\index.php(59): CodeIgniter\Boot::bootWeb(Object(Config\Paths))
14 SYSTEMPATH\rewrite.php(44): require_once('C:\\xampp\\htdocs\\sistem_informasi_percetakan\\public\\index.php')
CRITICAL - 2025-12-28 07:58:49 --> [Caused by] mysqli_sql_exception: Cannot add or update a child row: a foreign key constraint fails (`sistem_informasi_percetakan`.`transaksi`, CONSTRAINT `transaksi_ibfk_1` FOREIGN KEY (`pelanggan_id`) REFERENCES `pelanggan` (`id`))
in SYSTEMPATH\Database\MySQLi\Connection.php on line 327.
 1 SYSTEMPATH\Database\MySQLi\Connection.php(327): mysqli->query('INSERT INTO `transaksi` (`kode`, `pelanggan_id`, `tanggal`, `status`, `catatan`, `created_at`, `updated_at`) VALUES (\'123\', \'1\', \'2025-12-03T14:52\', \'proses\', \'123\', \'2025-12-28 07:58:49\', \'2025-12-28 07:58:49\')', 0)
 2 SYSTEMPATH\Database\BaseConnection.php(729): CodeIgniter\Database\MySQLi\Connection->execute('INSERT INTO `transaksi` (`kode`, `pelanggan_id`, `tanggal`, `status`, `catatan`, `created_at`, `updated_at`) VALUES (\'123\', \'1\', \'2025-12-03T14:52\', \'proses\', \'123\', \'2025-12-28 07:58:49\', \'2025-12-28 07:58:49\')')
 3 SYSTEMPATH\Database\BaseConnection.php(646): CodeIgniter\Database\BaseConnection->simpleQuery('INSERT INTO `transaksi` (`kode`, `pelanggan_id`, `tanggal`, `status`, `catatan`, `created_at`, `updated_at`) VALUES (\'123\', \'1\', \'2025-12-03T14:52\', \'proses\', \'123\', \'2025-12-28 07:58:49\', \'2025-12-28 07:58:49\')')
 4 SYSTEMPATH\Database\BaseBuilder.php(2345): CodeIgniter\Database\BaseConnection->query('INSERT INTO `transaksi` (`kode`, `pelanggan_id`, `tanggal`, `status`, `catatan`, `created_at`, `updated_at`) VALUES (:kode:, :pelanggan_id:, :tanggal:, :status:, :catatan:, :created_at:, :updated_at:)', [...], false)
 5 SYSTEMPATH\Model.php(394): CodeIgniter\Database\BaseBuilder->insert()
 6 SYSTEMPATH\BaseModel.php(838): CodeIgniter\Model->doInsert([...])
 7 SYSTEMPATH\Model.php(797): CodeIgniter\BaseModel->insert([...], true)
 8 APPPATH\Controllers\BaseResourceController.php(23): CodeIgniter\Model->insert([...])
 9 SYSTEMPATH\CodeIgniter.php(933): App\Controllers\BaseResourceController->create()
10 SYSTEMPATH\CodeIgniter.php(507): CodeIgniter\CodeIgniter->runController(Object(App\Controllers\Admin\TransaksiController))
11 SYSTEMPATH\CodeIgniter.php(354): CodeIgniter\CodeIgniter->handleRequest(null, Object(Config\Cache), false)
12 SYSTEMPATH\Boot.php(363): CodeIgniter\CodeIgniter->run()
13 SYSTEMPATH\Boot.php(68): CodeIgniter\Boot::runCodeIgniter(Object(CodeIgniter\CodeIgniter))
14 FCPATH\index.php(59): CodeIgniter\Boot::bootWeb(Object(Config\Paths))
15 SYSTEMPATH\rewrite.php(44): require_once('C:\\xampp\\htdocs\\sistem_informasi_percetakan\\public\\index.php')
DEBUG - 2025-12-28 07:58:52 --> Session: Class initialized using 'CodeIgniter\Session\Handlers\FileHandler' driver.
WARNING - 2025-12-28 07:58:55 --> [DEPRECATED] Setting lowercase HTTP method key "post" is deprecated. Use uppercase HTTP method like "POST". in SYSTEMPATH\Filters\Filters.php on line 744.
 1 SYSTEMPATH\Filters\Filters.php(744): trigger_error('Setting lowercase HTTP method key "post" is deprecated. Use uppercase HTTP method like "POST".', 16384)
 2 SYSTEMPATH\Filters\Filters.php(475): CodeIgniter\Filters\Filters->processMethods()
 3 SYSTEMPATH\Filters\Filters.php(218): CodeIgniter\Filters\Filters->initialize('admin/transaksi')
 4 SYSTEMPATH\CodeIgniter.php(479): CodeIgniter\Filters\Filters->run('admin/transaksi', 'before')
 5 SYSTEMPATH\CodeIgniter.php(354): CodeIgniter\CodeIgniter->handleRequest(null, Object(Config\Cache), false)
 6 SYSTEMPATH\Boot.php(363): CodeIgniter\CodeIgniter->run()
 7 SYSTEMPATH\Boot.php(68): CodeIgniter\Boot::runCodeIgniter(Object(CodeIgniter\CodeIgniter))
 8 FCPATH\index.php(59): CodeIgniter\Boot::bootWeb(Object(Config\Paths))
 9 SYSTEMPATH\rewrite.php(44): require_once('C:\\xampp\\htdocs\\sistem_informasi_percetakan\\public\\index.php')
INFO - 2025-12-28 07:58:55 --> CSRF token verified.
DEBUG - 2025-12-28 07:58:55 --> Session: Class initialized using 'CodeIgniter\Session\Handlers\FileHandler' driver.
ERROR - 2025-12-28 07:58:55 --> mysqli_sql_exception: Cannot add or update a child row: a foreign key constraint fails (`sistem_informasi_percetakan`.`transaksi`, CONSTRAINT `transaksi_ibfk_1` FOREIGN KEY (`pelanggan_id`) REFERENCES `pelanggan` (`id`)) in C:\xampp\htdocs\sistem_informasi_percetakan\system\Database\MySQLi\Connection.php:327
Stack trace:
#0 C:\xampp\htdocs\sistem_informasi_percetakan\system\Database\MySQLi\Connection.php(327): mysqli->query('INSERT INTO `tr...', 0)
#1 C:\xampp\htdocs\sistem_informasi_percetakan\system\Database\BaseConnection.php(729): CodeIgniter\Database\MySQLi\Connection->execute('INSERT INTO `tr...')
#2 C:\xampp\htdocs\sistem_informasi_percetakan\system\Database\BaseConnection.php(646): CodeIgniter\Database\BaseConnection->simpleQuery('INSERT INTO `tr...')
#3 C:\xampp\htdocs\sistem_informasi_percetakan\system\Database\BaseBuilder.php(2345): CodeIgniter\Database\BaseConnection->query('INSERT INTO `tr...', Array, false)
#4 C:\xampp\htdocs\sistem_informasi_percetakan\system\Model.php(394): CodeIgniter\Database\BaseBuilder->insert()
#5 C:\xampp\htdocs\sistem_informasi_percetakan\system\BaseModel.php(838): CodeIgniter\Model->doInsert(Array)
#6 C:\xampp\htdocs\sistem_informasi_percetakan\system\Model.php(797): CodeIgniter\BaseModel->insert(Array, true)
#7 C:\xampp\htdocs\sistem_informasi_percetakan\app\Controllers\BaseResourceController.php(23): CodeIgniter\Model->insert(Array)
#8 C:\xampp\htdocs\sistem_informasi_percetakan\system\CodeIgniter.php(933): App\Controllers\BaseResourceController->create()
#9 C:\xampp\htdocs\sistem_informasi_percetakan\system\CodeIgniter.php(507): CodeIgniter\CodeIgniter->runController(Object(App\Controllers\Admin\TransaksiController))
#10 C:\xampp\htdocs\sistem_informasi_percetakan\system\CodeIgniter.php(354): CodeIgniter\CodeIgniter->handleRequest(NULL, Object(Config\Cache), false)
#11 C:\xampp\htdocs\sistem_informasi_percetakan\system\Boot.php(363): CodeIgniter\CodeIgniter->run()
#12 C:\xampp\htdocs\sistem_informasi_percetakan\system\Boot.php(68): CodeIgniter\Boot::runCodeIgniter(Object(CodeIgniter\CodeIgniter))
#13 C:\xampp\htdocs\sistem_informasi_percetakan\public\index.php(59): CodeIgniter\Boot::bootWeb(Object(Config\Paths))
#14 C:\xampp\htdocs\sistem_informasi_percetakan\system\rewrite.php(44): require_once('C:\\xampp\\htdocs...')
#15 {main}
CRITICAL - 2025-12-28 07:58:55 --> CodeIgniter\Database\Exceptions\DatabaseException: Cannot add or update a child row: a foreign key constraint fails (`sistem_informasi_percetakan`.`transaksi`, CONSTRAINT `transaksi_ibfk_1` FOREIGN KEY (`pelanggan_id`) REFERENCES `pelanggan` (`id`))
[Method: POST, Route: admin/transaksi]
in SYSTEMPATH\Database\BaseConnection.php on line 684.
 1 SYSTEMPATH\Database\BaseBuilder.php(2345): CodeIgniter\Database\BaseConnection->query('INSERT INTO `transaksi` (`kode`, `pelanggan_id`, `tanggal`, `status`, `catatan`, `created_at`, `updated_at`) VALUES (:kode:, :pelanggan_id:, :tanggal:, :status:, :catatan:, :created_at:, :updated_at:)', [...], false)
 2 SYSTEMPATH\Model.php(394): CodeIgniter\Database\BaseBuilder->insert()
 3 SYSTEMPATH\BaseModel.php(838): CodeIgniter\Model->doInsert([...])
 4 SYSTEMPATH\Model.php(797): CodeIgniter\BaseModel->insert([...], true)
 5 APPPATH\Controllers\BaseResourceController.php(23): CodeIgniter\Model->insert([...])
 6 SYSTEMPATH\CodeIgniter.php(933): App\Controllers\BaseResourceController->create()
 7 SYSTEMPATH\CodeIgniter.php(507): CodeIgniter\CodeIgniter->runController(Object(App\Controllers\Admin\TransaksiController))
 8 SYSTEMPATH\CodeIgniter.php(354): CodeIgniter\CodeIgniter->handleRequest(null, Object(Config\Cache), false)
 9 SYSTEMPATH\Boot.php(363): CodeIgniter\CodeIgniter->run()
10 SYSTEMPATH\Boot.php(68): CodeIgniter\Boot::runCodeIgniter(Object(CodeIgniter\CodeIgniter))
11 FCPATH\index.php(59): CodeIgniter\Boot::bootWeb(Object(Config\Paths))
12 SYSTEMPATH\rewrite.php(44): require_once('C:\\xampp\\htdocs\\sistem_informasi_percetakan\\public\\index.php')
CRITICAL - 2025-12-28 07:58:55 --> [Caused by] CodeIgniter\Database\Exceptions\DatabaseException: Cannot add or update a child row: a foreign key constraint fails (`sistem_informasi_percetakan`.`transaksi`, CONSTRAINT `transaksi_ibfk_1` FOREIGN KEY (`pelanggan_id`) REFERENCES `pelanggan` (`id`))
in SYSTEMPATH\Database\MySQLi\Connection.php on line 332.
 1 SYSTEMPATH\Database\BaseConnection.php(729): CodeIgniter\Database\MySQLi\Connection->execute('INSERT INTO `transaksi` (`kode`, `pelanggan_id`, `tanggal`, `status`, `catatan`, `created_at`, `updated_at`) VALUES (\'123\', \'1\', \'2025-12-03T14:52\', \'proses\', \'123\', \'2025-12-28 07:58:55\', \'2025-12-28 07:58:55\')')
 2 SYSTEMPATH\Database\BaseConnection.php(646): CodeIgniter\Database\BaseConnection->simpleQuery('INSERT INTO `transaksi` (`kode`, `pelanggan_id`, `tanggal`, `status`, `catatan`, `created_at`, `updated_at`) VALUES (\'123\', \'1\', \'2025-12-03T14:52\', \'proses\', \'123\', \'2025-12-28 07:58:55\', \'2025-12-28 07:58:55\')')
 3 SYSTEMPATH\Database\BaseBuilder.php(2345): CodeIgniter\Database\BaseConnection->query('INSERT INTO `transaksi` (`kode`, `pelanggan_id`, `tanggal`, `status`, `catatan`, `created_at`, `updated_at`) VALUES (:kode:, :pelanggan_id:, :tanggal:, :status:, :catatan:, :created_at:, :updated_at:)', [...], false)
 4 SYSTEMPATH\Model.php(394): CodeIgniter\Database\BaseBuilder->insert()
 5 SYSTEMPATH\BaseModel.php(838): CodeIgniter\Model->doInsert([...])
 6 SYSTEMPATH\Model.php(797): CodeIgniter\BaseModel->insert([...], true)
 7 APPPATH\Controllers\BaseResourceController.php(23): CodeIgniter\Model->insert([...])
 8 SYSTEMPATH\CodeIgniter.php(933): App\Controllers\BaseResourceController->create()
 9 SYSTEMPATH\CodeIgniter.php(507): CodeIgniter\CodeIgniter->runController(Object(App\Controllers\Admin\TransaksiController))
10 SYSTEMPATH\CodeIgniter.php(354): CodeIgniter\CodeIgniter->handleRequest(null, Object(Config\Cache), false)
11 SYSTEMPATH\Boot.php(363): CodeIgniter\CodeIgniter->run()
12 SYSTEMPATH\Boot.php(68): CodeIgniter\Boot::runCodeIgniter(Object(CodeIgniter\CodeIgniter))
13 FCPATH\index.php(59): CodeIgniter\Boot::bootWeb(Object(Config\Paths))
14 SYSTEMPATH\rewrite.php(44): require_once('C:\\xampp\\htdocs\\sistem_informasi_percetakan\\public\\index.php')
CRITICAL - 2025-12-28 07:58:55 --> [Caused by] mysqli_sql_exception: Cannot add or update a child row: a foreign key constraint fails (`sistem_informasi_percetakan`.`transaksi`, CONSTRAINT `transaksi_ibfk_1` FOREIGN KEY (`pelanggan_id`) REFERENCES `pelanggan` (`id`))
in SYSTEMPATH\Database\MySQLi\Connection.php on line 327.
 1 SYSTEMPATH\Database\MySQLi\Connection.php(327): mysqli->query('INSERT INTO `transaksi` (`kode`, `pelanggan_id`, `tanggal`, `status`, `catatan`, `created_at`, `updated_at`) VALUES (\'123\', \'1\', \'2025-12-03T14:52\', \'proses\', \'123\', \'2025-12-28 07:58:55\', \'2025-12-28 07:58:55\')', 0)
 2 SYSTEMPATH\Database\BaseConnection.php(729): CodeIgniter\Database\MySQLi\Connection->execute('INSERT INTO `transaksi` (`kode`, `pelanggan_id`, `tanggal`, `status`, `catatan`, `created_at`, `updated_at`) VALUES (\'123\', \'1\', \'2025-12-03T14:52\', \'proses\', \'123\', \'2025-12-28 07:58:55\', \'2025-12-28 07:58:55\')')
 3 SYSTEMPATH\Database\BaseConnection.php(646): CodeIgniter\Database\BaseConnection->simpleQuery('INSERT INTO `transaksi` (`kode`, `pelanggan_id`, `tanggal`, `status`, `catatan`, `created_at`, `updated_at`) VALUES (\'123\', \'1\', \'2025-12-03T14:52\', \'proses\', \'123\', \'2025-12-28 07:58:55\', \'2025-12-28 07:58:55\')')
 4 SYSTEMPATH\Database\BaseBuilder.php(2345): CodeIgniter\Database\BaseConnection->query('INSERT INTO `transaksi` (`kode`, `pelanggan_id`, `tanggal`, `status`, `catatan`, `created_at`, `updated_at`) VALUES (:kode:, :pelanggan_id:, :tanggal:, :status:, :catatan:, :created_at:, :updated_at:)', [...], false)
 5 SYSTEMPATH\Model.php(394): CodeIgniter\Database\BaseBuilder->insert()
 6 SYSTEMPATH\BaseModel.php(838): CodeIgniter\Model->doInsert([...])
 7 SYSTEMPATH\Model.php(797): CodeIgniter\BaseModel->insert([...], true)
 8 APPPATH\Controllers\BaseResourceController.php(23): CodeIgniter\Model->insert([...])
 9 SYSTEMPATH\CodeIgniter.php(933): App\Controllers\BaseResourceController->create()
10 SYSTEMPATH\CodeIgniter.php(507): CodeIgniter\CodeIgniter->runController(Object(App\Controllers\Admin\TransaksiController))
11 SYSTEMPATH\CodeIgniter.php(354): CodeIgniter\CodeIgniter->handleRequest(null, Object(Config\Cache), false)
12 SYSTEMPATH\Boot.php(363): CodeIgniter\CodeIgniter->run()
13 SYSTEMPATH\Boot.php(68): CodeIgniter\Boot::runCodeIgniter(Object(CodeIgniter\CodeIgniter))
14 FCPATH\index.php(59): CodeIgniter\Boot::bootWeb(Object(Config\Paths))
15 SYSTEMPATH\rewrite.php(44): require_once('C:\\xampp\\htdocs\\sistem_informasi_percetakan\\public\\index.php')
DEBUG - 2025-12-28 07:59:04 --> Session: Class initialized using 'CodeIgniter\Session\Handlers\FileHandler' driver.
DEBUG - 2025-12-28 08:02:24 --> Session: Class initialized using 'CodeIgniter\Session\Handlers\FileHandler' driver.
DEBUG - 2025-12-28 08:02:39 --> Session: Class initialized using 'CodeIgniter\Session\Handlers\FileHandler' driver.
DEBUG - 2025-12-28 08:02:47 --> Session: Class initialized using 'CodeIgniter\Session\Handlers\FileHandler' driver.
DEBUG - 2025-12-28 08:03:03 --> Session: Class initialized using 'CodeIgniter\Session\Handlers\FileHandler' driver.
DEBUG - 2025-12-28 08:03:09 --> Session: Class initialized using 'CodeIgniter\Session\Handlers\FileHandler' driver.
DEBUG - 2025-12-28 08:03:11 --> Session: Class initialized using 'CodeIgniter\Session\Handlers\FileHandler' driver.
DEBUG - 2025-12-28 08:03:12 --> Session: Class initialized using 'CodeIgniter\Session\Handlers\FileHandler' driver.
DEBUG - 2025-12-28 08:03:15 --> Session: Class initialized using 'CodeIgniter\Session\Handlers\FileHandler' driver.
WARNING - 2025-12-28 08:03:31 --> [DEPRECATED] Setting lowercase HTTP method key "post" is deprecated. Use uppercase HTTP method like "POST". in SYSTEMPATH\Filters\Filters.php on line 744.
 1 SYSTEMPATH\Filters\Filters.php(744): trigger_error('Setting lowercase HTTP method key "post" is deprecated. Use uppercase HTTP method like "POST".', 16384)
 2 SYSTEMPATH\Filters\Filters.php(475): CodeIgniter\Filters\Filters->processMethods()
 3 SYSTEMPATH\Filters\Filters.php(218): CodeIgniter\Filters\Filters->initialize('admin/transaksi')
 4 SYSTEMPATH\CodeIgniter.php(479): CodeIgniter\Filters\Filters->run('admin/transaksi', 'before')
 5 SYSTEMPATH\CodeIgniter.php(354): CodeIgniter\CodeIgniter->handleRequest(null, Object(Config\Cache), false)
 6 SYSTEMPATH\Boot.php(363): CodeIgniter\CodeIgniter->run()
 7 SYSTEMPATH\Boot.php(68): CodeIgniter\Boot::runCodeIgniter(Object(CodeIgniter\CodeIgniter))
 8 FCPATH\index.php(59): CodeIgniter\Boot::bootWeb(Object(Config\Paths))
 9 SYSTEMPATH\rewrite.php(44): require_once('C:\\xampp\\htdocs\\sistem_informasi_percetakan\\public\\index.php')
INFO - 2025-12-28 08:03:31 --> CSRF token verified.
DEBUG - 2025-12-28 08:03:31 --> Session: Class initialized using 'CodeIgniter\Session\Handlers\FileHandler' driver.
DEBUG - 2025-12-28 08:03:32 --> Session: Class initialized using 'CodeIgniter\Session\Handlers\FileHandler' driver.
DEBUG - 2025-12-28 08:03:39 --> Session: Class initialized using 'CodeIgniter\Session\Handlers\FileHandler' driver.
DEBUG - 2025-12-28 08:03:41 --> Session: Class initialized using 'CodeIgniter\Session\Handlers\FileHandler' driver.
DEBUG - 2025-12-28 08:03:45 --> Session: Class initialized using 'CodeIgniter\Session\Handlers\FileHandler' driver.
DEBUG - 2025-12-28 08:03:55 --> Session: Class initialized using 'CodeIgniter\Session\Handlers\FileHandler' driver.
DEBUG - 2025-12-28 08:03:57 --> Session: Class initialized using 'CodeIgniter\Session\Handlers\FileHandler' driver.
DEBUG - 2025-12-28 08:04:00 --> Session: Class initialized using 'CodeIgniter\Session\Handlers\FileHandler' driver.
DEBUG - 2025-12-28 08:04:01 --> Session: Class initialized using 'CodeIgniter\Session\Handlers\FileHandler' driver.
DEBUG - 2025-12-28 08:04:05 --> Session: Class initialized using 'CodeIgniter\Session\Handlers\FileHandler' driver.
CRITICAL - 2025-12-28 08:04:05 --> CodeIgniter\View\Exceptions\ViewException: Invalid file: "modules/layanancreate.php"
[Method: GET, Route: admin/layanan/new]
in SYSTEMPATH\Exceptions\FrameworkException.php on line 39.
 1 SYSTEMPATH\View\View.php(214): CodeIgniter\Exceptions\FrameworkException::forInvalidFile('modules/layanancreate.php')
 2 SYSTEMPATH\Common.php(1199): CodeIgniter\View\View->render('modules/layanancreate', [], true)
 3 APPPATH\Controllers\BaseResourceController.php(18): view('modules/layanancreate')
 4 SYSTEMPATH\CodeIgniter.php(933): App\Controllers\BaseResourceController->new()
 5 SYSTEMPATH\CodeIgniter.php(507): CodeIgniter\CodeIgniter->runController(Object(App\Controllers\Admin\LayananController))
 6 SYSTEMPATH\CodeIgniter.php(354): CodeIgniter\CodeIgniter->handleRequest(null, Object(Config\Cache), false)
 7 SYSTEMPATH\Boot.php(363): CodeIgniter\CodeIgniter->run()
 8 SYSTEMPATH\Boot.php(68): CodeIgniter\Boot::runCodeIgniter(Object(CodeIgniter\CodeIgniter))
 9 FCPATH\index.php(59): CodeIgniter\Boot::bootWeb(Object(Config\Paths))
10 SYSTEMPATH\rewrite.php(44): require_once('C:\\xampp\\htdocs\\sistem_informasi_percetakan\\public\\index.php')
DEBUG - 2025-12-28 08:07:25 --> Session: Class initialized using 'CodeIgniter\Session\Handlers\FileHandler' driver.
WARNING - 2025-12-28 08:07:49 --> [DEPRECATED] Setting lowercase HTTP method key "post" is deprecated. Use uppercase HTTP method like "POST". in SYSTEMPATH\Filters\Filters.php on line 744.
 1 SYSTEMPATH\Filters\Filters.php(744): trigger_error('Setting lowercase HTTP method key "post" is deprecated. Use uppercase HTTP method like "POST".', 16384)
 2 SYSTEMPATH\Filters\Filters.php(475): CodeIgniter\Filters\Filters->processMethods()
 3 SYSTEMPATH\Filters\Filters.php(218): CodeIgniter\Filters\Filters->initialize('admin/layanan')
 4 SYSTEMPATH\CodeIgniter.php(479): CodeIgniter\Filters\Filters->run('admin/layanan', 'before')
 5 SYSTEMPATH\CodeIgniter.php(354): CodeIgniter\CodeIgniter->handleRequest(null, Object(Config\Cache), false)
 6 SYSTEMPATH\Boot.php(363): CodeIgniter\CodeIgniter->run()
 7 SYSTEMPATH\Boot.php(68): CodeIgniter\Boot::runCodeIgniter(Object(CodeIgniter\CodeIgniter))
 8 FCPATH\index.php(59): CodeIgniter\Boot::bootWeb(Object(Config\Paths))
 9 SYSTEMPATH\rewrite.php(44): require_once('C:\\xampp\\htdocs\\sistem_informasi_percetakan\\public\\index.php')
INFO - 2025-12-28 08:07:49 --> CSRF token verified.
DEBUG - 2025-12-28 08:07:49 --> Session: Class initialized using 'CodeIgniter\Session\Handlers\FileHandler' driver.
DEBUG - 2025-12-28 08:07:50 --> Session: Class initialized using 'CodeIgniter\Session\Handlers\FileHandler' driver.
DEBUG - 2025-12-28 08:08:09 --> Session: Class initialized using 'CodeIgniter\Session\Handlers\FileHandler' driver.
DEBUG - 2025-12-28 08:08:10 --> Session: Class initialized using 'CodeIgniter\Session\Handlers\FileHandler' driver.
WARNING - 2025-12-28 08:08:15 --> [DEPRECATED] Setting lowercase HTTP method key "delete" is deprecated. Use uppercase HTTP method like "DELETE". in SYSTEMPATH\Filters\Filters.php on line 744.
 1 SYSTEMPATH\Filters\Filters.php(744): trigger_error('Setting lowercase HTTP method key "delete" is deprecated. Use uppercase HTTP method like "DELETE".', 16384)
 2 SYSTEMPATH\Filters\Filters.php(475): CodeIgniter\Filters\Filters->processMethods()
 3 SYSTEMPATH\Filters\Filters.php(218): CodeIgniter\Filters\Filters->initialize('admin/layanan/3')
 4 SYSTEMPATH\CodeIgniter.php(479): CodeIgniter\Filters\Filters->run('admin/layanan/3', 'before')
 5 SYSTEMPATH\CodeIgniter.php(354): CodeIgniter\CodeIgniter->handleRequest(null, Object(Config\Cache), false)
 6 SYSTEMPATH\Boot.php(363): CodeIgniter\CodeIgniter->run()
 7 SYSTEMPATH\Boot.php(68): CodeIgniter\Boot::runCodeIgniter(Object(CodeIgniter\CodeIgniter))
 8 FCPATH\index.php(59): CodeIgniter\Boot::bootWeb(Object(Config\Paths))
 9 SYSTEMPATH\rewrite.php(44): require_once('C:\\xampp\\htdocs\\sistem_informasi_percetakan\\public\\index.php')
INFO - 2025-12-28 08:08:15 --> CSRF token verified.
DEBUG - 2025-12-28 08:08:15 --> Session: Class initialized using 'CodeIgniter\Session\Handlers\FileHandler' driver.
DEBUG - 2025-12-28 08:08:15 --> Session: Class initialized using 'CodeIgniter\Session\Handlers\FileHandler' driver.
DEBUG - 2025-12-28 08:08:19 --> Session: Class initialized using 'CodeIgniter\Session\Handlers\FileHandler' driver.
DEBUG - 2025-12-28 08:08:22 --> Session: Class initialized using 'CodeIgniter\Session\Handlers\FileHandler' driver.
CRITICAL - 2025-12-28 08:08:22 --> CodeIgniter\View\Exceptions\ViewException: Invalid file: "modules/suppliercreate.php"
[Method: GET, Route: admin/supplier/new]
in SYSTEMPATH\Exceptions\FrameworkException.php on line 39.
 1 SYSTEMPATH\View\View.php(214): CodeIgniter\Exceptions\FrameworkException::forInvalidFile('modules/suppliercreate.php')
 2 SYSTEMPATH\Common.php(1199): CodeIgniter\View\View->render('modules/suppliercreate', [], true)
 3 APPPATH\Controllers\BaseResourceController.php(18): view('modules/suppliercreate')
 4 SYSTEMPATH\CodeIgniter.php(933): App\Controllers\BaseResourceController->new()
 5 SYSTEMPATH\CodeIgniter.php(507): CodeIgniter\CodeIgniter->runController(Object(App\Controllers\Admin\SupplierController))
 6 SYSTEMPATH\CodeIgniter.php(354): CodeIgniter\CodeIgniter->handleRequest(null, Object(Config\Cache), false)
 7 SYSTEMPATH\Boot.php(363): CodeIgniter\CodeIgniter->run()
 8 SYSTEMPATH\Boot.php(68): CodeIgniter\Boot::runCodeIgniter(Object(CodeIgniter\CodeIgniter))
 9 FCPATH\index.php(59): CodeIgniter\Boot::bootWeb(Object(Config\Paths))
10 SYSTEMPATH\rewrite.php(44): require_once('C:\\xampp\\htdocs\\sistem_informasi_percetakan\\public\\index.php')
DEBUG - 2025-12-28 08:09:42 --> Session: Class initialized using 'CodeIgniter\Session\Handlers\FileHandler' driver.
WARNING - 2025-12-28 08:10:10 --> [DEPRECATED] Setting lowercase HTTP method key "post" is deprecated. Use uppercase HTTP method like "POST". in SYSTEMPATH\Filters\Filters.php on line 744.
 1 SYSTEMPATH\Filters\Filters.php(744): trigger_error('Setting lowercase HTTP method key "post" is deprecated. Use uppercase HTTP method like "POST".', 16384)
 2 SYSTEMPATH\Filters\Filters.php(475): CodeIgniter\Filters\Filters->processMethods()
 3 SYSTEMPATH\Filters\Filters.php(218): CodeIgniter\Filters\Filters->initialize('admin/supplier')
 4 SYSTEMPATH\CodeIgniter.php(479): CodeIgniter\Filters\Filters->run('admin/supplier', 'before')
 5 SYSTEMPATH\CodeIgniter.php(354): CodeIgniter\CodeIgniter->handleRequest(null, Object(Config\Cache), false)
 6 SYSTEMPATH\Boot.php(363): CodeIgniter\CodeIgniter->run()
 7 SYSTEMPATH\Boot.php(68): CodeIgniter\Boot::runCodeIgniter(Object(CodeIgniter\CodeIgniter))
 8 FCPATH\index.php(59): CodeIgniter\Boot::bootWeb(Object(Config\Paths))
 9 SYSTEMPATH\rewrite.php(44): require_once('C:\\xampp\\htdocs\\sistem_informasi_percetakan\\public\\index.php')
INFO - 2025-12-28 08:10:10 --> CSRF token verified.
DEBUG - 2025-12-28 08:10:10 --> Session: Class initialized using 'CodeIgniter\Session\Handlers\FileHandler' driver.
DEBUG - 2025-12-28 08:10:11 --> Session: Class initialized using 'CodeIgniter\Session\Handlers\FileHandler' driver.
WARNING - 2025-12-28 08:10:16 --> [DEPRECATED] Setting lowercase HTTP method key "delete" is deprecated. Use uppercase HTTP method like "DELETE". in SYSTEMPATH\Filters\Filters.php on line 744.
 1 SYSTEMPATH\Filters\Filters.php(744): trigger_error('Setting lowercase HTTP method key "delete" is deprecated. Use uppercase HTTP method like "DELETE".', 16384)
 2 SYSTEMPATH\Filters\Filters.php(475): CodeIgniter\Filters\Filters->processMethods()
 3 SYSTEMPATH\Filters\Filters.php(218): CodeIgniter\Filters\Filters->initialize('admin/supplier/2')
 4 SYSTEMPATH\CodeIgniter.php(479): CodeIgniter\Filters\Filters->run('admin/supplier/2', 'before')
 5 SYSTEMPATH\CodeIgniter.php(354): CodeIgniter\CodeIgniter->handleRequest(null, Object(Config\Cache), false)
 6 SYSTEMPATH\Boot.php(363): CodeIgniter\CodeIgniter->run()
 7 SYSTEMPATH\Boot.php(68): CodeIgniter\Boot::runCodeIgniter(Object(CodeIgniter\CodeIgniter))
 8 FCPATH\index.php(59): CodeIgniter\Boot::bootWeb(Object(Config\Paths))
 9 SYSTEMPATH\rewrite.php(44): require_once('C:\\xampp\\htdocs\\sistem_informasi_percetakan\\public\\index.php')
INFO - 2025-12-28 08:10:16 --> CSRF token verified.
DEBUG - 2025-12-28 08:10:16 --> Session: Class initialized using 'CodeIgniter\Session\Handlers\FileHandler' driver.
DEBUG - 2025-12-28 08:10:16 --> Session: Class initialized using 'CodeIgniter\Session\Handlers\FileHandler' driver.
DEBUG - 2025-12-28 08:10:19 --> Session: Class initialized using 'CodeIgniter\Session\Handlers\FileHandler' driver.
DEBUG - 2025-12-28 08:10:33 --> Session: Class initialized using 'CodeIgniter\Session\Handlers\FileHandler' driver.
DEBUG - 2025-12-28 08:19:45 --> Session: Class initialized using 'CodeIgniter\Session\Handlers\FileHandler' driver.
WARNING - 2025-12-28 08:20:02 --> [DEPRECATED] Setting lowercase HTTP method key "put" is deprecated. Use uppercase HTTP method like "PUT". in SYSTEMPATH\Filters\Filters.php on line 744.
 1 SYSTEMPATH\Filters\Filters.php(744): trigger_error('Setting lowercase HTTP method key "put" is deprecated. Use uppercase HTTP method like "PUT".', 16384)
 2 SYSTEMPATH\Filters\Filters.php(475): CodeIgniter\Filters\Filters->processMethods()
 3 SYSTEMPATH\Filters\Filters.php(218): CodeIgniter\Filters\Filters->initialize('admin/transaksi/7')
 4 SYSTEMPATH\CodeIgniter.php(479): CodeIgniter\Filters\Filters->run('admin/transaksi/7', 'before')
 5 SYSTEMPATH\CodeIgniter.php(354): CodeIgniter\CodeIgniter->handleRequest(null, Object(Config\Cache), false)
 6 SYSTEMPATH\Boot.php(363): CodeIgniter\CodeIgniter->run()
 7 SYSTEMPATH\Boot.php(68): CodeIgniter\Boot::runCodeIgniter(Object(CodeIgniter\CodeIgniter))
 8 FCPATH\index.php(59): CodeIgniter\Boot::bootWeb(Object(Config\Paths))
 9 SYSTEMPATH\rewrite.php(44): require_once('C:\\xampp\\htdocs\\sistem_informasi_percetakan\\public\\index.php')
INFO - 2025-12-28 08:20:02 --> CSRF token verified.
DEBUG - 2025-12-28 08:20:02 --> Session: Class initialized using 'CodeIgniter\Session\Handlers\FileHandler' driver.
DEBUG - 2025-12-28 08:20:03 --> Session: Class initialized using 'CodeIgniter\Session\Handlers\FileHandler' driver.
DEBUG - 2025-12-28 08:20:06 --> Session: Class initialized using 'CodeIgniter\Session\Handlers\FileHandler' driver.
DEBUG - 2025-12-28 08:20:16 --> Session: Class initialized using 'CodeIgniter\Session\Handlers\FileHandler' driver.
DEBUG - 2025-12-28 08:20:19 --> Session: Class initialized using 'CodeIgniter\Session\Handlers\FileHandler' driver.
CRITICAL - 2025-12-28 08:20:19 --> CodeIgniter\View\Exceptions\ViewException: Invalid file: "modules/pembayarancreate.php"
[Method: GET, Route: admin/pembayaran/new]
in SYSTEMPATH\Exceptions\FrameworkException.php on line 39.
 1 SYSTEMPATH\View\View.php(214): CodeIgniter\Exceptions\FrameworkException::forInvalidFile('modules/pembayarancreate.php')
 2 SYSTEMPATH\Common.php(1199): CodeIgniter\View\View->render('modules/pembayarancreate', [], true)
 3 APPPATH\Controllers\BaseResourceController.php(18): view('modules/pembayarancreate')
 4 SYSTEMPATH\CodeIgniter.php(933): App\Controllers\BaseResourceController->new()
 5 SYSTEMPATH\CodeIgniter.php(507): CodeIgniter\CodeIgniter->runController(Object(App\Controllers\Admin\PembayaranController))
 6 SYSTEMPATH\CodeIgniter.php(354): CodeIgniter\CodeIgniter->handleRequest(null, Object(Config\Cache), false)
 7 SYSTEMPATH\Boot.php(363): CodeIgniter\CodeIgniter->run()
 8 SYSTEMPATH\Boot.php(68): CodeIgniter\Boot::runCodeIgniter(Object(CodeIgniter\CodeIgniter))
 9 FCPATH\index.php(59): CodeIgniter\Boot::bootWeb(Object(Config\Paths))
10 SYSTEMPATH\rewrite.php(44): require_once('C:\\xampp\\htdocs\\sistem_informasi_percetakan\\public\\index.php')
DEBUG - 2025-12-28 08:23:20 --> Session: Class initialized using 'CodeIgniter\Session\Handlers\FileHandler' driver.
DEBUG - 2025-12-28 08:23:22 --> Session: Class initialized using 'CodeIgniter\Session\Handlers\FileHandler' driver.
CRITICAL - 2025-12-28 08:23:22 --> CodeIgniter\View\Exceptions\ViewException: Invalid file: "modules/pembayarancreate.php"
[Method: GET, Route: admin/pembayaran/new]
in SYSTEMPATH\Exceptions\FrameworkException.php on line 39.
 1 SYSTEMPATH\View\View.php(214): CodeIgniter\Exceptions\FrameworkException::forInvalidFile('modules/pembayarancreate.php')
 2 SYSTEMPATH\Common.php(1199): CodeIgniter\View\View->render('modules/pembayarancreate', [], true)
 3 APPPATH\Controllers\BaseResourceController.php(18): view('modules/pembayarancreate')
 4 SYSTEMPATH\CodeIgniter.php(933): App\Controllers\BaseResourceController->new()
 5 SYSTEMPATH\CodeIgniter.php(507): CodeIgniter\CodeIgniter->runController(Object(App\Controllers\Admin\PembayaranController))
 6 SYSTEMPATH\CodeIgniter.php(354): CodeIgniter\CodeIgniter->handleRequest(null, Object(Config\Cache), false)
 7 SYSTEMPATH\Boot.php(363): CodeIgniter\CodeIgniter->run()
 8 SYSTEMPATH\Boot.php(68): CodeIgniter\Boot::runCodeIgniter(Object(CodeIgniter\CodeIgniter))
 9 FCPATH\index.php(59): CodeIgniter\Boot::bootWeb(Object(Config\Paths))
10 SYSTEMPATH\rewrite.php(44): require_once('C:\\xampp\\htdocs\\sistem_informasi_percetakan\\public\\index.php')
DEBUG - 2025-12-28 08:25:15 --> Session: Class initialized using 'CodeIgniter\Session\Handlers\FileHandler' driver.
WARNING - 2025-12-28 08:25:42 --> [DEPRECATED] Setting lowercase HTTP method key "post" is deprecated. Use uppercase HTTP method like "POST". in SYSTEMPATH\Filters\Filters.php on line 744.
 1 SYSTEMPATH\Filters\Filters.php(744): trigger_error('Setting lowercase HTTP method key "post" is deprecated. Use uppercase HTTP method like "POST".', 16384)
 2 SYSTEMPATH\Filters\Filters.php(475): CodeIgniter\Filters\Filters->processMethods()
 3 SYSTEMPATH\Filters\Filters.php(218): CodeIgniter\Filters\Filters->initialize('admin/pembayaran')
 4 SYSTEMPATH\CodeIgniter.php(479): CodeIgniter\Filters\Filters->run('admin/pembayaran', 'before')
 5 SYSTEMPATH\CodeIgniter.php(354): CodeIgniter\CodeIgniter->handleRequest(null, Object(Config\Cache), false)
 6 SYSTEMPATH\Boot.php(363): CodeIgniter\CodeIgniter->run()
 7 SYSTEMPATH\Boot.php(68): CodeIgniter\Boot::runCodeIgniter(Object(CodeIgniter\CodeIgniter))
 8 FCPATH\index.php(59): CodeIgniter\Boot::bootWeb(Object(Config\Paths))
 9 SYSTEMPATH\rewrite.php(44): require_once('C:\\xampp\\htdocs\\sistem_informasi_percetakan\\public\\index.php')
INFO - 2025-12-28 08:25:42 --> CSRF token verified.
DEBUG - 2025-12-28 08:25:42 --> Session: Class initialized using 'CodeIgniter\Session\Handlers\FileHandler' driver.
DEBUG - 2025-12-28 08:25:42 --> Session: Class initialized using 'CodeIgniter\Session\Handlers\FileHandler' driver.
DEBUG - 2025-12-28 08:27:52 --> Session: Class initialized using 'CodeIgniter\Session\Handlers\FileHandler' driver.
WARNING - 2025-12-28 08:28:00 --> [DEPRECATED] Setting lowercase HTTP method key "delete" is deprecated. Use uppercase HTTP method like "DELETE". in SYSTEMPATH\Filters\Filters.php on line 744.
 1 SYSTEMPATH\Filters\Filters.php(744): trigger_error('Setting lowercase HTTP method key "delete" is deprecated. Use uppercase HTTP method like "DELETE".', 16384)
 2 SYSTEMPATH\Filters\Filters.php(475): CodeIgniter\Filters\Filters->processMethods()
 3 SYSTEMPATH\Filters\Filters.php(218): CodeIgniter\Filters\Filters->initialize('admin/pembayaran/3')
 4 SYSTEMPATH\CodeIgniter.php(479): CodeIgniter\Filters\Filters->run('admin/pembayaran/3', 'before')
 5 SYSTEMPATH\CodeIgniter.php(354): CodeIgniter\CodeIgniter->handleRequest(null, Object(Config\Cache), false)
 6 SYSTEMPATH\Boot.php(363): CodeIgniter\CodeIgniter->run()
 7 SYSTEMPATH\Boot.php(68): CodeIgniter\Boot::runCodeIgniter(Object(CodeIgniter\CodeIgniter))
 8 FCPATH\index.php(59): CodeIgniter\Boot::bootWeb(Object(Config\Paths))
 9 SYSTEMPATH\rewrite.php(44): require_once('C:\\xampp\\htdocs\\sistem_informasi_percetakan\\public\\index.php')
INFO - 2025-12-28 08:28:00 --> CSRF token verified.
DEBUG - 2025-12-28 08:28:00 --> Session: Class initialized using 'CodeIgniter\Session\Handlers\FileHandler' driver.
DEBUG - 2025-12-28 08:28:01 --> Session: Class initialized using 'CodeIgniter\Session\Handlers\FileHandler' driver.
DEBUG - 2025-12-28 08:28:06 --> Session: Class initialized using 'CodeIgniter\Session\Handlers\FileHandler' driver.
DEBUG - 2025-12-28 08:28:09 --> Session: Class initialized using 'CodeIgniter\Session\Handlers\FileHandler' driver.
WARNING - 2025-12-28 08:28:28 --> [DEPRECATED] Setting lowercase HTTP method key "post" is deprecated. Use uppercase HTTP method like "POST". in SYSTEMPATH\Filters\Filters.php on line 744.
 1 SYSTEMPATH\Filters\Filters.php(744): trigger_error('Setting lowercase HTTP method key "post" is deprecated. Use uppercase HTTP method like "POST".', 16384)
 2 SYSTEMPATH\Filters\Filters.php(475): CodeIgniter\Filters\Filters->processMethods()
 3 SYSTEMPATH\Filters\Filters.php(218): CodeIgniter\Filters\Filters->initialize('admin/pembelian')
 4 SYSTEMPATH\CodeIgniter.php(479): CodeIgniter\Filters\Filters->run('admin/pembelian', 'before')
 5 SYSTEMPATH\CodeIgniter.php(354): CodeIgniter\CodeIgniter->handleRequest(null, Object(Config\Cache), false)
 6 SYSTEMPATH\Boot.php(363): CodeIgniter\CodeIgniter->run()
 7 SYSTEMPATH\Boot.php(68): CodeIgniter\Boot::runCodeIgniter(Object(CodeIgniter\CodeIgniter))
 8 FCPATH\index.php(59): CodeIgniter\Boot::bootWeb(Object(Config\Paths))
 9 SYSTEMPATH\rewrite.php(44): require_once('C:\\xampp\\htdocs\\sistem_informasi_percetakan\\public\\index.php')
INFO - 2025-12-28 08:28:28 --> CSRF token verified.
DEBUG - 2025-12-28 08:28:28 --> Session: Class initialized using 'CodeIgniter\Session\Handlers\FileHandler' driver.
ERROR - 2025-12-28 08:28:28 --> mysqli_sql_exception: Cannot add or update a child row: a foreign key constraint fails (`sistem_informasi_percetakan`.`pembelian`, CONSTRAINT `pembelian_ibfk_1` FOREIGN KEY (`supplier_id`) REFERENCES `supplier` (`id`)) in C:\xampp\htdocs\sistem_informasi_percetakan\system\Database\MySQLi\Connection.php:327
Stack trace:
#0 C:\xampp\htdocs\sistem_informasi_percetakan\system\Database\MySQLi\Connection.php(327): mysqli->query('INSERT INTO `pe...', 0)
#1 C:\xampp\htdocs\sistem_informasi_percetakan\system\Database\BaseConnection.php(729): CodeIgniter\Database\MySQLi\Connection->execute('INSERT INTO `pe...')
#2 C:\xampp\htdocs\sistem_informasi_percetakan\system\Database\BaseConnection.php(646): CodeIgniter\Database\BaseConnection->simpleQuery('INSERT INTO `pe...')
#3 C:\xampp\htdocs\sistem_informasi_percetakan\system\Database\BaseBuilder.php(2345): CodeIgniter\Database\BaseConnection->query('INSERT INTO `pe...', Array, false)
#4 C:\xampp\htdocs\sistem_informasi_percetakan\system\Model.php(394): CodeIgniter\Database\BaseBuilder->insert()
#5 C:\xampp\htdocs\sistem_informasi_percetakan\system\BaseModel.php(838): CodeIgniter\Model->doInsert(Array)
#6 C:\xampp\htdocs\sistem_informasi_percetakan\system\Model.php(797): CodeIgniter\BaseModel->insert(Array, true)
#7 C:\xampp\htdocs\sistem_informasi_percetakan\app\Controllers\BaseResourceController.php(23): CodeIgniter\Model->insert(Array)
#8 C:\xampp\htdocs\sistem_informasi_percetakan\system\CodeIgniter.php(933): App\Controllers\BaseResourceController->create()
#9 C:\xampp\htdocs\sistem_informasi_percetakan\system\CodeIgniter.php(507): CodeIgniter\CodeIgniter->runController(Object(App\Controllers\Admin\PembelianController))
#10 C:\xampp\htdocs\sistem_informasi_percetakan\system\CodeIgniter.php(354): CodeIgniter\CodeIgniter->handleRequest(NULL, Object(Config\Cache), false)
#11 C:\xampp\htdocs\sistem_informasi_percetakan\system\Boot.php(363): CodeIgniter\CodeIgniter->run()
#12 C:\xampp\htdocs\sistem_informasi_percetakan\system\Boot.php(68): CodeIgniter\Boot::runCodeIgniter(Object(CodeIgniter\CodeIgniter))
#13 C:\xampp\htdocs\sistem_informasi_percetakan\public\index.php(59): CodeIgniter\Boot::bootWeb(Object(Config\Paths))
#14 C:\xampp\htdocs\sistem_informasi_percetakan\system\rewrite.php(44): require_once('C:\\xampp\\htdocs...')
#15 {main}
CRITICAL - 2025-12-28 08:28:28 --> CodeIgniter\Database\Exceptions\DatabaseException: Cannot add or update a child row: a foreign key constraint fails (`sistem_informasi_percetakan`.`pembelian`, CONSTRAINT `pembelian_ibfk_1` FOREIGN KEY (`supplier_id`) REFERENCES `supplier` (`id`))
[Method: POST, Route: admin/pembelian]
in SYSTEMPATH\Database\BaseConnection.php on line 684.
 1 SYSTEMPATH\Database\BaseBuilder.php(2345): CodeIgniter\Database\BaseConnection->query('INSERT INTO `pembelian` (`kode`, `supplier_id`, `tanggal`, `catatan`) VALUES (:kode:, :supplier_id:, :tanggal:, :catatan:)', [...], false)
 2 SYSTEMPATH\Model.php(394): CodeIgniter\Database\BaseBuilder->insert()
 3 SYSTEMPATH\BaseModel.php(838): CodeIgniter\Model->doInsert([...])
 4 SYSTEMPATH\Model.php(797): CodeIgniter\BaseModel->insert([...], true)
 5 APPPATH\Controllers\BaseResourceController.php(23): CodeIgniter\Model->insert([...])
 6 SYSTEMPATH\CodeIgniter.php(933): App\Controllers\BaseResourceController->create()
 7 SYSTEMPATH\CodeIgniter.php(507): CodeIgniter\CodeIgniter->runController(Object(App\Controllers\Admin\PembelianController))
 8 SYSTEMPATH\CodeIgniter.php(354): CodeIgniter\CodeIgniter->handleRequest(null, Object(Config\Cache), false)
 9 SYSTEMPATH\Boot.php(363): CodeIgniter\CodeIgniter->run()
10 SYSTEMPATH\Boot.php(68): CodeIgniter\Boot::runCodeIgniter(Object(CodeIgniter\CodeIgniter))
11 FCPATH\index.php(59): CodeIgniter\Boot::bootWeb(Object(Config\Paths))
12 SYSTEMPATH\rewrite.php(44): require_once('C:\\xampp\\htdocs\\sistem_informasi_percetakan\\public\\index.php')
CRITICAL - 2025-12-28 08:28:28 --> [Caused by] CodeIgniter\Database\Exceptions\DatabaseException: Cannot add or update a child row: a foreign key constraint fails (`sistem_informasi_percetakan`.`pembelian`, CONSTRAINT `pembelian_ibfk_1` FOREIGN KEY (`supplier_id`) REFERENCES `supplier` (`id`))
in SYSTEMPATH\Database\MySQLi\Connection.php on line 332.
 1 SYSTEMPATH\Database\BaseConnection.php(729): CodeIgniter\Database\MySQLi\Connection->execute('INSERT INTO `pembelian` (`kode`, `supplier_id`, `tanggal`, `catatan`) VALUES (\'0008\', \'2\', \'2025-12-31T15:28\', \'menambahkan\')')
 2 SYSTEMPATH\Database\BaseConnection.php(646): CodeIgniter\Database\BaseConnection->simpleQuery('INSERT INTO `pembelian` (`kode`, `supplier_id`, `tanggal`, `catatan`) VALUES (\'0008\', \'2\', \'2025-12-31T15:28\', \'menambahkan\')')
 3 SYSTEMPATH\Database\BaseBuilder.php(2345): CodeIgniter\Database\BaseConnection->query('INSERT INTO `pembelian` (`kode`, `supplier_id`, `tanggal`, `catatan`) VALUES (:kode:, :supplier_id:, :tanggal:, :catatan:)', [...], false)
 4 SYSTEMPATH\Model.php(394): CodeIgniter\Database\BaseBuilder->insert()
 5 SYSTEMPATH\BaseModel.php(838): CodeIgniter\Model->doInsert([...])
 6 SYSTEMPATH\Model.php(797): CodeIgniter\BaseModel->insert([...], true)
 7 APPPATH\Controllers\BaseResourceController.php(23): CodeIgniter\Model->insert([...])
 8 SYSTEMPATH\CodeIgniter.php(933): App\Controllers\BaseResourceController->create()
 9 SYSTEMPATH\CodeIgniter.php(507): CodeIgniter\CodeIgniter->runController(Object(App\Controllers\Admin\PembelianController))
10 SYSTEMPATH\CodeIgniter.php(354): CodeIgniter\CodeIgniter->handleRequest(null, Object(Config\Cache), false)
11 SYSTEMPATH\Boot.php(363): CodeIgniter\CodeIgniter->run()
12 SYSTEMPATH\Boot.php(68): CodeIgniter\Boot::runCodeIgniter(Object(CodeIgniter\CodeIgniter))
13 FCPATH\index.php(59): CodeIgniter\Boot::bootWeb(Object(Config\Paths))
14 SYSTEMPATH\rewrite.php(44): require_once('C:\\xampp\\htdocs\\sistem_informasi_percetakan\\public\\index.php')
CRITICAL - 2025-12-28 08:28:28 --> [Caused by] mysqli_sql_exception: Cannot add or update a child row: a foreign key constraint fails (`sistem_informasi_percetakan`.`pembelian`, CONSTRAINT `pembelian_ibfk_1` FOREIGN KEY (`supplier_id`) REFERENCES `supplier` (`id`))
in SYSTEMPATH\Database\MySQLi\Connection.php on line 327.
 1 SYSTEMPATH\Database\MySQLi\Connection.php(327): mysqli->query('INSERT INTO `pembelian` (`kode`, `supplier_id`, `tanggal`, `catatan`) VALUES (\'0008\', \'2\', \'2025-12-31T15:28\', \'menambahkan\')', 0)
 2 SYSTEMPATH\Database\BaseConnection.php(729): CodeIgniter\Database\MySQLi\Connection->execute('INSERT INTO `pembelian` (`kode`, `supplier_id`, `tanggal`, `catatan`) VALUES (\'0008\', \'2\', \'2025-12-31T15:28\', \'menambahkan\')')
 3 SYSTEMPATH\Database\BaseConnection.php(646): CodeIgniter\Database\BaseConnection->simpleQuery('INSERT INTO `pembelian` (`kode`, `supplier_id`, `tanggal`, `catatan`) VALUES (\'0008\', \'2\', \'2025-12-31T15:28\', \'menambahkan\')')
 4 SYSTEMPATH\Database\BaseBuilder.php(2345): CodeIgniter\Database\BaseConnection->query('INSERT INTO `pembelian` (`kode`, `supplier_id`, `tanggal`, `catatan`) VALUES (:kode:, :supplier_id:, :tanggal:, :catatan:)', [...], false)
 5 SYSTEMPATH\Model.php(394): CodeIgniter\Database\BaseBuilder->insert()
 6 SYSTEMPATH\BaseModel.php(838): CodeIgniter\Model->doInsert([...])
 7 SYSTEMPATH\Model.php(797): CodeIgniter\BaseModel->insert([...], true)
 8 APPPATH\Controllers\BaseResourceController.php(23): CodeIgniter\Model->insert([...])
 9 SYSTEMPATH\CodeIgniter.php(933): App\Controllers\BaseResourceController->create()
10 SYSTEMPATH\CodeIgniter.php(507): CodeIgniter\CodeIgniter->runController(Object(App\Controllers\Admin\PembelianController))
11 SYSTEMPATH\CodeIgniter.php(354): CodeIgniter\CodeIgniter->handleRequest(null, Object(Config\Cache), false)
12 SYSTEMPATH\Boot.php(363): CodeIgniter\CodeIgniter->run()
13 SYSTEMPATH\Boot.php(68): CodeIgniter\Boot::runCodeIgniter(Object(CodeIgniter\CodeIgniter))
14 FCPATH\index.php(59): CodeIgniter\Boot::bootWeb(Object(Config\Paths))
15 SYSTEMPATH\rewrite.php(44): require_once('C:\\xampp\\htdocs\\sistem_informasi_percetakan\\public\\index.php')
DEBUG - 2025-12-28 08:28:34 --> Session: Class initialized using 'CodeIgniter\Session\Handlers\FileHandler' driver.
DEBUG - 2025-12-28 08:28:38 --> Session: Class initialized using 'CodeIgniter\Session\Handlers\FileHandler' driver.
DEBUG - 2025-12-28 08:28:42 --> Session: Class initialized using 'CodeIgniter\Session\Handlers\FileHandler' driver.
DEBUG - 2025-12-28 08:28:47 --> Session: Class initialized using 'CodeIgniter\Session\Handlers\FileHandler' driver.
DEBUG - 2025-12-28 08:28:50 --> Session: Class initialized using 'CodeIgniter\Session\Handlers\FileHandler' driver.
WARNING - 2025-12-28 08:29:05 --> [DEPRECATED] Setting lowercase HTTP method key "post" is deprecated. Use uppercase HTTP method like "POST". in SYSTEMPATH\Filters\Filters.php on line 744.
 1 SYSTEMPATH\Filters\Filters.php(744): trigger_error('Setting lowercase HTTP method key "post" is deprecated. Use uppercase HTTP method like "POST".', 16384)
 2 SYSTEMPATH\Filters\Filters.php(475): CodeIgniter\Filters\Filters->processMethods()
 3 SYSTEMPATH\Filters\Filters.php(218): CodeIgniter\Filters\Filters->initialize('admin/supplier')
 4 SYSTEMPATH\CodeIgniter.php(479): CodeIgniter\Filters\Filters->run('admin/supplier', 'before')
 5 SYSTEMPATH\CodeIgniter.php(354): CodeIgniter\CodeIgniter->handleRequest(null, Object(Config\Cache), false)
 6 SYSTEMPATH\Boot.php(363): CodeIgniter\CodeIgniter->run()
 7 SYSTEMPATH\Boot.php(68): CodeIgniter\Boot::runCodeIgniter(Object(CodeIgniter\CodeIgniter))
 8 FCPATH\index.php(59): CodeIgniter\Boot::bootWeb(Object(Config\Paths))
 9 SYSTEMPATH\rewrite.php(44): require_once('C:\\xampp\\htdocs\\sistem_informasi_percetakan\\public\\index.php')
INFO - 2025-12-28 08:29:05 --> CSRF token verified.
DEBUG - 2025-12-28 08:29:05 --> Session: Class initialized using 'CodeIgniter\Session\Handlers\FileHandler' driver.
DEBUG - 2025-12-28 08:29:05 --> Session: Class initialized using 'CodeIgniter\Session\Handlers\FileHandler' driver.
DEBUG - 2025-12-28 08:29:13 --> Session: Class initialized using 'CodeIgniter\Session\Handlers\FileHandler' driver.
DEBUG - 2025-12-28 08:29:16 --> Session: Class initialized using 'CodeIgniter\Session\Handlers\FileHandler' driver.
DEBUG - 2025-12-28 08:29:20 --> Session: Class initialized using 'CodeIgniter\Session\Handlers\FileHandler' driver.
WARNING - 2025-12-28 08:29:34 --> [DEPRECATED] Setting lowercase HTTP method key "post" is deprecated. Use uppercase HTTP method like "POST". in SYSTEMPATH\Filters\Filters.php on line 744.
 1 SYSTEMPATH\Filters\Filters.php(744): trigger_error('Setting lowercase HTTP method key "post" is deprecated. Use uppercase HTTP method like "POST".', 16384)
 2 SYSTEMPATH\Filters\Filters.php(475): CodeIgniter\Filters\Filters->processMethods()
 3 SYSTEMPATH\Filters\Filters.php(218): CodeIgniter\Filters\Filters->initialize('admin/pembelian')
 4 SYSTEMPATH\CodeIgniter.php(479): CodeIgniter\Filters\Filters->run('admin/pembelian', 'before')
 5 SYSTEMPATH\CodeIgniter.php(354): CodeIgniter\CodeIgniter->handleRequest(null, Object(Config\Cache), false)
 6 SYSTEMPATH\Boot.php(363): CodeIgniter\CodeIgniter->run()
 7 SYSTEMPATH\Boot.php(68): CodeIgniter\Boot::runCodeIgniter(Object(CodeIgniter\CodeIgniter))
 8 FCPATH\index.php(59): CodeIgniter\Boot::bootWeb(Object(Config\Paths))
 9 SYSTEMPATH\rewrite.php(44): require_once('C:\\xampp\\htdocs\\sistem_informasi_percetakan\\public\\index.php')
INFO - 2025-12-28 08:29:34 --> CSRF token verified.
DEBUG - 2025-12-28 08:29:34 --> Session: Class initialized using 'CodeIgniter\Session\Handlers\FileHandler' driver.
DEBUG - 2025-12-28 08:29:34 --> Session: Class initialized using 'CodeIgniter\Session\Handlers\FileHandler' driver.
DEBUG - 2025-12-28 08:49:34 --> Session: Class initialized using 'CodeIgniter\Session\Handlers\FileHandler' driver.
WARNING - 2025-12-28 08:49:38 --> [DEPRECATED] Setting lowercase HTTP method key "delete" is deprecated. Use uppercase HTTP method like "DELETE". in SYSTEMPATH\Filters\Filters.php on line 744.
 1 SYSTEMPATH\Filters\Filters.php(744): trigger_error('Setting lowercase HTTP method key "delete" is deprecated. Use uppercase HTTP method like "DELETE".', 16384)
 2 SYSTEMPATH\Filters\Filters.php(475): CodeIgniter\Filters\Filters->processMethods()
 3 SYSTEMPATH\Filters\Filters.php(218): CodeIgniter\Filters\Filters->initialize('admin/pembelian/7')
 4 SYSTEMPATH\CodeIgniter.php(479): CodeIgniter\Filters\Filters->run('admin/pembelian/7', 'before')
 5 SYSTEMPATH\CodeIgniter.php(354): CodeIgniter\CodeIgniter->handleRequest(null, Object(Config\Cache), false)
 6 SYSTEMPATH\Boot.php(363): CodeIgniter\CodeIgniter->run()
 7 SYSTEMPATH\Boot.php(68): CodeIgniter\Boot::runCodeIgniter(Object(CodeIgniter\CodeIgniter))
 8 FCPATH\index.php(59): CodeIgniter\Boot::bootWeb(Object(Config\Paths))
 9 SYSTEMPATH\rewrite.php(44): require_once('C:\\xampp\\htdocs\\sistem_informasi_percetakan\\public\\index.php')
INFO - 2025-12-28 08:49:38 --> CSRF token verified.
DEBUG - 2025-12-28 08:49:38 --> Session: Class initialized using 'CodeIgniter\Session\Handlers\FileHandler' driver.
DEBUG - 2025-12-28 08:49:38 --> Session: Class initialized using 'CodeIgniter\Session\Handlers\FileHandler' driver.
DEBUG - 2025-12-28 08:50:33 --> Session: Class initialized using 'CodeIgniter\Session\Handlers\FileHandler' driver.
DEBUG - 2025-12-28 08:50:35 --> Session: Class initialized using 'CodeIgniter\Session\Handlers\FileHandler' driver.
DEBUG - 2025-12-28 08:50:40 --> Session: Class initialized using 'CodeIgniter\Session\Handlers\FileHandler' driver.
DEBUG - 2025-12-28 08:50:44 --> Session: Class initialized using 'CodeIgniter\Session\Handlers\FileHandler' driver.
DEBUG - 2025-12-28 08:50:49 --> Session: Class initialized using 'CodeIgniter\Session\Handlers\FileHandler' driver.
DEBUG - 2025-12-28 08:50:54 --> Session: Class initialized using 'CodeIgniter\Session\Handlers\FileHandler' driver.
DEBUG - 2025-12-28 08:50:58 --> Session: Class initialized using 'CodeIgniter\Session\Handlers\FileHandler' driver.
DEBUG - 2025-12-28 08:51:01 --> Session: Class initialized using 'CodeIgniter\Session\Handlers\FileHandler' driver.
DEBUG - 2025-12-28 08:51:08 --> Session: Class initialized using 'CodeIgniter\Session\Handlers\FileHandler' driver.
DEBUG - 2025-12-28 08:51:17 --> Session: Class initialized using 'CodeIgniter\Session\Handlers\FileHandler' driver.
DEBUG - 2025-12-28 08:51:20 --> Session: Class initialized using 'CodeIgniter\Session\Handlers\FileHandler' driver.
DEBUG - 2025-12-28 08:51:23 --> Session: Class initialized using 'CodeIgniter\Session\Handlers\FileHandler' driver.
WARNING - 2025-12-28 08:51:38 --> [DEPRECATED] Setting lowercase HTTP method key "post" is deprecated. Use uppercase HTTP method like "POST". in SYSTEMPATH\Filters\Filters.php on line 744.
 1 SYSTEMPATH\Filters\Filters.php(744): trigger_error('Setting lowercase HTTP method key "post" is deprecated. Use uppercase HTTP method like "POST".', 16384)
 2 SYSTEMPATH\Filters\Filters.php(475): CodeIgniter\Filters\Filters->processMethods()
 3 SYSTEMPATH\Filters\Filters.php(218): CodeIgniter\Filters\Filters->initialize('admin/layanan')
 4 SYSTEMPATH\CodeIgniter.php(479): CodeIgniter\Filters\Filters->run('admin/layanan', 'before')
 5 SYSTEMPATH\CodeIgniter.php(354): CodeIgniter\CodeIgniter->handleRequest(null, Object(Config\Cache), false)
 6 SYSTEMPATH\Boot.php(363): CodeIgniter\CodeIgniter->run()
 7 SYSTEMPATH\Boot.php(68): CodeIgniter\Boot::runCodeIgniter(Object(CodeIgniter\CodeIgniter))
 8 FCPATH\index.php(59): CodeIgniter\Boot::bootWeb(Object(Config\Paths))
 9 SYSTEMPATH\rewrite.php(44): require_once('C:\\xampp\\htdocs\\sistem_informasi_percetakan\\public\\index.php')
INFO - 2025-12-28 08:51:38 --> CSRF token verified.
DEBUG - 2025-12-28 08:51:38 --> Session: Class initialized using 'CodeIgniter\Session\Handlers\FileHandler' driver.
DEBUG - 2025-12-28 08:51:38 --> Session: Class initialized using 'CodeIgniter\Session\Handlers\FileHandler' driver.
DEBUG - 2025-12-28 08:51:47 --> Session: Class initialized using 'CodeIgniter\Session\Handlers\FileHandler' driver.
DEBUG - 2025-12-28 08:51:50 --> Session: Class initialized using 'CodeIgniter\Session\Handlers\FileHandler' driver.
DEBUG - 2025-12-28 08:51:57 --> Session: Class initialized using 'CodeIgniter\Session\Handlers\FileHandler' driver.
DEBUG - 2025-12-28 08:51:59 --> Session: Class initialized using 'CodeIgniter\Session\Handlers\FileHandler' driver.
DEBUG - 2025-12-28 08:52:02 --> Session: Class initialized using 'CodeIgniter\Session\Handlers\FileHandler' driver.
DEBUG - 2025-12-28 08:52:12 --> Session: Class initialized using 'CodeIgniter\Session\Handlers\FileHandler' driver.
DEBUG - 2025-12-28 08:52:15 --> Session: Class initialized using 'CodeIgniter\Session\Handlers\FileHandler' driver.
DEBUG - 2025-12-28 08:52:18 --> Session: Class initialized using 'CodeIgniter\Session\Handlers\FileHandler' driver.
WARNING - 2025-12-28 08:52:38 --> [DEPRECATED] Setting lowercase HTTP method key "post" is deprecated. Use uppercase HTTP method like "POST". in SYSTEMPATH\Filters\Filters.php on line 744.
 1 SYSTEMPATH\Filters\Filters.php(744): trigger_error('Setting lowercase HTTP method key "post" is deprecated. Use uppercase HTTP method like "POST".', 16384)
 2 SYSTEMPATH\Filters\Filters.php(475): CodeIgniter\Filters\Filters->processMethods()
 3 SYSTEMPATH\Filters\Filters.php(218): CodeIgniter\Filters\Filters->initialize('admin/detail-pesanan')
 4 SYSTEMPATH\CodeIgniter.php(479): CodeIgniter\Filters\Filters->run('admin/detail-pesanan', 'before')
 5 SYSTEMPATH\CodeIgniter.php(354): CodeIgniter\CodeIgniter->handleRequest(null, Object(Config\Cache), false)
 6 SYSTEMPATH\Boot.php(363): CodeIgniter\CodeIgniter->run()
 7 SYSTEMPATH\Boot.php(68): CodeIgniter\Boot::runCodeIgniter(Object(CodeIgniter\CodeIgniter))
 8 FCPATH\index.php(59): CodeIgniter\Boot::bootWeb(Object(Config\Paths))
 9 SYSTEMPATH\rewrite.php(44): require_once('C:\\xampp\\htdocs\\sistem_informasi_percetakan\\public\\index.php')
INFO - 2025-12-28 08:52:38 --> CSRF token verified.
DEBUG - 2025-12-28 08:52:38 --> Session: Class initialized using 'CodeIgniter\Session\Handlers\FileHandler' driver.
ERROR - 2025-12-28 08:52:38 --> mysqli_sql_exception: Cannot add or update a child row: a foreign key constraint fails (`sistem_informasi_percetakan`.`detail_pesanan`, CONSTRAINT `detail_pesanan_ibfk_1` FOREIGN KEY (`transaksi_id`) REFERENCES `transaksi` (`id`) ON DELETE CASCADE) in C:\xampp\htdocs\sistem_informasi_percetakan\system\Database\MySQLi\Connection.php:327
Stack trace:
#0 C:\xampp\htdocs\sistem_informasi_percetakan\system\Database\MySQLi\Connection.php(327): mysqli->query('INSERT INTO `de...', 0)
#1 C:\xampp\htdocs\sistem_informasi_percetakan\system\Database\BaseConnection.php(729): CodeIgniter\Database\MySQLi\Connection->execute('INSERT INTO `de...')
#2 C:\xampp\htdocs\sistem_informasi_percetakan\system\Database\BaseConnection.php(646): CodeIgniter\Database\BaseConnection->simpleQuery('INSERT INTO `de...')
#3 C:\xampp\htdocs\sistem_informasi_percetakan\system\Database\BaseBuilder.php(2345): CodeIgniter\Database\BaseConnection->query('INSERT INTO `de...', Array, false)
#4 C:\xampp\htdocs\sistem_informasi_percetakan\system\Model.php(394): CodeIgniter\Database\BaseBuilder->insert()
#5 C:\xampp\htdocs\sistem_informasi_percetakan\system\BaseModel.php(838): CodeIgniter\Model->doInsert(Array)
#6 C:\xampp\htdocs\sistem_informasi_percetakan\system\Model.php(797): CodeIgniter\BaseModel->insert(Array, true)
#7 C:\xampp\htdocs\sistem_informasi_percetakan\app\Controllers\BaseResourceController.php(23): CodeIgniter\Model->insert(Array)
#8 C:\xampp\htdocs\sistem_informasi_percetakan\system\CodeIgniter.php(933): App\Controllers\BaseResourceController->create()
#9 C:\xampp\htdocs\sistem_informasi_percetakan\system\CodeIgniter.php(507): CodeIgniter\CodeIgniter->runController(Object(App\Controllers\Admin\DetailPesananController))
#10 C:\xampp\htdocs\sistem_informasi_percetakan\system\CodeIgniter.php(354): CodeIgniter\CodeIgniter->handleRequest(NULL, Object(Config\Cache), false)
#11 C:\xampp\htdocs\sistem_informasi_percetakan\system\Boot.php(363): CodeIgniter\CodeIgniter->run()
#12 C:\xampp\htdocs\sistem_informasi_percetakan\system\Boot.php(68): CodeIgniter\Boot::runCodeIgniter(Object(CodeIgniter\CodeIgniter))
#13 C:\xampp\htdocs\sistem_informasi_percetakan\public\index.php(59): CodeIgniter\Boot::bootWeb(Object(Config\Paths))
#14 C:\xampp\htdocs\sistem_informasi_percetakan\system\rewrite.php(44): require_once('C:\\xampp\\htdocs...')
#15 {main}
CRITICAL - 2025-12-28 08:52:38 --> CodeIgniter\Database\Exceptions\DatabaseException: Cannot add or update a child row: a foreign key constraint fails (`sistem_informasi_percetakan`.`detail_pesanan`, CONSTRAINT `detail_pesanan_ibfk_1` FOREIGN KEY (`transaksi_id`) REFERENCES `transaksi` (`id`) ON DELETE CASCADE)
[Method: POST, Route: admin/detail-pesanan]
in SYSTEMPATH\Database\BaseConnection.php on line 684.
 1 SYSTEMPATH\Database\BaseBuilder.php(2345): CodeIgniter\Database\BaseConnection->query('INSERT INTO `detail_pesanan` (`transaksi_id`, `layanan_id`, `bahan_id`, `deskripsi`, `qty`, `harga`, `subtotal`) VALUES (:transaksi_id:, :layanan_id:, :bahan_id:, :deskripsi:, :qty:, :harga:, :subtotal:)', [...], false)
 2 SYSTEMPATH\Model.php(394): CodeIgniter\Database\BaseBuilder->insert()
 3 SYSTEMPATH\BaseModel.php(838): CodeIgniter\Model->doInsert([...])
 4 SYSTEMPATH\Model.php(797): CodeIgniter\BaseModel->insert([...], true)
 5 APPPATH\Controllers\BaseResourceController.php(23): CodeIgniter\Model->insert([...])
 6 SYSTEMPATH\CodeIgniter.php(933): App\Controllers\BaseResourceController->create()
 7 SYSTEMPATH\CodeIgniter.php(507): CodeIgniter\CodeIgniter->runController(Object(App\Controllers\Admin\DetailPesananController))
 8 SYSTEMPATH\CodeIgniter.php(354): CodeIgniter\CodeIgniter->handleRequest(null, Object(Config\Cache), false)
 9 SYSTEMPATH\Boot.php(363): CodeIgniter\CodeIgniter->run()
10 SYSTEMPATH\Boot.php(68): CodeIgniter\Boot::runCodeIgniter(Object(CodeIgniter\CodeIgniter))
11 FCPATH\index.php(59): CodeIgniter\Boot::bootWeb(Object(Config\Paths))
12 SYSTEMPATH\rewrite.php(44): require_once('C:\\xampp\\htdocs\\sistem_informasi_percetakan\\public\\index.php')
CRITICAL - 2025-12-28 08:52:38 --> [Caused by] CodeIgniter\Database\Exceptions\DatabaseException: Cannot add or update a child row: a foreign key constraint fails (`sistem_informasi_percetakan`.`detail_pesanan`, CONSTRAINT `detail_pesanan_ibfk_1` FOREIGN KEY (`transaksi_id`) REFERENCES `transaksi` (`id`) ON DELETE CASCADE)
in SYSTEMPATH\Database\MySQLi\Connection.php on line 332.
 1 SYSTEMPATH\Database\BaseConnection.php(729): CodeIgniter\Database\MySQLi\Connection->execute('INSERT INTO `detail_pesanan` (`transaksi_id`, `layanan_id`, `bahan_id`, `deskripsi`, `qty`, `harga`, `subtotal`) VALUES (\'12\', \'4\', \'1\', \'12312\', \'500\', \'50000\', \'5000000\')')
 2 SYSTEMPATH\Database\BaseConnection.php(646): CodeIgniter\Database\BaseConnection->simpleQuery('INSERT INTO `detail_pesanan` (`transaksi_id`, `layanan_id`, `bahan_id`, `deskripsi`, `qty`, `harga`, `subtotal`) VALUES (\'12\', \'4\', \'1\', \'12312\', \'500\', \'50000\', \'5000000\')')
 3 SYSTEMPATH\Database\BaseBuilder.php(2345): CodeIgniter\Database\BaseConnection->query('INSERT INTO `detail_pesanan` (`transaksi_id`, `layanan_id`, `bahan_id`, `deskripsi`, `qty`, `harga`, `subtotal`) VALUES (:transaksi_id:, :layanan_id:, :bahan_id:, :deskripsi:, :qty:, :harga:, :subtotal:)', [...], false)
 4 SYSTEMPATH\Model.php(394): CodeIgniter\Database\BaseBuilder->insert()
 5 SYSTEMPATH\BaseModel.php(838): CodeIgniter\Model->doInsert([...])
 6 SYSTEMPATH\Model.php(797): CodeIgniter\BaseModel->insert([...], true)
 7 APPPATH\Controllers\BaseResourceController.php(23): CodeIgniter\Model->insert([...])
 8 SYSTEMPATH\CodeIgniter.php(933): App\Controllers\BaseResourceController->create()
 9 SYSTEMPATH\CodeIgniter.php(507): CodeIgniter\CodeIgniter->runController(Object(App\Controllers\Admin\DetailPesananController))
10 SYSTEMPATH\CodeIgniter.php(354): CodeIgniter\CodeIgniter->handleRequest(null, Object(Config\Cache), false)
11 SYSTEMPATH\Boot.php(363): CodeIgniter\CodeIgniter->run()
12 SYSTEMPATH\Boot.php(68): CodeIgniter\Boot::runCodeIgniter(Object(CodeIgniter\CodeIgniter))
13 FCPATH\index.php(59): CodeIgniter\Boot::bootWeb(Object(Config\Paths))
14 SYSTEMPATH\rewrite.php(44): require_once('C:\\xampp\\htdocs\\sistem_informasi_percetakan\\public\\index.php')
CRITICAL - 2025-12-28 08:52:38 --> [Caused by] mysqli_sql_exception: Cannot add or update a child row: a foreign key constraint fails (`sistem_informasi_percetakan`.`detail_pesanan`, CONSTRAINT `detail_pesanan_ibfk_1` FOREIGN KEY (`transaksi_id`) REFERENCES `transaksi` (`id`) ON DELETE CASCADE)
in SYSTEMPATH\Database\MySQLi\Connection.php on line 327.
 1 SYSTEMPATH\Database\MySQLi\Connection.php(327): mysqli->query('INSERT INTO `detail_pesanan` (`transaksi_id`, `layanan_id`, `bahan_id`, `deskripsi`, `qty`, `harga`, `subtotal`) VALUES (\'12\', \'4\', \'1\', \'12312\', \'500\', \'50000\', \'5000000\')', 0)
 2 SYSTEMPATH\Database\BaseConnection.php(729): CodeIgniter\Database\MySQLi\Connection->execute('INSERT INTO `detail_pesanan` (`transaksi_id`, `layanan_id`, `bahan_id`, `deskripsi`, `qty`, `harga`, `subtotal`) VALUES (\'12\', \'4\', \'1\', \'12312\', \'500\', \'50000\', \'5000000\')')
 3 SYSTEMPATH\Database\BaseConnection.php(646): CodeIgniter\Database\BaseConnection->simpleQuery('INSERT INTO `detail_pesanan` (`transaksi_id`, `layanan_id`, `bahan_id`, `deskripsi`, `qty`, `harga`, `subtotal`) VALUES (\'12\', \'4\', \'1\', \'12312\', \'500\', \'50000\', \'5000000\')')
 4 SYSTEMPATH\Database\BaseBuilder.php(2345): CodeIgniter\Database\BaseConnection->query('INSERT INTO `detail_pesanan` (`transaksi_id`, `layanan_id`, `bahan_id`, `deskripsi`, `qty`, `harga`, `subtotal`) VALUES (:transaksi_id:, :layanan_id:, :bahan_id:, :deskripsi:, :qty:, :harga:, :subtotal:)', [...], false)
 5 SYSTEMPATH\Model.php(394): CodeIgniter\Database\BaseBuilder->insert()
 6 SYSTEMPATH\BaseModel.php(838): CodeIgniter\Model->doInsert([...])
 7 SYSTEMPATH\Model.php(797): CodeIgniter\BaseModel->insert([...], true)
 8 APPPATH\Controllers\BaseResourceController.php(23): CodeIgniter\Model->insert([...])
 9 SYSTEMPATH\CodeIgniter.php(933): App\Controllers\BaseResourceController->create()
10 SYSTEMPATH\CodeIgniter.php(507): CodeIgniter\CodeIgniter->runController(Object(App\Controllers\Admin\DetailPesananController))
11 SYSTEMPATH\CodeIgniter.php(354): CodeIgniter\CodeIgniter->handleRequest(null, Object(Config\Cache), false)
12 SYSTEMPATH\Boot.php(363): CodeIgniter\CodeIgniter->run()
13 SYSTEMPATH\Boot.php(68): CodeIgniter\Boot::runCodeIgniter(Object(CodeIgniter\CodeIgniter))
14 FCPATH\index.php(59): CodeIgniter\Boot::bootWeb(Object(Config\Paths))
15 SYSTEMPATH\rewrite.php(44): require_once('C:\\xampp\\htdocs\\sistem_informasi_percetakan\\public\\index.php')
DEBUG - 2025-12-28 08:52:49 --> Session: Class initialized using 'CodeIgniter\Session\Handlers\FileHandler' driver.
DEBUG - 2025-12-28 08:52:53 --> Session: Class initialized using 'CodeIgniter\Session\Handlers\FileHandler' driver.
DEBUG - 2025-12-28 08:52:58 --> Session: Class initialized using 'CodeIgniter\Session\Handlers\FileHandler' driver.
DEBUG - 2025-12-28 08:53:01 --> Session: Class initialized using 'CodeIgniter\Session\Handlers\FileHandler' driver.
DEBUG - 2025-12-28 08:53:02 --> Session: Class initialized using 'CodeIgniter\Session\Handlers\FileHandler' driver.
DEBUG - 2025-12-28 08:53:04 --> Session: Class initialized using 'CodeIgniter\Session\Handlers\FileHandler' driver.
DEBUG - 2025-12-28 08:53:09 --> Session: Class initialized using 'CodeIgniter\Session\Handlers\FileHandler' driver.
DEBUG - 2025-12-28 08:53:18 --> Session: Class initialized using 'CodeIgniter\Session\Handlers\FileHandler' driver.
DEBUG - 2025-12-28 08:53:19 --> Session: Class initialized using 'CodeIgniter\Session\Handlers\FileHandler' driver.
DEBUG - 2025-12-28 08:53:21 --> Session: Class initialized using 'CodeIgniter\Session\Handlers\FileHandler' driver.
DEBUG - 2025-12-28 08:53:24 --> Session: Class initialized using 'CodeIgniter\Session\Handlers\FileHandler' driver.
WARNING - 2025-12-28 08:53:37 --> [DEPRECATED] Setting lowercase HTTP method key "post" is deprecated. Use uppercase HTTP method like "POST". in SYSTEMPATH\Filters\Filters.php on line 744.
 1 SYSTEMPATH\Filters\Filters.php(744): trigger_error('Setting lowercase HTTP method key "post" is deprecated. Use uppercase HTTP method like "POST".', 16384)
 2 SYSTEMPATH\Filters\Filters.php(475): CodeIgniter\Filters\Filters->processMethods()
 3 SYSTEMPATH\Filters\Filters.php(218): CodeIgniter\Filters\Filters->initialize('admin/detail-pesanan')
 4 SYSTEMPATH\CodeIgniter.php(479): CodeIgniter\Filters\Filters->run('admin/detail-pesanan', 'before')
 5 SYSTEMPATH\CodeIgniter.php(354): CodeIgniter\CodeIgniter->handleRequest(null, Object(Config\Cache), false)
 6 SYSTEMPATH\Boot.php(363): CodeIgniter\CodeIgniter->run()
 7 SYSTEMPATH\Boot.php(68): CodeIgniter\Boot::runCodeIgniter(Object(CodeIgniter\CodeIgniter))
 8 FCPATH\index.php(59): CodeIgniter\Boot::bootWeb(Object(Config\Paths))
 9 SYSTEMPATH\rewrite.php(44): require_once('C:\\xampp\\htdocs\\sistem_informasi_percetakan\\public\\index.php')
INFO - 2025-12-28 08:53:37 --> CSRF token verified.
DEBUG - 2025-12-28 08:53:37 --> Session: Class initialized using 'CodeIgniter\Session\Handlers\FileHandler' driver.
ERROR - 2025-12-28 08:53:37 --> mysqli_sql_exception: Cannot add or update a child row: a foreign key constraint fails (`sistem_informasi_percetakan`.`detail_pesanan`, CONSTRAINT `detail_pesanan_ibfk_1` FOREIGN KEY (`transaksi_id`) REFERENCES `transaksi` (`id`) ON DELETE CASCADE) in C:\xampp\htdocs\sistem_informasi_percetakan\system\Database\MySQLi\Connection.php:327
Stack trace:
#0 C:\xampp\htdocs\sistem_informasi_percetakan\system\Database\MySQLi\Connection.php(327): mysqli->query('INSERT INTO `de...', 0)
#1 C:\xampp\htdocs\sistem_informasi_percetakan\system\Database\BaseConnection.php(729): CodeIgniter\Database\MySQLi\Connection->execute('INSERT INTO `de...')
#2 C:\xampp\htdocs\sistem_informasi_percetakan\system\Database\BaseConnection.php(646): CodeIgniter\Database\BaseConnection->simpleQuery('INSERT INTO `de...')
#3 C:\xampp\htdocs\sistem_informasi_percetakan\system\Database\BaseBuilder.php(2345): CodeIgniter\Database\BaseConnection->query('INSERT INTO `de...', Array, false)
#4 C:\xampp\htdocs\sistem_informasi_percetakan\system\Model.php(394): CodeIgniter\Database\BaseBuilder->insert()
#5 C:\xampp\htdocs\sistem_informasi_percetakan\system\BaseModel.php(838): CodeIgniter\Model->doInsert(Array)
#6 C:\xampp\htdocs\sistem_informasi_percetakan\system\Model.php(797): CodeIgniter\BaseModel->insert(Array, true)
#7 C:\xampp\htdocs\sistem_informasi_percetakan\app\Controllers\BaseResourceController.php(23): CodeIgniter\Model->insert(Array)
#8 C:\xampp\htdocs\sistem_informasi_percetakan\system\CodeIgniter.php(933): App\Controllers\BaseResourceController->create()
#9 C:\xampp\htdocs\sistem_informasi_percetakan\system\CodeIgniter.php(507): CodeIgniter\CodeIgniter->runController(Object(App\Controllers\Admin\DetailPesananController))
#10 C:\xampp\htdocs\sistem_informasi_percetakan\system\CodeIgniter.php(354): CodeIgniter\CodeIgniter->handleRequest(NULL, Object(Config\Cache), false)
#11 C:\xampp\htdocs\sistem_informasi_percetakan\system\Boot.php(363): CodeIgniter\CodeIgniter->run()
#12 C:\xampp\htdocs\sistem_informasi_percetakan\system\Boot.php(68): CodeIgniter\Boot::runCodeIgniter(Object(CodeIgniter\CodeIgniter))
#13 C:\xampp\htdocs\sistem_informasi_percetakan\public\index.php(59): CodeIgniter\Boot::bootWeb(Object(Config\Paths))
#14 C:\xampp\htdocs\sistem_informasi_percetakan\system\rewrite.php(44): require_once('C:\\xampp\\htdocs...')
#15 {main}
CRITICAL - 2025-12-28 08:53:37 --> CodeIgniter\Database\Exceptions\DatabaseException: Cannot add or update a child row: a foreign key constraint fails (`sistem_informasi_percetakan`.`detail_pesanan`, CONSTRAINT `detail_pesanan_ibfk_1` FOREIGN KEY (`transaksi_id`) REFERENCES `transaksi` (`id`) ON DELETE CASCADE)
[Method: POST, Route: admin/detail-pesanan]
in SYSTEMPATH\Database\BaseConnection.php on line 684.
 1 SYSTEMPATH\Database\BaseBuilder.php(2345): CodeIgniter\Database\BaseConnection->query('INSERT INTO `detail_pesanan` (`transaksi_id`, `layanan_id`, `bahan_id`, `deskripsi`, `qty`, `harga`, `subtotal`) VALUES (:transaksi_id:, :layanan_id:, :bahan_id:, :deskripsi:, :qty:, :harga:, :subtotal:)', [...], false)
 2 SYSTEMPATH\Model.php(394): CodeIgniter\Database\BaseBuilder->insert()
 3 SYSTEMPATH\BaseModel.php(838): CodeIgniter\Model->doInsert([...])
 4 SYSTEMPATH\Model.php(797): CodeIgniter\BaseModel->insert([...], true)
 5 APPPATH\Controllers\BaseResourceController.php(23): CodeIgniter\Model->insert([...])
 6 SYSTEMPATH\CodeIgniter.php(933): App\Controllers\BaseResourceController->create()
 7 SYSTEMPATH\CodeIgniter.php(507): CodeIgniter\CodeIgniter->runController(Object(App\Controllers\Admin\DetailPesananController))
 8 SYSTEMPATH\CodeIgniter.php(354): CodeIgniter\CodeIgniter->handleRequest(null, Object(Config\Cache), false)
 9 SYSTEMPATH\Boot.php(363): CodeIgniter\CodeIgniter->run()
10 SYSTEMPATH\Boot.php(68): CodeIgniter\Boot::runCodeIgniter(Object(CodeIgniter\CodeIgniter))
11 FCPATH\index.php(59): CodeIgniter\Boot::bootWeb(Object(Config\Paths))
12 SYSTEMPATH\rewrite.php(44): require_once('C:\\xampp\\htdocs\\sistem_informasi_percetakan\\public\\index.php')
CRITICAL - 2025-12-28 08:53:37 --> [Caused by] CodeIgniter\Database\Exceptions\DatabaseException: Cannot add or update a child row: a foreign key constraint fails (`sistem_informasi_percetakan`.`detail_pesanan`, CONSTRAINT `detail_pesanan_ibfk_1` FOREIGN KEY (`transaksi_id`) REFERENCES `transaksi` (`id`) ON DELETE CASCADE)
in SYSTEMPATH\Database\MySQLi\Connection.php on line 332.
 1 SYSTEMPATH\Database\BaseConnection.php(729): CodeIgniter\Database\MySQLi\Connection->execute('INSERT INTO `detail_pesanan` (`transaksi_id`, `layanan_id`, `bahan_id`, `deskripsi`, `qty`, `harga`, `subtotal`) VALUES (\'12\', \'4\', \'1\', \'12312\', \'1\', \'0\', \'0\')')
 2 SYSTEMPATH\Database\BaseConnection.php(646): CodeIgniter\Database\BaseConnection->simpleQuery('INSERT INTO `detail_pesanan` (`transaksi_id`, `layanan_id`, `bahan_id`, `deskripsi`, `qty`, `harga`, `subtotal`) VALUES (\'12\', \'4\', \'1\', \'12312\', \'1\', \'0\', \'0\')')
 3 SYSTEMPATH\Database\BaseBuilder.php(2345): CodeIgniter\Database\BaseConnection->query('INSERT INTO `detail_pesanan` (`transaksi_id`, `layanan_id`, `bahan_id`, `deskripsi`, `qty`, `harga`, `subtotal`) VALUES (:transaksi_id:, :layanan_id:, :bahan_id:, :deskripsi:, :qty:, :harga:, :subtotal:)', [...], false)
 4 SYSTEMPATH\Model.php(394): CodeIgniter\Database\BaseBuilder->insert()
 5 SYSTEMPATH\BaseModel.php(838): CodeIgniter\Model->doInsert([...])
 6 SYSTEMPATH\Model.php(797): CodeIgniter\BaseModel->insert([...], true)
 7 APPPATH\Controllers\BaseResourceController.php(23): CodeIgniter\Model->insert([...])
 8 SYSTEMPATH\CodeIgniter.php(933): App\Controllers\BaseResourceController->create()
 9 SYSTEMPATH\CodeIgniter.php(507): CodeIgniter\CodeIgniter->runController(Object(App\Controllers\Admin\DetailPesananController))
10 SYSTEMPATH\CodeIgniter.php(354): CodeIgniter\CodeIgniter->handleRequest(null, Object(Config\Cache), false)
11 SYSTEMPATH\Boot.php(363): CodeIgniter\CodeIgniter->run()
12 SYSTEMPATH\Boot.php(68): CodeIgniter\Boot::runCodeIgniter(Object(CodeIgniter\CodeIgniter))
13 FCPATH\index.php(59): CodeIgniter\Boot::bootWeb(Object(Config\Paths))
14 SYSTEMPATH\rewrite.php(44): require_once('C:\\xampp\\htdocs\\sistem_informasi_percetakan\\public\\index.php')
CRITICAL - 2025-12-28 08:53:37 --> [Caused by] mysqli_sql_exception: Cannot add or update a child row: a foreign key constraint fails (`sistem_informasi_percetakan`.`detail_pesanan`, CONSTRAINT `detail_pesanan_ibfk_1` FOREIGN KEY (`transaksi_id`) REFERENCES `transaksi` (`id`) ON DELETE CASCADE)
in SYSTEMPATH\Database\MySQLi\Connection.php on line 327.
 1 SYSTEMPATH\Database\MySQLi\Connection.php(327): mysqli->query('INSERT INTO `detail_pesanan` (`transaksi_id`, `layanan_id`, `bahan_id`, `deskripsi`, `qty`, `harga`, `subtotal`) VALUES (\'12\', \'4\', \'1\', \'12312\', \'1\', \'0\', \'0\')', 0)
 2 SYSTEMPATH\Database\BaseConnection.php(729): CodeIgniter\Database\MySQLi\Connection->execute('INSERT INTO `detail_pesanan` (`transaksi_id`, `layanan_id`, `bahan_id`, `deskripsi`, `qty`, `harga`, `subtotal`) VALUES (\'12\', \'4\', \'1\', \'12312\', \'1\', \'0\', \'0\')')
 3 SYSTEMPATH\Database\BaseConnection.php(646): CodeIgniter\Database\BaseConnection->simpleQuery('INSERT INTO `detail_pesanan` (`transaksi_id`, `layanan_id`, `bahan_id`, `deskripsi`, `qty`, `harga`, `subtotal`) VALUES (\'12\', \'4\', \'1\', \'12312\', \'1\', \'0\', \'0\')')
 4 SYSTEMPATH\Database\BaseBuilder.php(2345): CodeIgniter\Database\BaseConnection->query('INSERT INTO `detail_pesanan` (`transaksi_id`, `layanan_id`, `bahan_id`, `deskripsi`, `qty`, `harga`, `subtotal`) VALUES (:transaksi_id:, :layanan_id:, :bahan_id:, :deskripsi:, :qty:, :harga:, :subtotal:)', [...], false)
 5 SYSTEMPATH\Model.php(394): CodeIgniter\Database\BaseBuilder->insert()
 6 SYSTEMPATH\BaseModel.php(838): CodeIgniter\Model->doInsert([...])
 7 SYSTEMPATH\Model.php(797): CodeIgniter\BaseModel->insert([...], true)
 8 APPPATH\Controllers\BaseResourceController.php(23): CodeIgniter\Model->insert([...])
 9 SYSTEMPATH\CodeIgniter.php(933): App\Controllers\BaseResourceController->create()
10 SYSTEMPATH\CodeIgniter.php(507): CodeIgniter\CodeIgniter->runController(Object(App\Controllers\Admin\DetailPesananController))
11 SYSTEMPATH\CodeIgniter.php(354): CodeIgniter\CodeIgniter->handleRequest(null, Object(Config\Cache), false)
12 SYSTEMPATH\Boot.php(363): CodeIgniter\CodeIgniter->run()
13 SYSTEMPATH\Boot.php(68): CodeIgniter\Boot::runCodeIgniter(Object(CodeIgniter\CodeIgniter))
14 FCPATH\index.php(59): CodeIgniter\Boot::bootWeb(Object(Config\Paths))
15 SYSTEMPATH\rewrite.php(44): require_once('C:\\xampp\\htdocs\\sistem_informasi_percetakan\\public\\index.php')
WARNING - 2025-12-28 08:56:41 --> [DEPRECATED] Setting lowercase HTTP method key "post" is deprecated. Use uppercase HTTP method like "POST". in SYSTEMPATH\Filters\Filters.php on line 744.
 1 SYSTEMPATH\Filters\Filters.php(744): trigger_error('Setting lowercase HTTP method key "post" is deprecated. Use uppercase HTTP method like "POST".', 16384)
 2 SYSTEMPATH\Filters\Filters.php(475): CodeIgniter\Filters\Filters->processMethods()
 3 SYSTEMPATH\Filters\Filters.php(218): CodeIgniter\Filters\Filters->initialize('admin/detail-pesanan')
 4 SYSTEMPATH\CodeIgniter.php(479): CodeIgniter\Filters\Filters->run('admin/detail-pesanan', 'before')
 5 SYSTEMPATH\CodeIgniter.php(354): CodeIgniter\CodeIgniter->handleRequest(null, Object(Config\Cache), false)
 6 SYSTEMPATH\Boot.php(363): CodeIgniter\CodeIgniter->run()
 7 SYSTEMPATH\Boot.php(68): CodeIgniter\Boot::runCodeIgniter(Object(CodeIgniter\CodeIgniter))
 8 FCPATH\index.php(59): CodeIgniter\Boot::bootWeb(Object(Config\Paths))
 9 SYSTEMPATH\rewrite.php(44): require_once('C:\\xampp\\htdocs\\sistem_informasi_percetakan\\public\\index.php')
INFO - 2025-12-28 08:56:41 --> CSRF token verified.
DEBUG - 2025-12-28 08:56:41 --> Session: Class initialized using 'CodeIgniter\Session\Handlers\FileHandler' driver.
ERROR - 2025-12-28 08:56:41 --> mysqli_sql_exception: Unknown column 'produk_id' in 'field list' in C:\xampp\htdocs\sistem_informasi_percetakan\system\Database\MySQLi\Connection.php:327
Stack trace:
#0 C:\xampp\htdocs\sistem_informasi_percetakan\system\Database\MySQLi\Connection.php(327): mysqli->query('INSERT INTO `de...', 0)
#1 C:\xampp\htdocs\sistem_informasi_percetakan\system\Database\BaseConnection.php(729): CodeIgniter\Database\MySQLi\Connection->execute('INSERT INTO `de...')
#2 C:\xampp\htdocs\sistem_informasi_percetakan\system\Database\BaseConnection.php(646): CodeIgniter\Database\BaseConnection->simpleQuery('INSERT INTO `de...')
#3 C:\xampp\htdocs\sistem_informasi_percetakan\system\Database\BaseBuilder.php(2345): CodeIgniter\Database\BaseConnection->query('INSERT INTO `de...', Array, false)
#4 C:\xampp\htdocs\sistem_informasi_percetakan\system\Model.php(394): CodeIgniter\Database\BaseBuilder->insert()
#5 C:\xampp\htdocs\sistem_informasi_percetakan\system\BaseModel.php(838): CodeIgniter\Model->doInsert(Array)
#6 C:\xampp\htdocs\sistem_informasi_percetakan\system\Model.php(797): CodeIgniter\BaseModel->insert(Array, true)
#7 C:\xampp\htdocs\sistem_informasi_percetakan\app\Controllers\Admin\DetailPesananController.php(36): CodeIgniter\Model->insert(Array)
#8 C:\xampp\htdocs\sistem_informasi_percetakan\system\CodeIgniter.php(933): App\Controllers\Admin\DetailPesananController->create()
#9 C:\xampp\htdocs\sistem_informasi_percetakan\system\CodeIgniter.php(507): CodeIgniter\CodeIgniter->runController(Object(App\Controllers\Admin\DetailPesananController))
#10 C:\xampp\htdocs\sistem_informasi_percetakan\system\CodeIgniter.php(354): CodeIgniter\CodeIgniter->handleRequest(NULL, Object(Config\Cache), false)
#11 C:\xampp\htdocs\sistem_informasi_percetakan\system\Boot.php(363): CodeIgniter\CodeIgniter->run()
#12 C:\xampp\htdocs\sistem_informasi_percetakan\system\Boot.php(68): CodeIgniter\Boot::runCodeIgniter(Object(CodeIgniter\CodeIgniter))
#13 C:\xampp\htdocs\sistem_informasi_percetakan\public\index.php(59): CodeIgniter\Boot::bootWeb(Object(Config\Paths))
#14 C:\xampp\htdocs\sistem_informasi_percetakan\system\rewrite.php(44): require_once('C:\\xampp\\htdocs...')
#15 {main}
CRITICAL - 2025-12-28 08:56:41 --> CodeIgniter\Database\Exceptions\DatabaseException: Unknown column 'produk_id' in 'field list'
[Method: POST, Route: admin/detail-pesanan]
in SYSTEMPATH\Database\BaseConnection.php on line 684.
 1 SYSTEMPATH\Database\BaseBuilder.php(2345): CodeIgniter\Database\BaseConnection->query('INSERT INTO `detail_pesanan` (`transaksi_id`, `produk_id`, `jumlah`, `harga`, `subtotal`, `catatan`) VALUES (:transaksi_id:, :produk_id:, :jumlah:, :harga:, :subtotal:, :catatan:)', [...], false)
 2 SYSTEMPATH\Model.php(394): CodeIgniter\Database\BaseBuilder->insert()
 3 SYSTEMPATH\BaseModel.php(838): CodeIgniter\Model->doInsert([...])
 4 SYSTEMPATH\Model.php(797): CodeIgniter\BaseModel->insert([...], true)
 5 APPPATH\Controllers\Admin\DetailPesananController.php(36): CodeIgniter\Model->insert([...])
 6 SYSTEMPATH\CodeIgniter.php(933): App\Controllers\Admin\DetailPesananController->create()
 7 SYSTEMPATH\CodeIgniter.php(507): CodeIgniter\CodeIgniter->runController(Object(App\Controllers\Admin\DetailPesananController))
 8 SYSTEMPATH\CodeIgniter.php(354): CodeIgniter\CodeIgniter->handleRequest(null, Object(Config\Cache), false)
 9 SYSTEMPATH\Boot.php(363): CodeIgniter\CodeIgniter->run()
10 SYSTEMPATH\Boot.php(68): CodeIgniter\Boot::runCodeIgniter(Object(CodeIgniter\CodeIgniter))
11 FCPATH\index.php(59): CodeIgniter\Boot::bootWeb(Object(Config\Paths))
12 SYSTEMPATH\rewrite.php(44): require_once('C:\\xampp\\htdocs\\sistem_informasi_percetakan\\public\\index.php')
CRITICAL - 2025-12-28 08:56:41 --> [Caused by] CodeIgniter\Database\Exceptions\DatabaseException: Unknown column 'produk_id' in 'field list'
in SYSTEMPATH\Database\MySQLi\Connection.php on line 332.
 1 SYSTEMPATH\Database\BaseConnection.php(729): CodeIgniter\Database\MySQLi\Connection->execute('INSERT INTO `detail_pesanan` (`transaksi_id`, `produk_id`, `jumlah`, `harga`, `subtotal`, `catatan`) VALUES (\'12\', NULL, NULL, \'0\', 0, NULL)')
 2 SYSTEMPATH\Database\BaseConnection.php(646): CodeIgniter\Database\BaseConnection->simpleQuery('INSERT INTO `detail_pesanan` (`transaksi_id`, `produk_id`, `jumlah`, `harga`, `subtotal`, `catatan`) VALUES (\'12\', NULL, NULL, \'0\', 0, NULL)')
 3 SYSTEMPATH\Database\BaseBuilder.php(2345): CodeIgniter\Database\BaseConnection->query('INSERT INTO `detail_pesanan` (`transaksi_id`, `produk_id`, `jumlah`, `harga`, `subtotal`, `catatan`) VALUES (:transaksi_id:, :produk_id:, :jumlah:, :harga:, :subtotal:, :catatan:)', [...], false)
 4 SYSTEMPATH\Model.php(394): CodeIgniter\Database\BaseBuilder->insert()
 5 SYSTEMPATH\BaseModel.php(838): CodeIgniter\Model->doInsert([...])
 6 SYSTEMPATH\Model.php(797): CodeIgniter\BaseModel->insert([...], true)
 7 APPPATH\Controllers\Admin\DetailPesananController.php(36): CodeIgniter\Model->insert([...])
 8 SYSTEMPATH\CodeIgniter.php(933): App\Controllers\Admin\DetailPesananController->create()
 9 SYSTEMPATH\CodeIgniter.php(507): CodeIgniter\CodeIgniter->runController(Object(App\Controllers\Admin\DetailPesananController))
10 SYSTEMPATH\CodeIgniter.php(354): CodeIgniter\CodeIgniter->handleRequest(null, Object(Config\Cache), false)
11 SYSTEMPATH\Boot.php(363): CodeIgniter\CodeIgniter->run()
12 SYSTEMPATH\Boot.php(68): CodeIgniter\Boot::runCodeIgniter(Object(CodeIgniter\CodeIgniter))
13 FCPATH\index.php(59): CodeIgniter\Boot::bootWeb(Object(Config\Paths))
14 SYSTEMPATH\rewrite.php(44): require_once('C:\\xampp\\htdocs\\sistem_informasi_percetakan\\public\\index.php')
CRITICAL - 2025-12-28 08:56:41 --> [Caused by] mysqli_sql_exception: Unknown column 'produk_id' in 'field list'
in SYSTEMPATH\Database\MySQLi\Connection.php on line 327.
 1 SYSTEMPATH\Database\MySQLi\Connection.php(327): mysqli->query('INSERT INTO `detail_pesanan` (`transaksi_id`, `produk_id`, `jumlah`, `harga`, `subtotal`, `catatan`) VALUES (\'12\', NULL, NULL, \'0\', 0, NULL)', 0)
 2 SYSTEMPATH\Database\BaseConnection.php(729): CodeIgniter\Database\MySQLi\Connection->execute('INSERT INTO `detail_pesanan` (`transaksi_id`, `produk_id`, `jumlah`, `harga`, `subtotal`, `catatan`) VALUES (\'12\', NULL, NULL, \'0\', 0, NULL)')
 3 SYSTEMPATH\Database\BaseConnection.php(646): CodeIgniter\Database\BaseConnection->simpleQuery('INSERT INTO `detail_pesanan` (`transaksi_id`, `produk_id`, `jumlah`, `harga`, `subtotal`, `catatan`) VALUES (\'12\', NULL, NULL, \'0\', 0, NULL)')
 4 SYSTEMPATH\Database\BaseBuilder.php(2345): CodeIgniter\Database\BaseConnection->query('INSERT INTO `detail_pesanan` (`transaksi_id`, `produk_id`, `jumlah`, `harga`, `subtotal`, `catatan`) VALUES (:transaksi_id:, :produk_id:, :jumlah:, :harga:, :subtotal:, :catatan:)', [...], false)
 5 SYSTEMPATH\Model.php(394): CodeIgniter\Database\BaseBuilder->insert()
 6 SYSTEMPATH\BaseModel.php(838): CodeIgniter\Model->doInsert([...])
 7 SYSTEMPATH\Model.php(797): CodeIgniter\BaseModel->insert([...], true)
 8 APPPATH\Controllers\Admin\DetailPesananController.php(36): CodeIgniter\Model->insert([...])
 9 SYSTEMPATH\CodeIgniter.php(933): App\Controllers\Admin\DetailPesananController->create()
10 SYSTEMPATH\CodeIgniter.php(507): CodeIgniter\CodeIgniter->runController(Object(App\Controllers\Admin\DetailPesananController))
11 SYSTEMPATH\CodeIgniter.php(354): CodeIgniter\CodeIgniter->handleRequest(null, Object(Config\Cache), false)
12 SYSTEMPATH\Boot.php(363): CodeIgniter\CodeIgniter->run()
13 SYSTEMPATH\Boot.php(68): CodeIgniter\Boot::runCodeIgniter(Object(CodeIgniter\CodeIgniter))
14 FCPATH\index.php(59): CodeIgniter\Boot::bootWeb(Object(Config\Paths))
15 SYSTEMPATH\rewrite.php(44): require_once('C:\\xampp\\htdocs\\sistem_informasi_percetakan\\public\\index.php')
DEBUG - 2025-12-28 09:07:52 --> Session: Class initialized using 'CodeIgniter\Session\Handlers\FileHandler' driver.
CRITICAL - 2025-12-28 09:07:52 --> CodeIgniter\View\Exceptions\ViewException: Invalid file: "admin/modul/detail_pesanan/create.php"
[Method: GET, Route: admin/detail-pesanan/new]
in SYSTEMPATH\Exceptions\FrameworkException.php on line 39.
 1 SYSTEMPATH\View\View.php(214): CodeIgniter\Exceptions\FrameworkException::forInvalidFile('admin/modul/detail_pesanan/create.php')
 2 SYSTEMPATH\Common.php(1199): CodeIgniter\View\View->render('admin/modul/detail_pesanan/create', [], true)
 3 APPPATH\Controllers\Admin\DetailPesananController.php(30): view('admin/modul/detail_pesanan/create', [...])
 4 SYSTEMPATH\CodeIgniter.php(933): App\Controllers\Admin\DetailPesananController->new()
 5 SYSTEMPATH\CodeIgniter.php(507): CodeIgniter\CodeIgniter->runController(Object(App\Controllers\Admin\DetailPesananController))
 6 SYSTEMPATH\CodeIgniter.php(354): CodeIgniter\CodeIgniter->handleRequest(null, Object(Config\Cache), false)
 7 SYSTEMPATH\Boot.php(363): CodeIgniter\CodeIgniter->run()
 8 SYSTEMPATH\Boot.php(68): CodeIgniter\Boot::runCodeIgniter(Object(CodeIgniter\CodeIgniter))
 9 FCPATH\index.php(59): CodeIgniter\Boot::bootWeb(Object(Config\Paths))
10 SYSTEMPATH\rewrite.php(44): require_once('C:\\xampp\\htdocs\\sistem_informasi_percetakan\\public\\index.php')
DEBUG - 2025-12-28 09:07:54 --> Session: Class initialized using 'CodeIgniter\Session\Handlers\FileHandler' driver.
CRITICAL - 2025-12-28 09:07:54 --> CodeIgniter\View\Exceptions\ViewException: Invalid file: "admin/modul/detail_pesanan/index.php"
[Method: GET, Route: admin/detail-pesanan]
in SYSTEMPATH\Exceptions\FrameworkException.php on line 39.
 1 SYSTEMPATH\View\View.php(214): CodeIgniter\Exceptions\FrameworkException::forInvalidFile('admin/modul/detail_pesanan/index.php')
 2 SYSTEMPATH\Common.php(1199): CodeIgniter\View\View->render('admin/modul/detail_pesanan/index', [], true)
 3 APPPATH\Controllers\Admin\DetailPesananController.php(17): view('admin/modul/detail_pesanan/index', [...])
 4 SYSTEMPATH\CodeIgniter.php(933): App\Controllers\Admin\DetailPesananController->index()
 5 SYSTEMPATH\CodeIgniter.php(507): CodeIgniter\CodeIgniter->runController(Object(App\Controllers\Admin\DetailPesananController))
 6 SYSTEMPATH\CodeIgniter.php(354): CodeIgniter\CodeIgniter->handleRequest(null, Object(Config\Cache), false)
 7 SYSTEMPATH\Boot.php(363): CodeIgniter\CodeIgniter->run()
 8 SYSTEMPATH\Boot.php(68): CodeIgniter\Boot::runCodeIgniter(Object(CodeIgniter\CodeIgniter))
 9 FCPATH\index.php(59): CodeIgniter\Boot::bootWeb(Object(Config\Paths))
10 SYSTEMPATH\rewrite.php(44): require_once('C:\\xampp\\htdocs\\sistem_informasi_percetakan\\public\\index.php')
DEBUG - 2025-12-28 09:07:55 --> Session: Class initialized using 'CodeIgniter\Session\Handlers\FileHandler' driver.
DEBUG - 2025-12-28 09:07:58 --> Session: Class initialized using 'CodeIgniter\Session\Handlers\FileHandler' driver.
CRITICAL - 2025-12-28 09:07:58 --> CodeIgniter\View\Exceptions\ViewException: Invalid file: "admin/modul/detail_pesanan/index.php"
[Method: GET, Route: admin/detail-pesanan]
in SYSTEMPATH\Exceptions\FrameworkException.php on line 39.
 1 SYSTEMPATH\View\View.php(214): CodeIgniter\Exceptions\FrameworkException::forInvalidFile('admin/modul/detail_pesanan/index.php')
 2 SYSTEMPATH\Common.php(1199): CodeIgniter\View\View->render('admin/modul/detail_pesanan/index', [], true)
 3 APPPATH\Controllers\Admin\DetailPesananController.php(17): view('admin/modul/detail_pesanan/index', [...])
 4 SYSTEMPATH\CodeIgniter.php(933): App\Controllers\Admin\DetailPesananController->index()
 5 SYSTEMPATH\CodeIgniter.php(507): CodeIgniter\CodeIgniter->runController(Object(App\Controllers\Admin\DetailPesananController))
 6 SYSTEMPATH\CodeIgniter.php(354): CodeIgniter\CodeIgniter->handleRequest(null, Object(Config\Cache), false)
 7 SYSTEMPATH\Boot.php(363): CodeIgniter\CodeIgniter->run()
 8 SYSTEMPATH\Boot.php(68): CodeIgniter\Boot::runCodeIgniter(Object(CodeIgniter\CodeIgniter))
 9 FCPATH\index.php(59): CodeIgniter\Boot::bootWeb(Object(Config\Paths))
10 SYSTEMPATH\rewrite.php(44): require_once('C:\\xampp\\htdocs\\sistem_informasi_percetakan\\public\\index.php')
DEBUG - 2025-12-28 09:09:01 --> Session: Class initialized using 'CodeIgniter\Session\Handlers\FileHandler' driver.
CRITICAL - 2025-12-28 09:09:01 --> CodeIgniter\View\Exceptions\ViewException: Invalid file: "admin/modul/detail_pesanan/index.php"
[Method: GET, Route: admin/detail-pesanan]
in SYSTEMPATH\Exceptions\FrameworkException.php on line 39.
 1 SYSTEMPATH\View\View.php(214): CodeIgniter\Exceptions\FrameworkException::forInvalidFile('admin/modul/detail_pesanan/index.php')
 2 SYSTEMPATH\Common.php(1199): CodeIgniter\View\View->render('admin/modul/detail_pesanan/index', [], true)
 3 APPPATH\Controllers\Admin\DetailPesananController.php(17): view('admin/modul/detail_pesanan/index', [...])
 4 SYSTEMPATH\CodeIgniter.php(933): App\Controllers\Admin\DetailPesananController->index()
 5 SYSTEMPATH\CodeIgniter.php(507): CodeIgniter\CodeIgniter->runController(Object(App\Controllers\Admin\DetailPesananController))
 6 SYSTEMPATH\CodeIgniter.php(354): CodeIgniter\CodeIgniter->handleRequest(null, Object(Config\Cache), false)
 7 SYSTEMPATH\Boot.php(363): CodeIgniter\CodeIgniter->run()
 8 SYSTEMPATH\Boot.php(68): CodeIgniter\Boot::runCodeIgniter(Object(CodeIgniter\CodeIgniter))
 9 FCPATH\index.php(59): CodeIgniter\Boot::bootWeb(Object(Config\Paths))
10 SYSTEMPATH\rewrite.php(44): require_once('C:\\xampp\\htdocs\\sistem_informasi_percetakan\\public\\index.php')
DEBUG - 2025-12-28 09:09:39 --> Session: Class initialized using 'CodeIgniter\Session\Handlers\FileHandler' driver.
CRITICAL - 2025-12-28 09:09:39 --> CodeIgniter\View\Exceptions\ViewException: Invalid file: "admin/modul/detail_pesanan/index.php"
[Method: GET, Route: admin/detail-pesanan]
in SYSTEMPATH\Exceptions\FrameworkException.php on line 39.
 1 SYSTEMPATH\View\View.php(214): CodeIgniter\Exceptions\FrameworkException::forInvalidFile('admin/modul/detail_pesanan/index.php')
 2 SYSTEMPATH\Common.php(1199): CodeIgniter\View\View->render('admin/modul/detail_pesanan/index', [], true)
 3 APPPATH\Controllers\Admin\DetailPesananController.php(17): view('admin/modul/detail_pesanan/index', [...])
 4 SYSTEMPATH\CodeIgniter.php(933): App\Controllers\Admin\DetailPesananController->index()
 5 SYSTEMPATH\CodeIgniter.php(507): CodeIgniter\CodeIgniter->runController(Object(App\Controllers\Admin\DetailPesananController))
 6 SYSTEMPATH\CodeIgniter.php(354): CodeIgniter\CodeIgniter->handleRequest(null, Object(Config\Cache), false)
 7 SYSTEMPATH\Boot.php(363): CodeIgniter\CodeIgniter->run()
 8 SYSTEMPATH\Boot.php(68): CodeIgniter\Boot::runCodeIgniter(Object(CodeIgniter\CodeIgniter))
 9 FCPATH\index.php(59): CodeIgniter\Boot::bootWeb(Object(Config\Paths))
10 SYSTEMPATH\rewrite.php(44): require_once('C:\\xampp\\htdocs\\sistem_informasi_percetakan\\public\\index.php')
DEBUG - 2025-12-28 09:13:12 --> Session: Class initialized using 'CodeIgniter\Session\Handlers\FileHandler' driver.
CRITICAL - 2025-12-28 09:13:12 --> CodeIgniter\View\Exceptions\ViewException: Invalid file: "admin/modules/detail_pesanan/index.php"
[Method: GET, Route: admin/detail-pesanan]
in SYSTEMPATH\Exceptions\FrameworkException.php on line 39.
 1 SYSTEMPATH\View\View.php(214): CodeIgniter\Exceptions\FrameworkException::forInvalidFile('admin/modules/detail_pesanan/index.php')
 2 SYSTEMPATH\Common.php(1199): CodeIgniter\View\View->render('admin/modules/detail_pesanan/index', [], true)
 3 APPPATH\Controllers\Admin\DetailPesananController.php(17): view('admin/modules/detail_pesanan/index', [...])
 4 SYSTEMPATH\CodeIgniter.php(933): App\Controllers\Admin\DetailPesananController->index()
 5 SYSTEMPATH\CodeIgniter.php(507): CodeIgniter\CodeIgniter->runController(Object(App\Controllers\Admin\DetailPesananController))
 6 SYSTEMPATH\CodeIgniter.php(354): CodeIgniter\CodeIgniter->handleRequest(null, Object(Config\Cache), false)
 7 SYSTEMPATH\Boot.php(363): CodeIgniter\CodeIgniter->run()
 8 SYSTEMPATH\Boot.php(68): CodeIgniter\Boot::runCodeIgniter(Object(CodeIgniter\CodeIgniter))
 9 FCPATH\index.php(59): CodeIgniter\Boot::bootWeb(Object(Config\Paths))
10 SYSTEMPATH\rewrite.php(44): require_once('C:\\xampp\\htdocs\\sistem_informasi_percetakan\\public\\index.php')
DEBUG - 2025-12-28 09:13:14 --> Session: Class initialized using 'CodeIgniter\Session\Handlers\FileHandler' driver.
DEBUG - 2025-12-28 09:13:17 --> Session: Class initialized using 'CodeIgniter\Session\Handlers\FileHandler' driver.
CRITICAL - 2025-12-28 09:13:17 --> CodeIgniter\View\Exceptions\ViewException: Invalid file: "admin/modules/detail_pesanan/index.php"
[Method: GET, Route: admin/detail-pesanan]
in SYSTEMPATH\Exceptions\FrameworkException.php on line 39.
 1 SYSTEMPATH\View\View.php(214): CodeIgniter\Exceptions\FrameworkException::forInvalidFile('admin/modules/detail_pesanan/index.php')
 2 SYSTEMPATH\Common.php(1199): CodeIgniter\View\View->render('admin/modules/detail_pesanan/index', [], true)
 3 APPPATH\Controllers\Admin\DetailPesananController.php(17): view('admin/modules/detail_pesanan/index', [...])
 4 SYSTEMPATH\CodeIgniter.php(933): App\Controllers\Admin\DetailPesananController->index()
 5 SYSTEMPATH\CodeIgniter.php(507): CodeIgniter\CodeIgniter->runController(Object(App\Controllers\Admin\DetailPesananController))
 6 SYSTEMPATH\CodeIgniter.php(354): CodeIgniter\CodeIgniter->handleRequest(null, Object(Config\Cache), false)
 7 SYSTEMPATH\Boot.php(363): CodeIgniter\CodeIgniter->run()
 8 SYSTEMPATH\Boot.php(68): CodeIgniter\Boot::runCodeIgniter(Object(CodeIgniter\CodeIgniter))
 9 FCPATH\index.php(59): CodeIgniter\Boot::bootWeb(Object(Config\Paths))
10 SYSTEMPATH\rewrite.php(44): require_once('C:\\xampp\\htdocs\\sistem_informasi_percetakan\\public\\index.php')
DEBUG - 2025-12-28 09:16:02 --> Session: Class initialized using 'CodeIgniter\Session\Handlers\FileHandler' driver.
DEBUG - 2025-12-28 09:23:52 --> Session: Class initialized using 'CodeIgniter\Session\Handlers\FileHandler' driver.
DEBUG - 2025-12-28 09:28:55 --> Session: Class initialized using 'CodeIgniter\Session\Handlers\FileHandler' driver.
DEBUG - 2025-12-28 09:30:19 --> Session: Class initialized using 'CodeIgniter\Session\Handlers\FileHandler' driver.
WARNING - 2025-12-28 09:30:33 --> [DEPRECATED] Setting lowercase HTTP method key "post" is deprecated. Use uppercase HTTP method like "POST". in SYSTEMPATH\Filters\Filters.php on line 744.
 1 SYSTEMPATH\Filters\Filters.php(744): trigger_error('Setting lowercase HTTP method key "post" is deprecated. Use uppercase HTTP method like "POST".', 16384)
 2 SYSTEMPATH\Filters\Filters.php(475): CodeIgniter\Filters\Filters->processMethods()
 3 SYSTEMPATH\Filters\Filters.php(218): CodeIgniter\Filters\Filters->initialize('admin/detail_pesanan')
 4 SYSTEMPATH\CodeIgniter.php(479): CodeIgniter\Filters\Filters->run('admin/detail_pesanan', 'before')
 5 SYSTEMPATH\CodeIgniter.php(354): CodeIgniter\CodeIgniter->handleRequest(null, Object(Config\Cache), false)
 6 SYSTEMPATH\Boot.php(363): CodeIgniter\CodeIgniter->run()
 7 SYSTEMPATH\Boot.php(68): CodeIgniter\Boot::runCodeIgniter(Object(CodeIgniter\CodeIgniter))
 8 FCPATH\index.php(59): CodeIgniter\Boot::bootWeb(Object(Config\Paths))
 9 SYSTEMPATH\rewrite.php(44): require_once('C:\\xampp\\htdocs\\sistem_informasi_percetakan\\public\\index.php')
INFO - 2025-12-28 09:30:33 --> CSRF token verified.
DEBUG - 2025-12-28 09:30:33 --> Session: Class initialized using 'CodeIgniter\Session\Handlers\FileHandler' driver.
ERROR - 2025-12-28 09:30:33 --> mysqli_sql_exception: Cannot add or update a child row: a foreign key constraint fails (`sistem_informasi_percetakan`.`detail_pesanan`, CONSTRAINT `detail_pesanan_ibfk_1` FOREIGN KEY (`transaksi_id`) REFERENCES `transaksi` (`id`) ON DELETE CASCADE) in C:\xampp\htdocs\sistem_informasi_percetakan\system\Database\MySQLi\Connection.php:327
Stack trace:
#0 C:\xampp\htdocs\sistem_informasi_percetakan\system\Database\MySQLi\Connection.php(327): mysqli->query('INSERT INTO `de...', 0)
#1 C:\xampp\htdocs\sistem_informasi_percetakan\system\Database\BaseConnection.php(729): CodeIgniter\Database\MySQLi\Connection->execute('INSERT INTO `de...')
#2 C:\xampp\htdocs\sistem_informasi_percetakan\system\Database\BaseConnection.php(646): CodeIgniter\Database\BaseConnection->simpleQuery('INSERT INTO `de...')
#3 C:\xampp\htdocs\sistem_informasi_percetakan\system\Database\BaseBuilder.php(2345): CodeIgniter\Database\BaseConnection->query('INSERT INTO `de...', Array, false)
#4 C:\xampp\htdocs\sistem_informasi_percetakan\system\Model.php(394): CodeIgniter\Database\BaseBuilder->insert()
#5 C:\xampp\htdocs\sistem_informasi_percetakan\system\BaseModel.php(838): CodeIgniter\Model->doInsert(Array)
#6 C:\xampp\htdocs\sistem_informasi_percetakan\system\Model.php(797): CodeIgniter\BaseModel->insert(Array, true)
#7 C:\xampp\htdocs\sistem_informasi_percetakan\app\Controllers\Admin\DetailPesananController.php(39): CodeIgniter\Model->insert(Array)
#8 C:\xampp\htdocs\sistem_informasi_percetakan\system\CodeIgniter.php(933): App\Controllers\Admin\DetailPesananController->create()
#9 C:\xampp\htdocs\sistem_informasi_percetakan\system\CodeIgniter.php(507): CodeIgniter\CodeIgniter->runController(Object(App\Controllers\Admin\DetailPesananController))
#10 C:\xampp\htdocs\sistem_informasi_percetakan\system\CodeIgniter.php(354): CodeIgniter\CodeIgniter->handleRequest(NULL, Object(Config\Cache), false)
#11 C:\xampp\htdocs\sistem_informasi_percetakan\system\Boot.php(363): CodeIgniter\CodeIgniter->run()
#12 C:\xampp\htdocs\sistem_informasi_percetakan\system\Boot.php(68): CodeIgniter\Boot::runCodeIgniter(Object(CodeIgniter\CodeIgniter))
#13 C:\xampp\htdocs\sistem_informasi_percetakan\public\index.php(59): CodeIgniter\Boot::bootWeb(Object(Config\Paths))
#14 C:\xampp\htdocs\sistem_informasi_percetakan\system\rewrite.php(44): require_once('C:\\xampp\\htdocs...')
#15 {main}
CRITICAL - 2025-12-28 09:30:33 --> CodeIgniter\Database\Exceptions\DatabaseException: Cannot add or update a child row: a foreign key constraint fails (`sistem_informasi_percetakan`.`detail_pesanan`, CONSTRAINT `detail_pesanan_ibfk_1` FOREIGN KEY (`transaksi_id`) REFERENCES `transaksi` (`id`) ON DELETE CASCADE)
[Method: POST, Route: admin/detail_pesanan]
in SYSTEMPATH\Database\BaseConnection.php on line 684.
 1 SYSTEMPATH\Database\BaseBuilder.php(2345): CodeIgniter\Database\BaseConnection->query('INSERT INTO `detail_pesanan` (`transaksi_id`, `layanan_id`, `bahan_id`, `deskripsi`, `qty`, `harga`, `subtotal`) VALUES (:transaksi_id:, :layanan_id:, :bahan_id:, :deskripsi:, :qty:, :harga:, :subtotal:)', [...], false)
 2 SYSTEMPATH\Model.php(394): CodeIgniter\Database\BaseBuilder->insert()
 3 SYSTEMPATH\BaseModel.php(838): CodeIgniter\Model->doInsert([...])
 4 SYSTEMPATH\Model.php(797): CodeIgniter\BaseModel->insert([...], true)
 5 APPPATH\Controllers\Admin\DetailPesananController.php(39): CodeIgniter\Model->insert([...])
 6 SYSTEMPATH\CodeIgniter.php(933): App\Controllers\Admin\DetailPesananController->create()
 7 SYSTEMPATH\CodeIgniter.php(507): CodeIgniter\CodeIgniter->runController(Object(App\Controllers\Admin\DetailPesananController))
 8 SYSTEMPATH\CodeIgniter.php(354): CodeIgniter\CodeIgniter->handleRequest(null, Object(Config\Cache), false)
 9 SYSTEMPATH\Boot.php(363): CodeIgniter\CodeIgniter->run()
10 SYSTEMPATH\Boot.php(68): CodeIgniter\Boot::runCodeIgniter(Object(CodeIgniter\CodeIgniter))
11 FCPATH\index.php(59): CodeIgniter\Boot::bootWeb(Object(Config\Paths))
12 SYSTEMPATH\rewrite.php(44): require_once('C:\\xampp\\htdocs\\sistem_informasi_percetakan\\public\\index.php')
CRITICAL - 2025-12-28 09:30:33 --> [Caused by] CodeIgniter\Database\Exceptions\DatabaseException: Cannot add or update a child row: a foreign key constraint fails (`sistem_informasi_percetakan`.`detail_pesanan`, CONSTRAINT `detail_pesanan_ibfk_1` FOREIGN KEY (`transaksi_id`) REFERENCES `transaksi` (`id`) ON DELETE CASCADE)
in SYSTEMPATH\Database\MySQLi\Connection.php on line 332.
 1 SYSTEMPATH\Database\BaseConnection.php(729): CodeIgniter\Database\MySQLi\Connection->execute('INSERT INTO `detail_pesanan` (`transaksi_id`, `layanan_id`, `bahan_id`, `deskripsi`, `qty`, `harga`, `subtotal`) VALUES (\'12\', \'4\', \'1\', \'12312\', \'1\', \'0\', 0)')
 2 SYSTEMPATH\Database\BaseConnection.php(646): CodeIgniter\Database\BaseConnection->simpleQuery('INSERT INTO `detail_pesanan` (`transaksi_id`, `layanan_id`, `bahan_id`, `deskripsi`, `qty`, `harga`, `subtotal`) VALUES (\'12\', \'4\', \'1\', \'12312\', \'1\', \'0\', 0)')
 3 SYSTEMPATH\Database\BaseBuilder.php(2345): CodeIgniter\Database\BaseConnection->query('INSERT INTO `detail_pesanan` (`transaksi_id`, `layanan_id`, `bahan_id`, `deskripsi`, `qty`, `harga`, `subtotal`) VALUES (:transaksi_id:, :layanan_id:, :bahan_id:, :deskripsi:, :qty:, :harga:, :subtotal:)', [...], false)
 4 SYSTEMPATH\Model.php(394): CodeIgniter\Database\BaseBuilder->insert()
 5 SYSTEMPATH\BaseModel.php(838): CodeIgniter\Model->doInsert([...])
 6 SYSTEMPATH\Model.php(797): CodeIgniter\BaseModel->insert([...], true)
 7 APPPATH\Controllers\Admin\DetailPesananController.php(39): CodeIgniter\Model->insert([...])
 8 SYSTEMPATH\CodeIgniter.php(933): App\Controllers\Admin\DetailPesananController->create()
 9 SYSTEMPATH\CodeIgniter.php(507): CodeIgniter\CodeIgniter->runController(Object(App\Controllers\Admin\DetailPesananController))
10 SYSTEMPATH\CodeIgniter.php(354): CodeIgniter\CodeIgniter->handleRequest(null, Object(Config\Cache), false)
11 SYSTEMPATH\Boot.php(363): CodeIgniter\CodeIgniter->run()
12 SYSTEMPATH\Boot.php(68): CodeIgniter\Boot::runCodeIgniter(Object(CodeIgniter\CodeIgniter))
13 FCPATH\index.php(59): CodeIgniter\Boot::bootWeb(Object(Config\Paths))
14 SYSTEMPATH\rewrite.php(44): require_once('C:\\xampp\\htdocs\\sistem_informasi_percetakan\\public\\index.php')
CRITICAL - 2025-12-28 09:30:33 --> [Caused by] mysqli_sql_exception: Cannot add or update a child row: a foreign key constraint fails (`sistem_informasi_percetakan`.`detail_pesanan`, CONSTRAINT `detail_pesanan_ibfk_1` FOREIGN KEY (`transaksi_id`) REFERENCES `transaksi` (`id`) ON DELETE CASCADE)
in SYSTEMPATH\Database\MySQLi\Connection.php on line 327.
 1 SYSTEMPATH\Database\MySQLi\Connection.php(327): mysqli->query('INSERT INTO `detail_pesanan` (`transaksi_id`, `layanan_id`, `bahan_id`, `deskripsi`, `qty`, `harga`, `subtotal`) VALUES (\'12\', \'4\', \'1\', \'12312\', \'1\', \'0\', 0)', 0)
 2 SYSTEMPATH\Database\BaseConnection.php(729): CodeIgniter\Database\MySQLi\Connection->execute('INSERT INTO `detail_pesanan` (`transaksi_id`, `layanan_id`, `bahan_id`, `deskripsi`, `qty`, `harga`, `subtotal`) VALUES (\'12\', \'4\', \'1\', \'12312\', \'1\', \'0\', 0)')
 3 SYSTEMPATH\Database\BaseConnection.php(646): CodeIgniter\Database\BaseConnection->simpleQuery('INSERT INTO `detail_pesanan` (`transaksi_id`, `layanan_id`, `bahan_id`, `deskripsi`, `qty`, `harga`, `subtotal`) VALUES (\'12\', \'4\', \'1\', \'12312\', \'1\', \'0\', 0)')
 4 SYSTEMPATH\Database\BaseBuilder.php(2345): CodeIgniter\Database\BaseConnection->query('INSERT INTO `detail_pesanan` (`transaksi_id`, `layanan_id`, `bahan_id`, `deskripsi`, `qty`, `harga`, `subtotal`) VALUES (:transaksi_id:, :layanan_id:, :bahan_id:, :deskripsi:, :qty:, :harga:, :subtotal:)', [...], false)
 5 SYSTEMPATH\Model.php(394): CodeIgniter\Database\BaseBuilder->insert()
 6 SYSTEMPATH\BaseModel.php(838): CodeIgniter\Model->doInsert([...])
 7 SYSTEMPATH\Model.php(797): CodeIgniter\BaseModel->insert([...], true)
 8 APPPATH\Controllers\Admin\DetailPesananController.php(39): CodeIgniter\Model->insert([...])
 9 SYSTEMPATH\CodeIgniter.php(933): App\Controllers\Admin\DetailPesananController->create()
10 SYSTEMPATH\CodeIgniter.php(507): CodeIgniter\CodeIgniter->runController(Object(App\Controllers\Admin\DetailPesananController))
11 SYSTEMPATH\CodeIgniter.php(354): CodeIgniter\CodeIgniter->handleRequest(null, Object(Config\Cache), false)
12 SYSTEMPATH\Boot.php(363): CodeIgniter\CodeIgniter->run()
13 SYSTEMPATH\Boot.php(68): CodeIgniter\Boot::runCodeIgniter(Object(CodeIgniter\CodeIgniter))
14 FCPATH\index.php(59): CodeIgniter\Boot::bootWeb(Object(Config\Paths))
15 SYSTEMPATH\rewrite.php(44): require_once('C:\\xampp\\htdocs\\sistem_informasi_percetakan\\public\\index.php')
WARNING - 2025-12-28 09:32:09 --> [DEPRECATED] Setting lowercase HTTP method key "post" is deprecated. Use uppercase HTTP method like "POST". in SYSTEMPATH\Filters\Filters.php on line 744.
 1 SYSTEMPATH\Filters\Filters.php(744): trigger_error('Setting lowercase HTTP method key "post" is deprecated. Use uppercase HTTP method like "POST".', 16384)
 2 SYSTEMPATH\Filters\Filters.php(475): CodeIgniter\Filters\Filters->processMethods()
 3 SYSTEMPATH\Filters\Filters.php(218): CodeIgniter\Filters\Filters->initialize('admin/detail_pesanan')
 4 SYSTEMPATH\CodeIgniter.php(479): CodeIgniter\Filters\Filters->run('admin/detail_pesanan', 'before')
 5 SYSTEMPATH\CodeIgniter.php(354): CodeIgniter\CodeIgniter->handleRequest(null, Object(Config\Cache), false)
 6 SYSTEMPATH\Boot.php(363): CodeIgniter\CodeIgniter->run()
 7 SYSTEMPATH\Boot.php(68): CodeIgniter\Boot::runCodeIgniter(Object(CodeIgniter\CodeIgniter))
 8 FCPATH\index.php(59): CodeIgniter\Boot::bootWeb(Object(Config\Paths))
 9 SYSTEMPATH\rewrite.php(44): require_once('C:\\xampp\\htdocs\\sistem_informasi_percetakan\\public\\index.php')
INFO - 2025-12-28 09:32:09 --> CSRF token verified.
DEBUG - 2025-12-28 09:32:09 --> Session: Class initialized using 'CodeIgniter\Session\Handlers\FileHandler' driver.
DEBUG - 2025-12-28 09:32:09 --> Session: Class initialized using 'CodeIgniter\Session\Handlers\FileHandler' driver.
DEBUG - 2025-12-28 09:38:45 --> Session: Class initialized using 'CodeIgniter\Session\Handlers\FileHandler' driver.
WARNING - 2025-12-28 09:38:52 --> [DEPRECATED] Setting lowercase HTTP method key "post" is deprecated. Use uppercase HTTP method like "POST". in SYSTEMPATH\Filters\Filters.php on line 744.
 1 SYSTEMPATH\Filters\Filters.php(744): trigger_error('Setting lowercase HTTP method key "post" is deprecated. Use uppercase HTTP method like "POST".', 16384)
 2 SYSTEMPATH\Filters\Filters.php(475): CodeIgniter\Filters\Filters->processMethods()
 3 SYSTEMPATH\Filters\Filters.php(218): CodeIgniter\Filters\Filters->initialize('login')
 4 SYSTEMPATH\CodeIgniter.php(479): CodeIgniter\Filters\Filters->run('login', 'before')
 5 SYSTEMPATH\CodeIgniter.php(354): CodeIgniter\CodeIgniter->handleRequest(null, Object(Config\Cache), false)
 6 SYSTEMPATH\Boot.php(363): CodeIgniter\CodeIgniter->run()
 7 SYSTEMPATH\Boot.php(68): CodeIgniter\Boot::runCodeIgniter(Object(CodeIgniter\CodeIgniter))
 8 FCPATH\index.php(59): CodeIgniter\Boot::bootWeb(Object(Config\Paths))
 9 SYSTEMPATH\rewrite.php(44): require_once('C:\\xampp\\htdocs\\sistem_informasi_percetakan\\public\\index.php')
INFO - 2025-12-28 09:38:52 --> CSRF token verified.
DEBUG - 2025-12-28 09:38:52 --> Session: Class initialized using 'CodeIgniter\Session\Handlers\FileHandler' driver.
DEBUG - 2025-12-28 09:38:52 --> Session: Class initialized using 'CodeIgniter\Session\Handlers\FileHandler' driver.
DEBUG - 2025-12-28 09:43:50 --> Session: Class initialized using 'CodeIgniter\Session\Handlers\FileHandler' driver.
DEBUG - 2025-12-28 09:44:38 --> Session: Class initialized using 'CodeIgniter\Session\Handlers\FileHandler' driver.
DEBUG - 2025-12-28 09:44:43 --> Session: Class initialized using 'CodeIgniter\Session\Handlers\FileHandler' driver.
DEBUG - 2025-12-28 09:44:43 --> Session: Class initialized using 'CodeIgniter\Session\Handlers\FileHandler' driver.
WARNING - 2025-12-28 09:44:51 --> [DEPRECATED] Setting lowercase HTTP method key "post" is deprecated. Use uppercase HTTP method like "POST". in SYSTEMPATH\Filters\Filters.php on line 744.
 1 SYSTEMPATH\Filters\Filters.php(744): trigger_error('Setting lowercase HTTP method key "post" is deprecated. Use uppercase HTTP method like "POST".', 16384)
 2 SYSTEMPATH\Filters\Filters.php(475): CodeIgniter\Filters\Filters->processMethods()
 3 SYSTEMPATH\Filters\Filters.php(218): CodeIgniter\Filters\Filters->initialize('login')
 4 SYSTEMPATH\CodeIgniter.php(479): CodeIgniter\Filters\Filters->run('login', 'before')
 5 SYSTEMPATH\CodeIgniter.php(354): CodeIgniter\CodeIgniter->handleRequest(null, Object(Config\Cache), false)
 6 SYSTEMPATH\Boot.php(363): CodeIgniter\CodeIgniter->run()
 7 SYSTEMPATH\Boot.php(68): CodeIgniter\Boot::runCodeIgniter(Object(CodeIgniter\CodeIgniter))
 8 FCPATH\index.php(59): CodeIgniter\Boot::bootWeb(Object(Config\Paths))
 9 SYSTEMPATH\rewrite.php(44): require_once('C:\\xampp\\htdocs\\sistem_informasi_percetakan\\public\\index.php')
INFO - 2025-12-28 09:44:51 --> CSRF token verified.
DEBUG - 2025-12-28 09:44:51 --> Session: Class initialized using 'CodeIgniter\Session\Handlers\FileHandler' driver.
DEBUG - 2025-12-28 09:44:51 --> Session: Class initialized using 'CodeIgniter\Session\Handlers\FileHandler' driver.
DEBUG - 2025-12-28 09:44:56 --> Session: Class initialized using 'CodeIgniter\Session\Handlers\FileHandler' driver.
DEBUG - 2025-12-28 09:44:59 --> Session: Class initialized using 'CodeIgniter\Session\Handlers\FileHandler' driver.
DEBUG - 2025-12-28 09:45:11 --> Session: Class initialized using 'CodeIgniter\Session\Handlers\FileHandler' driver.
DEBUG - 2025-12-28 09:45:14 --> Session: Class initialized using 'CodeIgniter\Session\Handlers\FileHandler' driver.
WARNING - 2025-12-28 09:45:32 --> [DEPRECATED] Setting lowercase HTTP method key "post" is deprecated. Use uppercase HTTP method like "POST". in SYSTEMPATH\Filters\Filters.php on line 744.
 1 SYSTEMPATH\Filters\Filters.php(744): trigger_error('Setting lowercase HTTP method key "post" is deprecated. Use uppercase HTTP method like "POST".', 16384)
 2 SYSTEMPATH\Filters\Filters.php(475): CodeIgniter\Filters\Filters->processMethods()
 3 SYSTEMPATH\Filters\Filters.php(218): CodeIgniter\Filters\Filters->initialize('admin/pembelian')
 4 SYSTEMPATH\CodeIgniter.php(479): CodeIgniter\Filters\Filters->run('admin/pembelian', 'before')
 5 SYSTEMPATH\CodeIgniter.php(354): CodeIgniter\CodeIgniter->handleRequest(null, Object(Config\Cache), false)
 6 SYSTEMPATH\Boot.php(363): CodeIgniter\CodeIgniter->run()
 7 SYSTEMPATH\Boot.php(68): CodeIgniter\Boot::runCodeIgniter(Object(CodeIgniter\CodeIgniter))
 8 FCPATH\index.php(59): CodeIgniter\Boot::bootWeb(Object(Config\Paths))
 9 SYSTEMPATH\rewrite.php(44): require_once('C:\\xampp\\htdocs\\sistem_informasi_percetakan\\public\\index.php')
INFO - 2025-12-28 09:45:32 --> CSRF token verified.
DEBUG - 2025-12-28 09:45:32 --> Session: Class initialized using 'CodeIgniter\Session\Handlers\FileHandler' driver.
DEBUG - 2025-12-28 09:45:32 --> Session: Class initialized using 'CodeIgniter\Session\Handlers\FileHandler' driver.
DEBUG - 2025-12-28 09:45:37 --> Session: Class initialized using 'CodeIgniter\Session\Handlers\FileHandler' driver.
DEBUG - 2025-12-28 09:45:40 --> Session: Class initialized using 'CodeIgniter\Session\Handlers\FileHandler' driver.
DEBUG - 2025-12-28 09:45:55 --> Session: Class initialized using 'CodeIgniter\Session\Handlers\FileHandler' driver.
DEBUG - 2025-12-28 09:45:58 --> Session: Class initialized using 'CodeIgniter\Session\Handlers\FileHandler' driver.
DEBUG - 2025-12-28 09:46:02 --> Session: Class initialized using 'CodeIgniter\Session\Handlers\FileHandler' driver.
WARNING - 2025-12-28 09:46:32 --> [DEPRECATED] Setting lowercase HTTP method key "post" is deprecated. Use uppercase HTTP method like "POST". in SYSTEMPATH\Filters\Filters.php on line 744.
 1 SYSTEMPATH\Filters\Filters.php(744): trigger_error('Setting lowercase HTTP method key "post" is deprecated. Use uppercase HTTP method like "POST".', 16384)
 2 SYSTEMPATH\Filters\Filters.php(475): CodeIgniter\Filters\Filters->processMethods()
 3 SYSTEMPATH\Filters\Filters.php(218): CodeIgniter\Filters\Filters->initialize('admin/detail_pembelian')
 4 SYSTEMPATH\CodeIgniter.php(479): CodeIgniter\Filters\Filters->run('admin/detail_pembelian', 'before')
 5 SYSTEMPATH\CodeIgniter.php(354): CodeIgniter\CodeIgniter->handleRequest(null, Object(Config\Cache), false)
 6 SYSTEMPATH\Boot.php(363): CodeIgniter\CodeIgniter->run()
 7 SYSTEMPATH\Boot.php(68): CodeIgniter\Boot::runCodeIgniter(Object(CodeIgniter\CodeIgniter))
 8 FCPATH\index.php(59): CodeIgniter\Boot::bootWeb(Object(Config\Paths))
 9 SYSTEMPATH\rewrite.php(44): require_once('C:\\xampp\\htdocs\\sistem_informasi_percetakan\\public\\index.php')
INFO - 2025-12-28 09:46:32 --> CSRF token verified.
DEBUG - 2025-12-28 09:46:32 --> Session: Class initialized using 'CodeIgniter\Session\Handlers\FileHandler' driver.
ERROR - 2025-12-28 09:46:32 --> mysqli_sql_exception: Cannot add or update a child row: a foreign key constraint fails (`sistem_informasi_percetakan`.`detail_pembelian`, CONSTRAINT `detail_pembelian_ibfk_1` FOREIGN KEY (`pembelian_id`) REFERENCES `pembelian` (`id`) ON DELETE CASCADE) in C:\xampp\htdocs\sistem_informasi_percetakan\system\Database\MySQLi\Connection.php:327
Stack trace:
#0 C:\xampp\htdocs\sistem_informasi_percetakan\system\Database\MySQLi\Connection.php(327): mysqli->query('INSERT INTO `de...', 0)
#1 C:\xampp\htdocs\sistem_informasi_percetakan\system\Database\BaseConnection.php(729): CodeIgniter\Database\MySQLi\Connection->execute('INSERT INTO `de...')
#2 C:\xampp\htdocs\sistem_informasi_percetakan\system\Database\BaseConnection.php(646): CodeIgniter\Database\BaseConnection->simpleQuery('INSERT INTO `de...')
#3 C:\xampp\htdocs\sistem_informasi_percetakan\system\Database\BaseBuilder.php(2345): CodeIgniter\Database\BaseConnection->query('INSERT INTO `de...', Array, false)
#4 C:\xampp\htdocs\sistem_informasi_percetakan\system\Model.php(394): CodeIgniter\Database\BaseBuilder->insert()
#5 C:\xampp\htdocs\sistem_informasi_percetakan\system\BaseModel.php(838): CodeIgniter\Model->doInsert(Array)
#6 C:\xampp\htdocs\sistem_informasi_percetakan\system\Model.php(797): CodeIgniter\BaseModel->insert(Array, true)
#7 C:\xampp\htdocs\sistem_informasi_percetakan\app\Controllers\Admin\DetailPembelianController.php(25): CodeIgniter\Model->insert(Array)
#8 C:\xampp\htdocs\sistem_informasi_percetakan\system\CodeIgniter.php(933): App\Controllers\Admin\DetailPembelianController->create()
#9 C:\xampp\htdocs\sistem_informasi_percetakan\system\CodeIgniter.php(507): CodeIgniter\CodeIgniter->runController(Object(App\Controllers\Admin\DetailPembelianController))
#10 C:\xampp\htdocs\sistem_informasi_percetakan\system\CodeIgniter.php(354): CodeIgniter\CodeIgniter->handleRequest(NULL, Object(Config\Cache), false)
#11 C:\xampp\htdocs\sistem_informasi_percetakan\system\Boot.php(363): CodeIgniter\CodeIgniter->run()
#12 C:\xampp\htdocs\sistem_informasi_percetakan\system\Boot.php(68): CodeIgniter\Boot::runCodeIgniter(Object(CodeIgniter\CodeIgniter))
#13 C:\xampp\htdocs\sistem_informasi_percetakan\public\index.php(59): CodeIgniter\Boot::bootWeb(Object(Config\Paths))
#14 C:\xampp\htdocs\sistem_informasi_percetakan\system\rewrite.php(44): require_once('C:\\xampp\\htdocs...')
#15 {main}
CRITICAL - 2025-12-28 09:46:32 --> CodeIgniter\Database\Exceptions\DatabaseException: Cannot add or update a child row: a foreign key constraint fails (`sistem_informasi_percetakan`.`detail_pembelian`, CONSTRAINT `detail_pembelian_ibfk_1` FOREIGN KEY (`pembelian_id`) REFERENCES `pembelian` (`id`) ON DELETE CASCADE)
[Method: POST, Route: admin/detail_pembelian]
in SYSTEMPATH\Database\BaseConnection.php on line 684.
 1 SYSTEMPATH\Database\BaseBuilder.php(2345): CodeIgniter\Database\BaseConnection->query('INSERT INTO `detail_pembelian` (`pembelian_id`, `bahan_id`, `qty`, `harga`, `subtotal`) VALUES (:pembelian_id:, :bahan_id:, :qty:, :harga:, :subtotal:)', [...], false)
 2 SYSTEMPATH\Model.php(394): CodeIgniter\Database\BaseBuilder->insert()
 3 SYSTEMPATH\BaseModel.php(838): CodeIgniter\Model->doInsert([...])
 4 SYSTEMPATH\Model.php(797): CodeIgniter\BaseModel->insert([...], true)
 5 APPPATH\Controllers\Admin\DetailPembelianController.php(25): CodeIgniter\Model->insert([...])
 6 SYSTEMPATH\CodeIgniter.php(933): App\Controllers\Admin\DetailPembelianController->create()
 7 SYSTEMPATH\CodeIgniter.php(507): CodeIgniter\CodeIgniter->runController(Object(App\Controllers\Admin\DetailPembelianController))
 8 SYSTEMPATH\CodeIgniter.php(354): CodeIgniter\CodeIgniter->handleRequest(null, Object(Config\Cache), false)
 9 SYSTEMPATH\Boot.php(363): CodeIgniter\CodeIgniter->run()
10 SYSTEMPATH\Boot.php(68): CodeIgniter\Boot::runCodeIgniter(Object(CodeIgniter\CodeIgniter))
11 FCPATH\index.php(59): CodeIgniter\Boot::bootWeb(Object(Config\Paths))
12 SYSTEMPATH\rewrite.php(44): require_once('C:\\xampp\\htdocs\\sistem_informasi_percetakan\\public\\index.php')
CRITICAL - 2025-12-28 09:46:32 --> [Caused by] CodeIgniter\Database\Exceptions\DatabaseException: Cannot add or update a child row: a foreign key constraint fails (`sistem_informasi_percetakan`.`detail_pembelian`, CONSTRAINT `detail_pembelian_ibfk_1` FOREIGN KEY (`pembelian_id`) REFERENCES `pembelian` (`id`) ON DELETE CASCADE)
in SYSTEMPATH\Database\MySQLi\Connection.php on line 332.
 1 SYSTEMPATH\Database\BaseConnection.php(729): CodeIgniter\Database\MySQLi\Connection->execute('INSERT INTO `detail_pembelian` (`pembelian_id`, `bahan_id`, `qty`, `harga`, `subtotal`) VALUES (\'1\', \'1\', \'500\', \'10000000\', 5000000000)')
 2 SYSTEMPATH\Database\BaseConnection.php(646): CodeIgniter\Database\BaseConnection->simpleQuery('INSERT INTO `detail_pembelian` (`pembelian_id`, `bahan_id`, `qty`, `harga`, `subtotal`) VALUES (\'1\', \'1\', \'500\', \'10000000\', 5000000000)')
 3 SYSTEMPATH\Database\BaseBuilder.php(2345): CodeIgniter\Database\BaseConnection->query('INSERT INTO `detail_pembelian` (`pembelian_id`, `bahan_id`, `qty`, `harga`, `subtotal`) VALUES (:pembelian_id:, :bahan_id:, :qty:, :harga:, :subtotal:)', [...], false)
 4 SYSTEMPATH\Model.php(394): CodeIgniter\Database\BaseBuilder->insert()
 5 SYSTEMPATH\BaseModel.php(838): CodeIgniter\Model->doInsert([...])
 6 SYSTEMPATH\Model.php(797): CodeIgniter\BaseModel->insert([...], true)
 7 APPPATH\Controllers\Admin\DetailPembelianController.php(25): CodeIgniter\Model->insert([...])
 8 SYSTEMPATH\CodeIgniter.php(933): App\Controllers\Admin\DetailPembelianController->create()
 9 SYSTEMPATH\CodeIgniter.php(507): CodeIgniter\CodeIgniter->runController(Object(App\Controllers\Admin\DetailPembelianController))
10 SYSTEMPATH\CodeIgniter.php(354): CodeIgniter\CodeIgniter->handleRequest(null, Object(Config\Cache), false)
11 SYSTEMPATH\Boot.php(363): CodeIgniter\CodeIgniter->run()
12 SYSTEMPATH\Boot.php(68): CodeIgniter\Boot::runCodeIgniter(Object(CodeIgniter\CodeIgniter))
13 FCPATH\index.php(59): CodeIgniter\Boot::bootWeb(Object(Config\Paths))
14 SYSTEMPATH\rewrite.php(44): require_once('C:\\xampp\\htdocs\\sistem_informasi_percetakan\\public\\index.php')
CRITICAL - 2025-12-28 09:46:32 --> [Caused by] mysqli_sql_exception: Cannot add or update a child row: a foreign key constraint fails (`sistem_informasi_percetakan`.`detail_pembelian`, CONSTRAINT `detail_pembelian_ibfk_1` FOREIGN KEY (`pembelian_id`) REFERENCES `pembelian` (`id`) ON DELETE CASCADE)
in SYSTEMPATH\Database\MySQLi\Connection.php on line 327.
 1 SYSTEMPATH\Database\MySQLi\Connection.php(327): mysqli->query('INSERT INTO `detail_pembelian` (`pembelian_id`, `bahan_id`, `qty`, `harga`, `subtotal`) VALUES (\'1\', \'1\', \'500\', \'10000000\', 5000000000)', 0)
 2 SYSTEMPATH\Database\BaseConnection.php(729): CodeIgniter\Database\MySQLi\Connection->execute('INSERT INTO `detail_pembelian` (`pembelian_id`, `bahan_id`, `qty`, `harga`, `subtotal`) VALUES (\'1\', \'1\', \'500\', \'10000000\', 5000000000)')
 3 SYSTEMPATH\Database\BaseConnection.php(646): CodeIgniter\Database\BaseConnection->simpleQuery('INSERT INTO `detail_pembelian` (`pembelian_id`, `bahan_id`, `qty`, `harga`, `subtotal`) VALUES (\'1\', \'1\', \'500\', \'10000000\', 5000000000)')
 4 SYSTEMPATH\Database\BaseBuilder.php(2345): CodeIgniter\Database\BaseConnection->query('INSERT INTO `detail_pembelian` (`pembelian_id`, `bahan_id`, `qty`, `harga`, `subtotal`) VALUES (:pembelian_id:, :bahan_id:, :qty:, :harga:, :subtotal:)', [...], false)
 5 SYSTEMPATH\Model.php(394): CodeIgniter\Database\BaseBuilder->insert()
 6 SYSTEMPATH\BaseModel.php(838): CodeIgniter\Model->doInsert([...])
 7 SYSTEMPATH\Model.php(797): CodeIgniter\BaseModel->insert([...], true)
 8 APPPATH\Controllers\Admin\DetailPembelianController.php(25): CodeIgniter\Model->insert([...])
 9 SYSTEMPATH\CodeIgniter.php(933): App\Controllers\Admin\DetailPembelianController->create()
10 SYSTEMPATH\CodeIgniter.php(507): CodeIgniter\CodeIgniter->runController(Object(App\Controllers\Admin\DetailPembelianController))
11 SYSTEMPATH\CodeIgniter.php(354): CodeIgniter\CodeIgniter->handleRequest(null, Object(Config\Cache), false)
12 SYSTEMPATH\Boot.php(363): CodeIgniter\CodeIgniter->run()
13 SYSTEMPATH\Boot.php(68): CodeIgniter\Boot::runCodeIgniter(Object(CodeIgniter\CodeIgniter))
14 FCPATH\index.php(59): CodeIgniter\Boot::bootWeb(Object(Config\Paths))
15 SYSTEMPATH\rewrite.php(44): require_once('C:\\xampp\\htdocs\\sistem_informasi_percetakan\\public\\index.php')
WARNING - 2025-12-28 09:46:57 --> [DEPRECATED] Setting lowercase HTTP method key "post" is deprecated. Use uppercase HTTP method like "POST". in SYSTEMPATH\Filters\Filters.php on line 744.
 1 SYSTEMPATH\Filters\Filters.php(744): trigger_error('Setting lowercase HTTP method key "post" is deprecated. Use uppercase HTTP method like "POST".', 16384)
 2 SYSTEMPATH\Filters\Filters.php(475): CodeIgniter\Filters\Filters->processMethods()
 3 SYSTEMPATH\Filters\Filters.php(218): CodeIgniter\Filters\Filters->initialize('admin/detail_pembelian')
 4 SYSTEMPATH\CodeIgniter.php(479): CodeIgniter\Filters\Filters->run('admin/detail_pembelian', 'before')
 5 SYSTEMPATH\CodeIgniter.php(354): CodeIgniter\CodeIgniter->handleRequest(null, Object(Config\Cache), false)
 6 SYSTEMPATH\Boot.php(363): CodeIgniter\CodeIgniter->run()
 7 SYSTEMPATH\Boot.php(68): CodeIgniter\Boot::runCodeIgniter(Object(CodeIgniter\CodeIgniter))
 8 FCPATH\index.php(59): CodeIgniter\Boot::bootWeb(Object(Config\Paths))
 9 SYSTEMPATH\rewrite.php(44): require_once('C:\\xampp\\htdocs\\sistem_informasi_percetakan\\public\\index.php')
INFO - 2025-12-28 09:46:57 --> CSRF token verified.
DEBUG - 2025-12-28 09:46:58 --> Session: Class initialized using 'CodeIgniter\Session\Handlers\FileHandler' driver.
DEBUG - 2025-12-28 09:46:58 --> Session: Class initialized using 'CodeIgniter\Session\Handlers\FileHandler' driver.
DEBUG - 2025-12-28 09:51:35 --> Session: Class initialized using 'CodeIgniter\Session\Handlers\FileHandler' driver.
WARNING - 2025-12-28 09:51:37 --> [DEPRECATED] Setting lowercase HTTP method key "delete" is deprecated. Use uppercase HTTP method like "DELETE". in SYSTEMPATH\Filters\Filters.php on line 744.
 1 SYSTEMPATH\Filters\Filters.php(744): trigger_error('Setting lowercase HTTP method key "delete" is deprecated. Use uppercase HTTP method like "DELETE".', 16384)
 2 SYSTEMPATH\Filters\Filters.php(475): CodeIgniter\Filters\Filters->processMethods()
 3 SYSTEMPATH\Filters\Filters.php(218): CodeIgniter\Filters\Filters->initialize('admin/detail_pembelian/3')
 4 SYSTEMPATH\CodeIgniter.php(479): CodeIgniter\Filters\Filters->run('admin/detail_pembelian/3', 'before')
 5 SYSTEMPATH\CodeIgniter.php(354): CodeIgniter\CodeIgniter->handleRequest(null, Object(Config\Cache), false)
 6 SYSTEMPATH\Boot.php(363): CodeIgniter\CodeIgniter->run()
 7 SYSTEMPATH\Boot.php(68): CodeIgniter\Boot::runCodeIgniter(Object(CodeIgniter\CodeIgniter))
 8 FCPATH\index.php(59): CodeIgniter\Boot::bootWeb(Object(Config\Paths))
 9 SYSTEMPATH\rewrite.php(44): require_once('C:\\xampp\\htdocs\\sistem_informasi_percetakan\\public\\index.php')
INFO - 2025-12-28 09:51:37 --> CSRF token verified.
DEBUG - 2025-12-28 09:51:37 --> Session: Class initialized using 'CodeIgniter\Session\Handlers\FileHandler' driver.
DEBUG - 2025-12-28 09:51:37 --> Session: Class initialized using 'CodeIgniter\Session\Handlers\FileHandler' driver.
DEBUG - 2025-12-28 09:53:02 --> Session: Class initialized using 'CodeIgniter\Session\Handlers\FileHandler' driver.
DEBUG - 2025-12-28 10:46:53 --> Session: Class initialized using 'CodeIgniter\Session\Handlers\FileHandler' driver.
WARNING - 2025-12-28 10:46:59 --> [DEPRECATED] Setting lowercase HTTP method key "post" is deprecated. Use uppercase HTTP method like "POST". in SYSTEMPATH\Filters\Filters.php on line 744.
 1 SYSTEMPATH\Filters\Filters.php(744): trigger_error('Setting lowercase HTTP method key "post" is deprecated. Use uppercase HTTP method like "POST".', 16384)
 2 SYSTEMPATH\Filters\Filters.php(475): CodeIgniter\Filters\Filters->processMethods()
 3 SYSTEMPATH\Filters\Filters.php(218): CodeIgniter\Filters\Filters->initialize('login')
 4 SYSTEMPATH\CodeIgniter.php(479): CodeIgniter\Filters\Filters->run('login', 'before')
 5 SYSTEMPATH\CodeIgniter.php(354): CodeIgniter\CodeIgniter->handleRequest(null, Object(Config\Cache), false)
 6 SYSTEMPATH\Boot.php(363): CodeIgniter\CodeIgniter->run()
 7 SYSTEMPATH\Boot.php(68): CodeIgniter\Boot::runCodeIgniter(Object(CodeIgniter\CodeIgniter))
 8 FCPATH\index.php(59): CodeIgniter\Boot::bootWeb(Object(Config\Paths))
 9 SYSTEMPATH\rewrite.php(44): require_once('C:\\xampp\\htdocs\\sistem_informasi_percetakan\\public\\index.php')
INFO - 2025-12-28 10:46:59 --> CSRF token verified.
DEBUG - 2025-12-28 10:46:59 --> Session: Class initialized using 'CodeIgniter\Session\Handlers\FileHandler' driver.
DEBUG - 2025-12-28 10:47:00 --> Session: Class initialized using 'CodeIgniter\Session\Handlers\FileHandler' driver.
DEBUG - 2025-12-28 10:47:06 --> Session: Class initialized using 'CodeIgniter\Session\Handlers\FileHandler' driver.
DEBUG - 2025-12-28 10:47:21 --> Session: Class initialized using 'CodeIgniter\Session\Handlers\FileHandler' driver.
DEBUG - 2025-12-28 10:47:25 --> Session: Class initialized using 'CodeIgniter\Session\Handlers\FileHandler' driver.
WARNING - 2025-12-28 10:47:28 --> [DEPRECATED] Setting lowercase HTTP method key "post" is deprecated. Use uppercase HTTP method like "POST". in SYSTEMPATH\Filters\Filters.php on line 744.
 1 SYSTEMPATH\Filters\Filters.php(744): trigger_error('Setting lowercase HTTP method key "post" is deprecated. Use uppercase HTTP method like "POST".', 16384)
 2 SYSTEMPATH\Filters\Filters.php(475): CodeIgniter\Filters\Filters->processMethods()
 3 SYSTEMPATH\Filters\Filters.php(218): CodeIgniter\Filters\Filters->initialize('admin/detail_pembelian')
 4 SYSTEMPATH\CodeIgniter.php(479): CodeIgniter\Filters\Filters->run('admin/detail_pembelian', 'before')
 5 SYSTEMPATH\CodeIgniter.php(354): CodeIgniter\CodeIgniter->handleRequest(null, Object(Config\Cache), false)
 6 SYSTEMPATH\Boot.php(363): CodeIgniter\CodeIgniter->run()
 7 SYSTEMPATH\Boot.php(68): CodeIgniter\Boot::runCodeIgniter(Object(CodeIgniter\CodeIgniter))
 8 FCPATH\index.php(59): CodeIgniter\Boot::bootWeb(Object(Config\Paths))
 9 SYSTEMPATH\rewrite.php(44): require_once('C:\\xampp\\htdocs\\sistem_informasi_percetakan\\public\\index.php')
INFO - 2025-12-28 10:47:28 --> CSRF token verified.
DEBUG - 2025-12-28 10:47:28 --> Session: Class initialized using 'CodeIgniter\Session\Handlers\FileHandler' driver.
DEBUG - 2025-12-28 10:47:28 --> Session: Class initialized using 'CodeIgniter\Session\Handlers\FileHandler' driver.
DEBUG - 2025-12-28 10:47:31 --> Session: Class initialized using 'CodeIgniter\Session\Handlers\FileHandler' driver.
DEBUG - 2025-12-28 10:47:32 --> Session: Class initialized using 'CodeIgniter\Session\Handlers\FileHandler' driver.
DEBUG - 2025-12-28 10:47:34 --> Session: Class initialized using 'CodeIgniter\Session\Handlers\FileHandler' driver.
DEBUG - 2025-12-28 10:47:36 --> Session: Class initialized using 'CodeIgniter\Session\Handlers\FileHandler' driver.
DEBUG - 2025-12-28 10:47:37 --> Session: Class initialized using 'CodeIgniter\Session\Handlers\FileHandler' driver.
DEBUG - 2025-12-28 10:47:38 --> Session: Class initialized using 'CodeIgniter\Session\Handlers\FileHandler' driver.
DEBUG - 2025-12-28 10:47:41 --> Session: Class initialized using 'CodeIgniter\Session\Handlers\FileHandler' driver.
DEBUG - 2025-12-28 10:47:43 --> Session: Class initialized using 'CodeIgniter\Session\Handlers\FileHandler' driver.
DEBUG - 2025-12-28 10:47:44 --> Session: Class initialized using 'CodeIgniter\Session\Handlers\FileHandler' driver.
WARNING - 2025-12-28 10:47:52 --> [DEPRECATED] Setting lowercase HTTP method key "post" is deprecated. Use uppercase HTTP method like "POST". in SYSTEMPATH\Filters\Filters.php on line 744.
 1 SYSTEMPATH\Filters\Filters.php(744): trigger_error('Setting lowercase HTTP method key "post" is deprecated. Use uppercase HTTP method like "POST".', 16384)
 2 SYSTEMPATH\Filters\Filters.php(475): CodeIgniter\Filters\Filters->processMethods()
 3 SYSTEMPATH\Filters\Filters.php(218): CodeIgniter\Filters\Filters->initialize('login')
 4 SYSTEMPATH\CodeIgniter.php(479): CodeIgniter\Filters\Filters->run('login', 'before')
 5 SYSTEMPATH\CodeIgniter.php(354): CodeIgniter\CodeIgniter->handleRequest(null, Object(Config\Cache), false)
 6 SYSTEMPATH\Boot.php(363): CodeIgniter\CodeIgniter->run()
 7 SYSTEMPATH\Boot.php(68): CodeIgniter\Boot::runCodeIgniter(Object(CodeIgniter\CodeIgniter))
 8 FCPATH\index.php(59): CodeIgniter\Boot::bootWeb(Object(Config\Paths))
 9 SYSTEMPATH\rewrite.php(44): require_once('C:\\xampp\\htdocs\\sistem_informasi_percetakan\\public\\index.php')
INFO - 2025-12-28 10:47:52 --> CSRF token verified.
DEBUG - 2025-12-28 10:47:52 --> Session: Class initialized using 'CodeIgniter\Session\Handlers\FileHandler' driver.
DEBUG - 2025-12-28 10:47:52 --> Session: Class initialized using 'CodeIgniter\Session\Handlers\FileHandler' driver.
DEBUG - 2025-12-28 10:47:55 --> Session: Class initialized using 'CodeIgniter\Session\Handlers\FileHandler' driver.
DEBUG - 2025-12-28 10:47:59 --> Session: Class initialized using 'CodeIgniter\Session\Handlers\FileHandler' driver.
DEBUG - 2025-12-28 10:48:00 --> Session: Class initialized using 'CodeIgniter\Session\Handlers\FileHandler' driver.
DEBUG - 2025-12-28 10:48:02 --> Session: Class initialized using 'CodeIgniter\Session\Handlers\FileHandler' driver.
DEBUG - 2025-12-28 10:48:03 --> Session: Class initialized using 'CodeIgniter\Session\Handlers\FileHandler' driver.
DEBUG - 2025-12-28 10:48:04 --> Session: Class initialized using 'CodeIgniter\Session\Handlers\FileHandler' driver.
DEBUG - 2025-12-28 10:48:06 --> Session: Class initialized using 'CodeIgniter\Session\Handlers\FileHandler' driver.
DEBUG - 2025-12-28 10:48:34 --> Session: Class initialized using 'CodeIgniter\Session\Handlers\FileHandler' driver.
DEBUG - 2025-12-28 10:48:37 --> Session: Class initialized using 'CodeIgniter\Session\Handlers\FileHandler' driver.
DEBUG - 2025-12-28 10:48:42 --> Session: Class initialized using 'CodeIgniter\Session\Handlers\FileHandler' driver.
WARNING - 2025-12-28 10:49:03 --> [DEPRECATED] Setting lowercase HTTP method key "post" is deprecated. Use uppercase HTTP method like "POST". in SYSTEMPATH\Filters\Filters.php on line 744.
 1 SYSTEMPATH\Filters\Filters.php(744): trigger_error('Setting lowercase HTTP method key "post" is deprecated. Use uppercase HTTP method like "POST".', 16384)
 2 SYSTEMPATH\Filters\Filters.php(475): CodeIgniter\Filters\Filters->processMethods()
 3 SYSTEMPATH\Filters\Filters.php(218): CodeIgniter\Filters\Filters->initialize('karyawan/transaksi')
 4 SYSTEMPATH\CodeIgniter.php(479): CodeIgniter\Filters\Filters->run('karyawan/transaksi', 'before')
 5 SYSTEMPATH\CodeIgniter.php(354): CodeIgniter\CodeIgniter->handleRequest(null, Object(Config\Cache), false)
 6 SYSTEMPATH\Boot.php(363): CodeIgniter\CodeIgniter->run()
 7 SYSTEMPATH\Boot.php(68): CodeIgniter\Boot::runCodeIgniter(Object(CodeIgniter\CodeIgniter))
 8 FCPATH\index.php(59): CodeIgniter\Boot::bootWeb(Object(Config\Paths))
 9 SYSTEMPATH\rewrite.php(44): require_once('C:\\xampp\\htdocs\\sistem_informasi_percetakan\\public\\index.php')
INFO - 2025-12-28 10:49:03 --> CSRF token verified.
DEBUG - 2025-12-28 10:49:03 --> Session: Class initialized using 'CodeIgniter\Session\Handlers\FileHandler' driver.
ERROR - 2025-12-28 10:49:03 --> mysqli_sql_exception: Cannot add or update a child row: a foreign key constraint fails (`sistem_informasi_percetakan`.`transaksi`, CONSTRAINT `transaksi_ibfk_1` FOREIGN KEY (`pelanggan_id`) REFERENCES `pelanggan` (`id`)) in C:\xampp\htdocs\sistem_informasi_percetakan\system\Database\MySQLi\Connection.php:327
Stack trace:
#0 C:\xampp\htdocs\sistem_informasi_percetakan\system\Database\MySQLi\Connection.php(327): mysqli->query('INSERT INTO `tr...', 0)
#1 C:\xampp\htdocs\sistem_informasi_percetakan\system\Database\BaseConnection.php(729): CodeIgniter\Database\MySQLi\Connection->execute('INSERT INTO `tr...')
#2 C:\xampp\htdocs\sistem_informasi_percetakan\system\Database\BaseConnection.php(646): CodeIgniter\Database\BaseConnection->simpleQuery('INSERT INTO `tr...')
#3 C:\xampp\htdocs\sistem_informasi_percetakan\system\Database\BaseBuilder.php(2345): CodeIgniter\Database\BaseConnection->query('INSERT INTO `tr...', Array, false)
#4 C:\xampp\htdocs\sistem_informasi_percetakan\system\Model.php(394): CodeIgniter\Database\BaseBuilder->insert()
#5 C:\xampp\htdocs\sistem_informasi_percetakan\system\BaseModel.php(838): CodeIgniter\Model->doInsert(Array)
#6 C:\xampp\htdocs\sistem_informasi_percetakan\system\Model.php(797): CodeIgniter\BaseModel->insert(Array, true)
#7 C:\xampp\htdocs\sistem_informasi_percetakan\app\Controllers\BaseResourceController.php(23): CodeIgniter\Model->insert(Array)
#8 C:\xampp\htdocs\sistem_informasi_percetakan\system\CodeIgniter.php(933): App\Controllers\BaseResourceController->create()
#9 C:\xampp\htdocs\sistem_informasi_percetakan\system\CodeIgniter.php(507): CodeIgniter\CodeIgniter->runController(Object(App\Controllers\Karyawan\TransaksiController))
#10 C:\xampp\htdocs\sistem_informasi_percetakan\system\CodeIgniter.php(354): CodeIgniter\CodeIgniter->handleRequest(NULL, Object(Config\Cache), false)
#11 C:\xampp\htdocs\sistem_informasi_percetakan\system\Boot.php(363): CodeIgniter\CodeIgniter->run()
#12 C:\xampp\htdocs\sistem_informasi_percetakan\system\Boot.php(68): CodeIgniter\Boot::runCodeIgniter(Object(CodeIgniter\CodeIgniter))
#13 C:\xampp\htdocs\sistem_informasi_percetakan\public\index.php(59): CodeIgniter\Boot::bootWeb(Object(Config\Paths))
#14 C:\xampp\htdocs\sistem_informasi_percetakan\system\rewrite.php(44): require_once('C:\\xampp\\htdocs...')
#15 {main}
CRITICAL - 2025-12-28 10:49:03 --> CodeIgniter\Database\Exceptions\DatabaseException: Cannot add or update a child row: a foreign key constraint fails (`sistem_informasi_percetakan`.`transaksi`, CONSTRAINT `transaksi_ibfk_1` FOREIGN KEY (`pelanggan_id`) REFERENCES `pelanggan` (`id`))
[Method: POST, Route: karyawan/transaksi]
in SYSTEMPATH\Database\BaseConnection.php on line 684.
 1 SYSTEMPATH\Database\BaseBuilder.php(2345): CodeIgniter\Database\BaseConnection->query('INSERT INTO `transaksi` (`kode`, `pelanggan_id`, `tanggal`, `status`, `catatan`, `created_at`, `updated_at`) VALUES (:kode:, :pelanggan_id:, :tanggal:, :status:, :catatan:, :created_at:, :updated_at:)', [...], false)
 2 SYSTEMPATH\Model.php(394): CodeIgniter\Database\BaseBuilder->insert()
 3 SYSTEMPATH\BaseModel.php(838): CodeIgniter\Model->doInsert([...])
 4 SYSTEMPATH\Model.php(797): CodeIgniter\BaseModel->insert([...], true)
 5 APPPATH\Controllers\BaseResourceController.php(23): CodeIgniter\Model->insert([...])
 6 SYSTEMPATH\CodeIgniter.php(933): App\Controllers\BaseResourceController->create()
 7 SYSTEMPATH\CodeIgniter.php(507): CodeIgniter\CodeIgniter->runController(Object(App\Controllers\Karyawan\TransaksiController))
 8 SYSTEMPATH\CodeIgniter.php(354): CodeIgniter\CodeIgniter->handleRequest(null, Object(Config\Cache), false)
 9 SYSTEMPATH\Boot.php(363): CodeIgniter\CodeIgniter->run()
10 SYSTEMPATH\Boot.php(68): CodeIgniter\Boot::runCodeIgniter(Object(CodeIgniter\CodeIgniter))
11 FCPATH\index.php(59): CodeIgniter\Boot::bootWeb(Object(Config\Paths))
12 SYSTEMPATH\rewrite.php(44): require_once('C:\\xampp\\htdocs\\sistem_informasi_percetakan\\public\\index.php')
CRITICAL - 2025-12-28 10:49:03 --> [Caused by] CodeIgniter\Database\Exceptions\DatabaseException: Cannot add or update a child row: a foreign key constraint fails (`sistem_informasi_percetakan`.`transaksi`, CONSTRAINT `transaksi_ibfk_1` FOREIGN KEY (`pelanggan_id`) REFERENCES `pelanggan` (`id`))
in SYSTEMPATH\Database\MySQLi\Connection.php on line 332.
 1 SYSTEMPATH\Database\BaseConnection.php(729): CodeIgniter\Database\MySQLi\Connection->execute('INSERT INTO `transaksi` (`kode`, `pelanggan_id`, `tanggal`, `status`, `catatan`, `created_at`, `updated_at`) VALUES (\'123\', \'4\', \'2025-12-28T17:48\', \'proses\', \'aaa\', \'2025-12-28 10:49:03\', \'2025-12-28 10:49:03\')')
 2 SYSTEMPATH\Database\BaseConnection.php(646): CodeIgniter\Database\BaseConnection->simpleQuery('INSERT INTO `transaksi` (`kode`, `pelanggan_id`, `tanggal`, `status`, `catatan`, `created_at`, `updated_at`) VALUES (\'123\', \'4\', \'2025-12-28T17:48\', \'proses\', \'aaa\', \'2025-12-28 10:49:03\', \'2025-12-28 10:49:03\')')
 3 SYSTEMPATH\Database\BaseBuilder.php(2345): CodeIgniter\Database\BaseConnection->query('INSERT INTO `transaksi` (`kode`, `pelanggan_id`, `tanggal`, `status`, `catatan`, `created_at`, `updated_at`) VALUES (:kode:, :pelanggan_id:, :tanggal:, :status:, :catatan:, :created_at:, :updated_at:)', [...], false)
 4 SYSTEMPATH\Model.php(394): CodeIgniter\Database\BaseBuilder->insert()
 5 SYSTEMPATH\BaseModel.php(838): CodeIgniter\Model->doInsert([...])
 6 SYSTEMPATH\Model.php(797): CodeIgniter\BaseModel->insert([...], true)
 7 APPPATH\Controllers\BaseResourceController.php(23): CodeIgniter\Model->insert([...])
 8 SYSTEMPATH\CodeIgniter.php(933): App\Controllers\BaseResourceController->create()
 9 SYSTEMPATH\CodeIgniter.php(507): CodeIgniter\CodeIgniter->runController(Object(App\Controllers\Karyawan\TransaksiController))
10 SYSTEMPATH\CodeIgniter.php(354): CodeIgniter\CodeIgniter->handleRequest(null, Object(Config\Cache), false)
11 SYSTEMPATH\Boot.php(363): CodeIgniter\CodeIgniter->run()
12 SYSTEMPATH\Boot.php(68): CodeIgniter\Boot::runCodeIgniter(Object(CodeIgniter\CodeIgniter))
13 FCPATH\index.php(59): CodeIgniter\Boot::bootWeb(Object(Config\Paths))
14 SYSTEMPATH\rewrite.php(44): require_once('C:\\xampp\\htdocs\\sistem_informasi_percetakan\\public\\index.php')
CRITICAL - 2025-12-28 10:49:03 --> [Caused by] mysqli_sql_exception: Cannot add or update a child row: a foreign key constraint fails (`sistem_informasi_percetakan`.`transaksi`, CONSTRAINT `transaksi_ibfk_1` FOREIGN KEY (`pelanggan_id`) REFERENCES `pelanggan` (`id`))
in SYSTEMPATH\Database\MySQLi\Connection.php on line 327.
 1 SYSTEMPATH\Database\MySQLi\Connection.php(327): mysqli->query('INSERT INTO `transaksi` (`kode`, `pelanggan_id`, `tanggal`, `status`, `catatan`, `created_at`, `updated_at`) VALUES (\'123\', \'4\', \'2025-12-28T17:48\', \'proses\', \'aaa\', \'2025-12-28 10:49:03\', \'2025-12-28 10:49:03\')', 0)
 2 SYSTEMPATH\Database\BaseConnection.php(729): CodeIgniter\Database\MySQLi\Connection->execute('INSERT INTO `transaksi` (`kode`, `pelanggan_id`, `tanggal`, `status`, `catatan`, `created_at`, `updated_at`) VALUES (\'123\', \'4\', \'2025-12-28T17:48\', \'proses\', \'aaa\', \'2025-12-28 10:49:03\', \'2025-12-28 10:49:03\')')
 3 SYSTEMPATH\Database\BaseConnection.php(646): CodeIgniter\Database\BaseConnection->simpleQuery('INSERT INTO `transaksi` (`kode`, `pelanggan_id`, `tanggal`, `status`, `catatan`, `created_at`, `updated_at`) VALUES (\'123\', \'4\', \'2025-12-28T17:48\', \'proses\', \'aaa\', \'2025-12-28 10:49:03\', \'2025-12-28 10:49:03\')')
 4 SYSTEMPATH\Database\BaseBuilder.php(2345): CodeIgniter\Database\BaseConnection->query('INSERT INTO `transaksi` (`kode`, `pelanggan_id`, `tanggal`, `status`, `catatan`, `created_at`, `updated_at`) VALUES (:kode:, :pelanggan_id:, :tanggal:, :status:, :catatan:, :created_at:, :updated_at:)', [...], false)
 5 SYSTEMPATH\Model.php(394): CodeIgniter\Database\BaseBuilder->insert()
 6 SYSTEMPATH\BaseModel.php(838): CodeIgniter\Model->doInsert([...])
 7 SYSTEMPATH\Model.php(797): CodeIgniter\BaseModel->insert([...], true)
 8 APPPATH\Controllers\BaseResourceController.php(23): CodeIgniter\Model->insert([...])
 9 SYSTEMPATH\CodeIgniter.php(933): App\Controllers\BaseResourceController->create()
10 SYSTEMPATH\CodeIgniter.php(507): CodeIgniter\CodeIgniter->runController(Object(App\Controllers\Karyawan\TransaksiController))
11 SYSTEMPATH\CodeIgniter.php(354): CodeIgniter\CodeIgniter->handleRequest(null, Object(Config\Cache), false)
12 SYSTEMPATH\Boot.php(363): CodeIgniter\CodeIgniter->run()
13 SYSTEMPATH\Boot.php(68): CodeIgniter\Boot::runCodeIgniter(Object(CodeIgniter\CodeIgniter))
14 FCPATH\index.php(59): CodeIgniter\Boot::bootWeb(Object(Config\Paths))
15 SYSTEMPATH\rewrite.php(44): require_once('C:\\xampp\\htdocs\\sistem_informasi_percetakan\\public\\index.php')
WARNING - 2025-12-28 10:49:31 --> [DEPRECATED] Setting lowercase HTTP method key "post" is deprecated. Use uppercase HTTP method like "POST". in SYSTEMPATH\Filters\Filters.php on line 744.
 1 SYSTEMPATH\Filters\Filters.php(744): trigger_error('Setting lowercase HTTP method key "post" is deprecated. Use uppercase HTTP method like "POST".', 16384)
 2 SYSTEMPATH\Filters\Filters.php(475): CodeIgniter\Filters\Filters->processMethods()
 3 SYSTEMPATH\Filters\Filters.php(218): CodeIgniter\Filters\Filters->initialize('karyawan/transaksi')
 4 SYSTEMPATH\CodeIgniter.php(479): CodeIgniter\Filters\Filters->run('karyawan/transaksi', 'before')
 5 SYSTEMPATH\CodeIgniter.php(354): CodeIgniter\CodeIgniter->handleRequest(null, Object(Config\Cache), false)
 6 SYSTEMPATH\Boot.php(363): CodeIgniter\CodeIgniter->run()
 7 SYSTEMPATH\Boot.php(68): CodeIgniter\Boot::runCodeIgniter(Object(CodeIgniter\CodeIgniter))
 8 FCPATH\index.php(59): CodeIgniter\Boot::bootWeb(Object(Config\Paths))
 9 SYSTEMPATH\rewrite.php(44): require_once('C:\\xampp\\htdocs\\sistem_informasi_percetakan\\public\\index.php')
INFO - 2025-12-28 10:49:31 --> CSRF token verified.
DEBUG - 2025-12-28 10:49:31 --> Session: Class initialized using 'CodeIgniter\Session\Handlers\FileHandler' driver.
ERROR - 2025-12-28 10:49:31 --> mysqli_sql_exception: Cannot add or update a child row: a foreign key constraint fails (`sistem_informasi_percetakan`.`transaksi`, CONSTRAINT `transaksi_ibfk_1` FOREIGN KEY (`pelanggan_id`) REFERENCES `pelanggan` (`id`)) in C:\xampp\htdocs\sistem_informasi_percetakan\system\Database\MySQLi\Connection.php:327
Stack trace:
#0 C:\xampp\htdocs\sistem_informasi_percetakan\system\Database\MySQLi\Connection.php(327): mysqli->query('INSERT INTO `tr...', 0)
#1 C:\xampp\htdocs\sistem_informasi_percetakan\system\Database\BaseConnection.php(729): CodeIgniter\Database\MySQLi\Connection->execute('INSERT INTO `tr...')
#2 C:\xampp\htdocs\sistem_informasi_percetakan\system\Database\BaseConnection.php(646): CodeIgniter\Database\BaseConnection->simpleQuery('INSERT INTO `tr...')
#3 C:\xampp\htdocs\sistem_informasi_percetakan\system\Database\BaseBuilder.php(2345): CodeIgniter\Database\BaseConnection->query('INSERT INTO `tr...', Array, false)
#4 C:\xampp\htdocs\sistem_informasi_percetakan\system\Model.php(394): CodeIgniter\Database\BaseBuilder->insert()
#5 C:\xampp\htdocs\sistem_informasi_percetakan\system\BaseModel.php(838): CodeIgniter\Model->doInsert(Array)
#6 C:\xampp\htdocs\sistem_informasi_percetakan\system\Model.php(797): CodeIgniter\BaseModel->insert(Array, true)
#7 C:\xampp\htdocs\sistem_informasi_percetakan\app\Controllers\BaseResourceController.php(23): CodeIgniter\Model->insert(Array)
#8 C:\xampp\htdocs\sistem_informasi_percetakan\system\CodeIgniter.php(933): App\Controllers\BaseResourceController->create()
#9 C:\xampp\htdocs\sistem_informasi_percetakan\system\CodeIgniter.php(507): CodeIgniter\CodeIgniter->runController(Object(App\Controllers\Karyawan\TransaksiController))
#10 C:\xampp\htdocs\sistem_informasi_percetakan\system\CodeIgniter.php(354): CodeIgniter\CodeIgniter->handleRequest(NULL, Object(Config\Cache), false)
#11 C:\xampp\htdocs\sistem_informasi_percetakan\system\Boot.php(363): CodeIgniter\CodeIgniter->run()
#12 C:\xampp\htdocs\sistem_informasi_percetakan\system\Boot.php(68): CodeIgniter\Boot::runCodeIgniter(Object(CodeIgniter\CodeIgniter))
#13 C:\xampp\htdocs\sistem_informasi_percetakan\public\index.php(59): CodeIgniter\Boot::bootWeb(Object(Config\Paths))
#14 C:\xampp\htdocs\sistem_informasi_percetakan\system\rewrite.php(44): require_once('C:\\xampp\\htdocs...')
#15 {main}
CRITICAL - 2025-12-28 10:49:31 --> CodeIgniter\Database\Exceptions\DatabaseException: Cannot add or update a child row: a foreign key constraint fails (`sistem_informasi_percetakan`.`transaksi`, CONSTRAINT `transaksi_ibfk_1` FOREIGN KEY (`pelanggan_id`) REFERENCES `pelanggan` (`id`))
[Method: POST, Route: karyawan/transaksi]
in SYSTEMPATH\Database\BaseConnection.php on line 684.
 1 SYSTEMPATH\Database\BaseBuilder.php(2345): CodeIgniter\Database\BaseConnection->query('INSERT INTO `transaksi` (`kode`, `pelanggan_id`, `tanggal`, `status`, `catatan`, `created_at`, `updated_at`) VALUES (:kode:, :pelanggan_id:, :tanggal:, :status:, :catatan:, :created_at:, :updated_at:)', [...], false)
 2 SYSTEMPATH\Model.php(394): CodeIgniter\Database\BaseBuilder->insert()
 3 SYSTEMPATH\BaseModel.php(838): CodeIgniter\Model->doInsert([...])
 4 SYSTEMPATH\Model.php(797): CodeIgniter\BaseModel->insert([...], true)
 5 APPPATH\Controllers\BaseResourceController.php(23): CodeIgniter\Model->insert([...])
 6 SYSTEMPATH\CodeIgniter.php(933): App\Controllers\BaseResourceController->create()
 7 SYSTEMPATH\CodeIgniter.php(507): CodeIgniter\CodeIgniter->runController(Object(App\Controllers\Karyawan\TransaksiController))
 8 SYSTEMPATH\CodeIgniter.php(354): CodeIgniter\CodeIgniter->handleRequest(null, Object(Config\Cache), false)
 9 SYSTEMPATH\Boot.php(363): CodeIgniter\CodeIgniter->run()
10 SYSTEMPATH\Boot.php(68): CodeIgniter\Boot::runCodeIgniter(Object(CodeIgniter\CodeIgniter))
11 FCPATH\index.php(59): CodeIgniter\Boot::bootWeb(Object(Config\Paths))
12 SYSTEMPATH\rewrite.php(44): require_once('C:\\xampp\\htdocs\\sistem_informasi_percetakan\\public\\index.php')
CRITICAL - 2025-12-28 10:49:31 --> [Caused by] CodeIgniter\Database\Exceptions\DatabaseException: Cannot add or update a child row: a foreign key constraint fails (`sistem_informasi_percetakan`.`transaksi`, CONSTRAINT `transaksi_ibfk_1` FOREIGN KEY (`pelanggan_id`) REFERENCES `pelanggan` (`id`))
in SYSTEMPATH\Database\MySQLi\Connection.php on line 332.
 1 SYSTEMPATH\Database\BaseConnection.php(729): CodeIgniter\Database\MySQLi\Connection->execute('INSERT INTO `transaksi` (`kode`, `pelanggan_id`, `tanggal`, `status`, `catatan`, `created_at`, `updated_at`) VALUES (\'123\', \'4\', \'2025-12-28T17:48\', \'proses\', \'aaa\', \'2025-12-28 10:49:31\', \'2025-12-28 10:49:31\')')
 2 SYSTEMPATH\Database\BaseConnection.php(646): CodeIgniter\Database\BaseConnection->simpleQuery('INSERT INTO `transaksi` (`kode`, `pelanggan_id`, `tanggal`, `status`, `catatan`, `created_at`, `updated_at`) VALUES (\'123\', \'4\', \'2025-12-28T17:48\', \'proses\', \'aaa\', \'2025-12-28 10:49:31\', \'2025-12-28 10:49:31\')')
 3 SYSTEMPATH\Database\BaseBuilder.php(2345): CodeIgniter\Database\BaseConnection->query('INSERT INTO `transaksi` (`kode`, `pelanggan_id`, `tanggal`, `status`, `catatan`, `created_at`, `updated_at`) VALUES (:kode:, :pelanggan_id:, :tanggal:, :status:, :catatan:, :created_at:, :updated_at:)', [...], false)
 4 SYSTEMPATH\Model.php(394): CodeIgniter\Database\BaseBuilder->insert()
 5 SYSTEMPATH\BaseModel.php(838): CodeIgniter\Model->doInsert([...])
 6 SYSTEMPATH\Model.php(797): CodeIgniter\BaseModel->insert([...], true)
 7 APPPATH\Controllers\BaseResourceController.php(23): CodeIgniter\Model->insert([...])
 8 SYSTEMPATH\CodeIgniter.php(933): App\Controllers\BaseResourceController->create()
 9 SYSTEMPATH\CodeIgniter.php(507): CodeIgniter\CodeIgniter->runController(Object(App\Controllers\Karyawan\TransaksiController))
10 SYSTEMPATH\CodeIgniter.php(354): CodeIgniter\CodeIgniter->handleRequest(null, Object(Config\Cache), false)
11 SYSTEMPATH\Boot.php(363): CodeIgniter\CodeIgniter->run()
12 SYSTEMPATH\Boot.php(68): CodeIgniter\Boot::runCodeIgniter(Object(CodeIgniter\CodeIgniter))
13 FCPATH\index.php(59): CodeIgniter\Boot::bootWeb(Object(Config\Paths))
14 SYSTEMPATH\rewrite.php(44): require_once('C:\\xampp\\htdocs\\sistem_informasi_percetakan\\public\\index.php')
CRITICAL - 2025-12-28 10:49:31 --> [Caused by] mysqli_sql_exception: Cannot add or update a child row: a foreign key constraint fails (`sistem_informasi_percetakan`.`transaksi`, CONSTRAINT `transaksi_ibfk_1` FOREIGN KEY (`pelanggan_id`) REFERENCES `pelanggan` (`id`))
in SYSTEMPATH\Database\MySQLi\Connection.php on line 327.
 1 SYSTEMPATH\Database\MySQLi\Connection.php(327): mysqli->query('INSERT INTO `transaksi` (`kode`, `pelanggan_id`, `tanggal`, `status`, `catatan`, `created_at`, `updated_at`) VALUES (\'123\', \'4\', \'2025-12-28T17:48\', \'proses\', \'aaa\', \'2025-12-28 10:49:31\', \'2025-12-28 10:49:31\')', 0)
 2 SYSTEMPATH\Database\BaseConnection.php(729): CodeIgniter\Database\MySQLi\Connection->execute('INSERT INTO `transaksi` (`kode`, `pelanggan_id`, `tanggal`, `status`, `catatan`, `created_at`, `updated_at`) VALUES (\'123\', \'4\', \'2025-12-28T17:48\', \'proses\', \'aaa\', \'2025-12-28 10:49:31\', \'2025-12-28 10:49:31\')')
 3 SYSTEMPATH\Database\BaseConnection.php(646): CodeIgniter\Database\BaseConnection->simpleQuery('INSERT INTO `transaksi` (`kode`, `pelanggan_id`, `tanggal`, `status`, `catatan`, `created_at`, `updated_at`) VALUES (\'123\', \'4\', \'2025-12-28T17:48\', \'proses\', \'aaa\', \'2025-12-28 10:49:31\', \'2025-12-28 10:49:31\')')
 4 SYSTEMPATH\Database\BaseBuilder.php(2345): CodeIgniter\Database\BaseConnection->query('INSERT INTO `transaksi` (`kode`, `pelanggan_id`, `tanggal`, `status`, `catatan`, `created_at`, `updated_at`) VALUES (:kode:, :pelanggan_id:, :tanggal:, :status:, :catatan:, :created_at:, :updated_at:)', [...], false)
 5 SYSTEMPATH\Model.php(394): CodeIgniter\Database\BaseBuilder->insert()
 6 SYSTEMPATH\BaseModel.php(838): CodeIgniter\Model->doInsert([...])
 7 SYSTEMPATH\Model.php(797): CodeIgniter\BaseModel->insert([...], true)
 8 APPPATH\Controllers\BaseResourceController.php(23): CodeIgniter\Model->insert([...])
 9 SYSTEMPATH\CodeIgniter.php(933): App\Controllers\BaseResourceController->create()
10 SYSTEMPATH\CodeIgniter.php(507): CodeIgniter\CodeIgniter->runController(Object(App\Controllers\Karyawan\TransaksiController))
11 SYSTEMPATH\CodeIgniter.php(354): CodeIgniter\CodeIgniter->handleRequest(null, Object(Config\Cache), false)
12 SYSTEMPATH\Boot.php(363): CodeIgniter\CodeIgniter->run()
13 SYSTEMPATH\Boot.php(68): CodeIgniter\Boot::runCodeIgniter(Object(CodeIgniter\CodeIgniter))
14 FCPATH\index.php(59): CodeIgniter\Boot::bootWeb(Object(Config\Paths))
15 SYSTEMPATH\rewrite.php(44): require_once('C:\\xampp\\htdocs\\sistem_informasi_percetakan\\public\\index.php')
WARNING - 2025-12-28 10:57:44 --> [DEPRECATED] Setting lowercase HTTP method key "post" is deprecated. Use uppercase HTTP method like "POST". in SYSTEMPATH\Filters\Filters.php on line 744.
 1 SYSTEMPATH\Filters\Filters.php(744): trigger_error('Setting lowercase HTTP method key "post" is deprecated. Use uppercase HTTP method like "POST".', 16384)
 2 SYSTEMPATH\Filters\Filters.php(475): CodeIgniter\Filters\Filters->processMethods()
 3 SYSTEMPATH\Filters\Filters.php(218): CodeIgniter\Filters\Filters->initialize('karyawan/transaksi')
 4 SYSTEMPATH\CodeIgniter.php(479): CodeIgniter\Filters\Filters->run('karyawan/transaksi', 'before')
 5 SYSTEMPATH\CodeIgniter.php(354): CodeIgniter\CodeIgniter->handleRequest(null, Object(Config\Cache), false)
 6 SYSTEMPATH\Boot.php(363): CodeIgniter\CodeIgniter->run()
 7 SYSTEMPATH\Boot.php(68): CodeIgniter\Boot::runCodeIgniter(Object(CodeIgniter\CodeIgniter))
 8 FCPATH\index.php(59): CodeIgniter\Boot::bootWeb(Object(Config\Paths))
 9 SYSTEMPATH\rewrite.php(44): require_once('C:\\xampp\\htdocs\\sistem_informasi_percetakan\\public\\index.php')
INFO - 2025-12-28 10:57:44 --> CSRF token verified.
DEBUG - 2025-12-28 10:57:45 --> Session: Class initialized using 'CodeIgniter\Session\Handlers\FileHandler' driver.
ERROR - 2025-12-28 10:57:45 --> mysqli_sql_exception: Cannot add or update a child row: a foreign key constraint fails (`sistem_informasi_percetakan`.`transaksi`, CONSTRAINT `transaksi_ibfk_1` FOREIGN KEY (`pelanggan_id`) REFERENCES `pelanggan` (`id`)) in C:\xampp\htdocs\sistem_informasi_percetakan\system\Database\MySQLi\Connection.php:327
Stack trace:
#0 C:\xampp\htdocs\sistem_informasi_percetakan\system\Database\MySQLi\Connection.php(327): mysqli->query('INSERT INTO `tr...', 0)
#1 C:\xampp\htdocs\sistem_informasi_percetakan\system\Database\BaseConnection.php(729): CodeIgniter\Database\MySQLi\Connection->execute('INSERT INTO `tr...')
#2 C:\xampp\htdocs\sistem_informasi_percetakan\system\Database\BaseConnection.php(646): CodeIgniter\Database\BaseConnection->simpleQuery('INSERT INTO `tr...')
#3 C:\xampp\htdocs\sistem_informasi_percetakan\system\Database\BaseBuilder.php(2345): CodeIgniter\Database\BaseConnection->query('INSERT INTO `tr...', Array, false)
#4 C:\xampp\htdocs\sistem_informasi_percetakan\system\Model.php(394): CodeIgniter\Database\BaseBuilder->insert()
#5 C:\xampp\htdocs\sistem_informasi_percetakan\system\BaseModel.php(838): CodeIgniter\Model->doInsert(Array)
#6 C:\xampp\htdocs\sistem_informasi_percetakan\system\Model.php(797): CodeIgniter\BaseModel->insert(Array, true)
#7 C:\xampp\htdocs\sistem_informasi_percetakan\app\Controllers\BaseResourceController.php(23): CodeIgniter\Model->insert(Array)
#8 C:\xampp\htdocs\sistem_informasi_percetakan\system\CodeIgniter.php(933): App\Controllers\BaseResourceController->create()
#9 C:\xampp\htdocs\sistem_informasi_percetakan\system\CodeIgniter.php(507): CodeIgniter\CodeIgniter->runController(Object(App\Controllers\Karyawan\TransaksiController))
#10 C:\xampp\htdocs\sistem_informasi_percetakan\system\CodeIgniter.php(354): CodeIgniter\CodeIgniter->handleRequest(NULL, Object(Config\Cache), false)
#11 C:\xampp\htdocs\sistem_informasi_percetakan\system\Boot.php(363): CodeIgniter\CodeIgniter->run()
#12 C:\xampp\htdocs\sistem_informasi_percetakan\system\Boot.php(68): CodeIgniter\Boot::runCodeIgniter(Object(CodeIgniter\CodeIgniter))
#13 C:\xampp\htdocs\sistem_informasi_percetakan\public\index.php(59): CodeIgniter\Boot::bootWeb(Object(Config\Paths))
#14 C:\xampp\htdocs\sistem_informasi_percetakan\system\rewrite.php(44): require_once('C:\\xampp\\htdocs...')
#15 {main}
CRITICAL - 2025-12-28 10:57:46 --> CodeIgniter\Database\Exceptions\DatabaseException: Cannot add or update a child row: a foreign key constraint fails (`sistem_informasi_percetakan`.`transaksi`, CONSTRAINT `transaksi_ibfk_1` FOREIGN KEY (`pelanggan_id`) REFERENCES `pelanggan` (`id`))
[Method: POST, Route: karyawan/transaksi]
in SYSTEMPATH\Database\BaseConnection.php on line 684.
 1 SYSTEMPATH\Database\BaseBuilder.php(2345): CodeIgniter\Database\BaseConnection->query('INSERT INTO `transaksi` (`kode`, `pelanggan_id`, `tanggal`, `status`, `catatan`, `created_at`, `updated_at`) VALUES (:kode:, :pelanggan_id:, :tanggal:, :status:, :catatan:, :created_at:, :updated_at:)', [...], false)
 2 SYSTEMPATH\Model.php(394): CodeIgniter\Database\BaseBuilder->insert()
 3 SYSTEMPATH\BaseModel.php(838): CodeIgniter\Model->doInsert([...])
 4 SYSTEMPATH\Model.php(797): CodeIgniter\BaseModel->insert([...], true)
 5 APPPATH\Controllers\BaseResourceController.php(23): CodeIgniter\Model->insert([...])
 6 SYSTEMPATH\CodeIgniter.php(933): App\Controllers\BaseResourceController->create()
 7 SYSTEMPATH\CodeIgniter.php(507): CodeIgniter\CodeIgniter->runController(Object(App\Controllers\Karyawan\TransaksiController))
 8 SYSTEMPATH\CodeIgniter.php(354): CodeIgniter\CodeIgniter->handleRequest(null, Object(Config\Cache), false)
 9 SYSTEMPATH\Boot.php(363): CodeIgniter\CodeIgniter->run()
10 SYSTEMPATH\Boot.php(68): CodeIgniter\Boot::runCodeIgniter(Object(CodeIgniter\CodeIgniter))
11 FCPATH\index.php(59): CodeIgniter\Boot::bootWeb(Object(Config\Paths))
12 SYSTEMPATH\rewrite.php(44): require_once('C:\\xampp\\htdocs\\sistem_informasi_percetakan\\public\\index.php')
CRITICAL - 2025-12-28 10:57:46 --> [Caused by] CodeIgniter\Database\Exceptions\DatabaseException: Cannot add or update a child row: a foreign key constraint fails (`sistem_informasi_percetakan`.`transaksi`, CONSTRAINT `transaksi_ibfk_1` FOREIGN KEY (`pelanggan_id`) REFERENCES `pelanggan` (`id`))
in SYSTEMPATH\Database\MySQLi\Connection.php on line 332.
 1 SYSTEMPATH\Database\BaseConnection.php(729): CodeIgniter\Database\MySQLi\Connection->execute('INSERT INTO `transaksi` (`kode`, `pelanggan_id`, `tanggal`, `status`, `catatan`, `created_at`, `updated_at`) VALUES (\'123\', \'7\', \'2025-12-28T17:48\', \'proses\', \'aaa\', \'2025-12-28 10:57:45\', \'2025-12-28 10:57:45\')')
 2 SYSTEMPATH\Database\BaseConnection.php(646): CodeIgniter\Database\BaseConnection->simpleQuery('INSERT INTO `transaksi` (`kode`, `pelanggan_id`, `tanggal`, `status`, `catatan`, `created_at`, `updated_at`) VALUES (\'123\', \'7\', \'2025-12-28T17:48\', \'proses\', \'aaa\', \'2025-12-28 10:57:45\', \'2025-12-28 10:57:45\')')
 3 SYSTEMPATH\Database\BaseBuilder.php(2345): CodeIgniter\Database\BaseConnection->query('INSERT INTO `transaksi` (`kode`, `pelanggan_id`, `tanggal`, `status`, `catatan`, `created_at`, `updated_at`) VALUES (:kode:, :pelanggan_id:, :tanggal:, :status:, :catatan:, :created_at:, :updated_at:)', [...], false)
 4 SYSTEMPATH\Model.php(394): CodeIgniter\Database\BaseBuilder->insert()
 5 SYSTEMPATH\BaseModel.php(838): CodeIgniter\Model->doInsert([...])
 6 SYSTEMPATH\Model.php(797): CodeIgniter\BaseModel->insert([...], true)
 7 APPPATH\Controllers\BaseResourceController.php(23): CodeIgniter\Model->insert([...])
 8 SYSTEMPATH\CodeIgniter.php(933): App\Controllers\BaseResourceController->create()
 9 SYSTEMPATH\CodeIgniter.php(507): CodeIgniter\CodeIgniter->runController(Object(App\Controllers\Karyawan\TransaksiController))
10 SYSTEMPATH\CodeIgniter.php(354): CodeIgniter\CodeIgniter->handleRequest(null, Object(Config\Cache), false)
11 SYSTEMPATH\Boot.php(363): CodeIgniter\CodeIgniter->run()
12 SYSTEMPATH\Boot.php(68): CodeIgniter\Boot::runCodeIgniter(Object(CodeIgniter\CodeIgniter))
13 FCPATH\index.php(59): CodeIgniter\Boot::bootWeb(Object(Config\Paths))
14 SYSTEMPATH\rewrite.php(44): require_once('C:\\xampp\\htdocs\\sistem_informasi_percetakan\\public\\index.php')
CRITICAL - 2025-12-28 10:57:46 --> [Caused by] mysqli_sql_exception: Cannot add or update a child row: a foreign key constraint fails (`sistem_informasi_percetakan`.`transaksi`, CONSTRAINT `transaksi_ibfk_1` FOREIGN KEY (`pelanggan_id`) REFERENCES `pelanggan` (`id`))
in SYSTEMPATH\Database\MySQLi\Connection.php on line 327.
 1 SYSTEMPATH\Database\MySQLi\Connection.php(327): mysqli->query('INSERT INTO `transaksi` (`kode`, `pelanggan_id`, `tanggal`, `status`, `catatan`, `created_at`, `updated_at`) VALUES (\'123\', \'7\', \'2025-12-28T17:48\', \'proses\', \'aaa\', \'2025-12-28 10:57:45\', \'2025-12-28 10:57:45\')', 0)
 2 SYSTEMPATH\Database\BaseConnection.php(729): CodeIgniter\Database\MySQLi\Connection->execute('INSERT INTO `transaksi` (`kode`, `pelanggan_id`, `tanggal`, `status`, `catatan`, `created_at`, `updated_at`) VALUES (\'123\', \'7\', \'2025-12-28T17:48\', \'proses\', \'aaa\', \'2025-12-28 10:57:45\', \'2025-12-28 10:57:45\')')
 3 SYSTEMPATH\Database\BaseConnection.php(646): CodeIgniter\Database\BaseConnection->simpleQuery('INSERT INTO `transaksi` (`kode`, `pelanggan_id`, `tanggal`, `status`, `catatan`, `created_at`, `updated_at`) VALUES (\'123\', \'7\', \'2025-12-28T17:48\', \'proses\', \'aaa\', \'2025-12-28 10:57:45\', \'2025-12-28 10:57:45\')')
 4 SYSTEMPATH\Database\BaseBuilder.php(2345): CodeIgniter\Database\BaseConnection->query('INSERT INTO `transaksi` (`kode`, `pelanggan_id`, `tanggal`, `status`, `catatan`, `created_at`, `updated_at`) VALUES (:kode:, :pelanggan_id:, :tanggal:, :status:, :catatan:, :created_at:, :updated_at:)', [...], false)
 5 SYSTEMPATH\Model.php(394): CodeIgniter\Database\BaseBuilder->insert()
 6 SYSTEMPATH\BaseModel.php(838): CodeIgniter\Model->doInsert([...])
 7 SYSTEMPATH\Model.php(797): CodeIgniter\BaseModel->insert([...], true)
 8 APPPATH\Controllers\BaseResourceController.php(23): CodeIgniter\Model->insert([...])
 9 SYSTEMPATH\CodeIgniter.php(933): App\Controllers\BaseResourceController->create()
10 SYSTEMPATH\CodeIgniter.php(507): CodeIgniter\CodeIgniter->runController(Object(App\Controllers\Karyawan\TransaksiController))
11 SYSTEMPATH\CodeIgniter.php(354): CodeIgniter\CodeIgniter->handleRequest(null, Object(Config\Cache), false)
12 SYSTEMPATH\Boot.php(363): CodeIgniter\CodeIgniter->run()
13 SYSTEMPATH\Boot.php(68): CodeIgniter\Boot::runCodeIgniter(Object(CodeIgniter\CodeIgniter))
14 FCPATH\index.php(59): CodeIgniter\Boot::bootWeb(Object(Config\Paths))
15 SYSTEMPATH\rewrite.php(44): require_once('C:\\xampp\\htdocs\\sistem_informasi_percetakan\\public\\index.php')
DEBUG - 2025-12-28 10:57:53 --> Session: Class initialized using 'CodeIgniter\Session\Handlers\FileHandler' driver.
WARNING - 2025-12-28 10:59:00 --> [DEPRECATED] Setting lowercase HTTP method key "post" is deprecated. Use uppercase HTTP method like "POST". in SYSTEMPATH\Filters\Filters.php on line 744.
 1 SYSTEMPATH\Filters\Filters.php(744): trigger_error('Setting lowercase HTTP method key "post" is deprecated. Use uppercase HTTP method like "POST".', 16384)
 2 SYSTEMPATH\Filters\Filters.php(475): CodeIgniter\Filters\Filters->processMethods()
 3 SYSTEMPATH\Filters\Filters.php(218): CodeIgniter\Filters\Filters->initialize('karyawan/transaksi')
 4 SYSTEMPATH\CodeIgniter.php(479): CodeIgniter\Filters\Filters->run('karyawan/transaksi', 'before')
 5 SYSTEMPATH\CodeIgniter.php(354): CodeIgniter\CodeIgniter->handleRequest(null, Object(Config\Cache), false)
 6 SYSTEMPATH\Boot.php(363): CodeIgniter\CodeIgniter->run()
 7 SYSTEMPATH\Boot.php(68): CodeIgniter\Boot::runCodeIgniter(Object(CodeIgniter\CodeIgniter))
 8 FCPATH\index.php(59): CodeIgniter\Boot::bootWeb(Object(Config\Paths))
 9 SYSTEMPATH\rewrite.php(44): require_once('C:\\xampp\\htdocs\\sistem_informasi_percetakan\\public\\index.php')
INFO - 2025-12-28 10:59:00 --> CSRF token verified.
DEBUG - 2025-12-28 10:59:00 --> Session: Class initialized using 'CodeIgniter\Session\Handlers\FileHandler' driver.
ERROR - 2025-12-28 10:59:00 --> mysqli_sql_exception: Column 'total' cannot be null in C:\xampp\htdocs\sistem_informasi_percetakan\system\Database\MySQLi\Connection.php:327
Stack trace:
#0 C:\xampp\htdocs\sistem_informasi_percetakan\system\Database\MySQLi\Connection.php(327): mysqli->query('INSERT INTO `tr...', 0)
#1 C:\xampp\htdocs\sistem_informasi_percetakan\system\Database\BaseConnection.php(729): CodeIgniter\Database\MySQLi\Connection->execute('INSERT INTO `tr...')
#2 C:\xampp\htdocs\sistem_informasi_percetakan\system\Database\BaseConnection.php(646): CodeIgniter\Database\BaseConnection->simpleQuery('INSERT INTO `tr...')
#3 C:\xampp\htdocs\sistem_informasi_percetakan\system\Database\BaseBuilder.php(2345): CodeIgniter\Database\BaseConnection->query('INSERT INTO `tr...', Array, false)
#4 C:\xampp\htdocs\sistem_informasi_percetakan\system\Model.php(394): CodeIgniter\Database\BaseBuilder->insert()
#5 C:\xampp\htdocs\sistem_informasi_percetakan\system\BaseModel.php(838): CodeIgniter\Model->doInsert(Array)
#6 C:\xampp\htdocs\sistem_informasi_percetakan\system\Model.php(797): CodeIgniter\BaseModel->insert(Array, true)
#7 C:\xampp\htdocs\sistem_informasi_percetakan\app\Controllers\Karyawan\TransaksiController.php(30): CodeIgniter\Model->insert(Array)
#8 C:\xampp\htdocs\sistem_informasi_percetakan\system\CodeIgniter.php(933): App\Controllers\Karyawan\TransaksiController->create()
#9 C:\xampp\htdocs\sistem_informasi_percetakan\system\CodeIgniter.php(507): CodeIgniter\CodeIgniter->runController(Object(App\Controllers\Karyawan\TransaksiController))
#10 C:\xampp\htdocs\sistem_informasi_percetakan\system\CodeIgniter.php(354): CodeIgniter\CodeIgniter->handleRequest(NULL, Object(Config\Cache), false)
#11 C:\xampp\htdocs\sistem_informasi_percetakan\system\Boot.php(363): CodeIgniter\CodeIgniter->run()
#12 C:\xampp\htdocs\sistem_informasi_percetakan\system\Boot.php(68): CodeIgniter\Boot::runCodeIgniter(Object(CodeIgniter\CodeIgniter))
#13 C:\xampp\htdocs\sistem_informasi_percetakan\public\index.php(59): CodeIgniter\Boot::bootWeb(Object(Config\Paths))
#14 C:\xampp\htdocs\sistem_informasi_percetakan\system\rewrite.php(44): require_once('C:\\xampp\\htdocs...')
#15 {main}
CRITICAL - 2025-12-28 10:59:00 --> CodeIgniter\Database\Exceptions\DatabaseException: Column 'total' cannot be null
[Method: POST, Route: karyawan/transaksi]
in SYSTEMPATH\Database\BaseConnection.php on line 684.
 1 SYSTEMPATH\Database\BaseBuilder.php(2345): CodeIgniter\Database\BaseConnection->query('INSERT INTO `transaksi` (`pelanggan_id`, `status`, `total`, `created_at`, `updated_at`) VALUES (:pelanggan_id:, :status:, :total:, :created_at:, :updated_at:)', [...], false)
 2 SYSTEMPATH\Model.php(394): CodeIgniter\Database\BaseBuilder->insert()
 3 SYSTEMPATH\BaseModel.php(838): CodeIgniter\Model->doInsert([...])
 4 SYSTEMPATH\Model.php(797): CodeIgniter\BaseModel->insert([...], true)
 5 APPPATH\Controllers\Karyawan\TransaksiController.php(30): CodeIgniter\Model->insert([...])
 6 SYSTEMPATH\CodeIgniter.php(933): App\Controllers\Karyawan\TransaksiController->create()
 7 SYSTEMPATH\CodeIgniter.php(507): CodeIgniter\CodeIgniter->runController(Object(App\Controllers\Karyawan\TransaksiController))
 8 SYSTEMPATH\CodeIgniter.php(354): CodeIgniter\CodeIgniter->handleRequest(null, Object(Config\Cache), false)
 9 SYSTEMPATH\Boot.php(363): CodeIgniter\CodeIgniter->run()
10 SYSTEMPATH\Boot.php(68): CodeIgniter\Boot::runCodeIgniter(Object(CodeIgniter\CodeIgniter))
11 FCPATH\index.php(59): CodeIgniter\Boot::bootWeb(Object(Config\Paths))
12 SYSTEMPATH\rewrite.php(44): require_once('C:\\xampp\\htdocs\\sistem_informasi_percetakan\\public\\index.php')
CRITICAL - 2025-12-28 10:59:00 --> [Caused by] CodeIgniter\Database\Exceptions\DatabaseException: Column 'total' cannot be null
in SYSTEMPATH\Database\MySQLi\Connection.php on line 332.
 1 SYSTEMPATH\Database\BaseConnection.php(729): CodeIgniter\Database\MySQLi\Connection->execute('INSERT INTO `transaksi` (`pelanggan_id`, `status`, `total`, `created_at`, `updated_at`) VALUES (\'7\', \'baru\', NULL, \'2025-12-28 10:59:00\', \'2025-12-28 10:59:00\')')
 2 SYSTEMPATH\Database\BaseConnection.php(646): CodeIgniter\Database\BaseConnection->simpleQuery('INSERT INTO `transaksi` (`pelanggan_id`, `status`, `total`, `created_at`, `updated_at`) VALUES (\'7\', \'baru\', NULL, \'2025-12-28 10:59:00\', \'2025-12-28 10:59:00\')')
 3 SYSTEMPATH\Database\BaseBuilder.php(2345): CodeIgniter\Database\BaseConnection->query('INSERT INTO `transaksi` (`pelanggan_id`, `status`, `total`, `created_at`, `updated_at`) VALUES (:pelanggan_id:, :status:, :total:, :created_at:, :updated_at:)', [...], false)
 4 SYSTEMPATH\Model.php(394): CodeIgniter\Database\BaseBuilder->insert()
 5 SYSTEMPATH\BaseModel.php(838): CodeIgniter\Model->doInsert([...])
 6 SYSTEMPATH\Model.php(797): CodeIgniter\BaseModel->insert([...], true)
 7 APPPATH\Controllers\Karyawan\TransaksiController.php(30): CodeIgniter\Model->insert([...])
 8 SYSTEMPATH\CodeIgniter.php(933): App\Controllers\Karyawan\TransaksiController->create()
 9 SYSTEMPATH\CodeIgniter.php(507): CodeIgniter\CodeIgniter->runController(Object(App\Controllers\Karyawan\TransaksiController))
10 SYSTEMPATH\CodeIgniter.php(354): CodeIgniter\CodeIgniter->handleRequest(null, Object(Config\Cache), false)
11 SYSTEMPATH\Boot.php(363): CodeIgniter\CodeIgniter->run()
12 SYSTEMPATH\Boot.php(68): CodeIgniter\Boot::runCodeIgniter(Object(CodeIgniter\CodeIgniter))
13 FCPATH\index.php(59): CodeIgniter\Boot::bootWeb(Object(Config\Paths))
14 SYSTEMPATH\rewrite.php(44): require_once('C:\\xampp\\htdocs\\sistem_informasi_percetakan\\public\\index.php')
CRITICAL - 2025-12-28 10:59:00 --> [Caused by] mysqli_sql_exception: Column 'total' cannot be null
in SYSTEMPATH\Database\MySQLi\Connection.php on line 327.
 1 SYSTEMPATH\Database\MySQLi\Connection.php(327): mysqli->query('INSERT INTO `transaksi` (`pelanggan_id`, `status`, `total`, `created_at`, `updated_at`) VALUES (\'7\', \'baru\', NULL, \'2025-12-28 10:59:00\', \'2025-12-28 10:59:00\')', 0)
 2 SYSTEMPATH\Database\BaseConnection.php(729): CodeIgniter\Database\MySQLi\Connection->execute('INSERT INTO `transaksi` (`pelanggan_id`, `status`, `total`, `created_at`, `updated_at`) VALUES (\'7\', \'baru\', NULL, \'2025-12-28 10:59:00\', \'2025-12-28 10:59:00\')')
 3 SYSTEMPATH\Database\BaseConnection.php(646): CodeIgniter\Database\BaseConnection->simpleQuery('INSERT INTO `transaksi` (`pelanggan_id`, `status`, `total`, `created_at`, `updated_at`) VALUES (\'7\', \'baru\', NULL, \'2025-12-28 10:59:00\', \'2025-12-28 10:59:00\')')
 4 SYSTEMPATH\Database\BaseBuilder.php(2345): CodeIgniter\Database\BaseConnection->query('INSERT INTO `transaksi` (`pelanggan_id`, `status`, `total`, `created_at`, `updated_at`) VALUES (:pelanggan_id:, :status:, :total:, :created_at:, :updated_at:)', [...], false)
 5 SYSTEMPATH\Model.php(394): CodeIgniter\Database\BaseBuilder->insert()
 6 SYSTEMPATH\BaseModel.php(838): CodeIgniter\Model->doInsert([...])
 7 SYSTEMPATH\Model.php(797): CodeIgniter\BaseModel->insert([...], true)
 8 APPPATH\Controllers\Karyawan\TransaksiController.php(30): CodeIgniter\Model->insert([...])
 9 SYSTEMPATH\CodeIgniter.php(933): App\Controllers\Karyawan\TransaksiController->create()
10 SYSTEMPATH\CodeIgniter.php(507): CodeIgniter\CodeIgniter->runController(Object(App\Controllers\Karyawan\TransaksiController))
11 SYSTEMPATH\CodeIgniter.php(354): CodeIgniter\CodeIgniter->handleRequest(null, Object(Config\Cache), false)
12 SYSTEMPATH\Boot.php(363): CodeIgniter\CodeIgniter->run()
13 SYSTEMPATH\Boot.php(68): CodeIgniter\Boot::runCodeIgniter(Object(CodeIgniter\CodeIgniter))
14 FCPATH\index.php(59): CodeIgniter\Boot::bootWeb(Object(Config\Paths))
15 SYSTEMPATH\rewrite.php(44): require_once('C:\\xampp\\htdocs\\sistem_informasi_percetakan\\public\\index.php')
WARNING - 2025-12-28 10:59:09 --> [DEPRECATED] Setting lowercase HTTP method key "post" is deprecated. Use uppercase HTTP method like "POST". in SYSTEMPATH\Filters\Filters.php on line 744.
 1 SYSTEMPATH\Filters\Filters.php(744): trigger_error('Setting lowercase HTTP method key "post" is deprecated. Use uppercase HTTP method like "POST".', 16384)
 2 SYSTEMPATH\Filters\Filters.php(475): CodeIgniter\Filters\Filters->processMethods()
 3 SYSTEMPATH\Filters\Filters.php(218): CodeIgniter\Filters\Filters->initialize('karyawan/transaksi')
 4 SYSTEMPATH\CodeIgniter.php(479): CodeIgniter\Filters\Filters->run('karyawan/transaksi', 'before')
 5 SYSTEMPATH\CodeIgniter.php(354): CodeIgniter\CodeIgniter->handleRequest(null, Object(Config\Cache), false)
 6 SYSTEMPATH\Boot.php(363): CodeIgniter\CodeIgniter->run()
 7 SYSTEMPATH\Boot.php(68): CodeIgniter\Boot::runCodeIgniter(Object(CodeIgniter\CodeIgniter))
 8 FCPATH\index.php(59): CodeIgniter\Boot::bootWeb(Object(Config\Paths))
 9 SYSTEMPATH\rewrite.php(44): require_once('C:\\xampp\\htdocs\\sistem_informasi_percetakan\\public\\index.php')
INFO - 2025-12-28 10:59:09 --> CSRF token verified.
DEBUG - 2025-12-28 10:59:09 --> Session: Class initialized using 'CodeIgniter\Session\Handlers\FileHandler' driver.
ERROR - 2025-12-28 10:59:09 --> mysqli_sql_exception: Column 'total' cannot be null in C:\xampp\htdocs\sistem_informasi_percetakan\system\Database\MySQLi\Connection.php:327
Stack trace:
#0 C:\xampp\htdocs\sistem_informasi_percetakan\system\Database\MySQLi\Connection.php(327): mysqli->query('INSERT INTO `tr...', 0)
#1 C:\xampp\htdocs\sistem_informasi_percetakan\system\Database\BaseConnection.php(729): CodeIgniter\Database\MySQLi\Connection->execute('INSERT INTO `tr...')
#2 C:\xampp\htdocs\sistem_informasi_percetakan\system\Database\BaseConnection.php(646): CodeIgniter\Database\BaseConnection->simpleQuery('INSERT INTO `tr...')
#3 C:\xampp\htdocs\sistem_informasi_percetakan\system\Database\BaseBuilder.php(2345): CodeIgniter\Database\BaseConnection->query('INSERT INTO `tr...', Array, false)
#4 C:\xampp\htdocs\sistem_informasi_percetakan\system\Model.php(394): CodeIgniter\Database\BaseBuilder->insert()
#5 C:\xampp\htdocs\sistem_informasi_percetakan\system\BaseModel.php(838): CodeIgniter\Model->doInsert(Array)
#6 C:\xampp\htdocs\sistem_informasi_percetakan\system\Model.php(797): CodeIgniter\BaseModel->insert(Array, true)
#7 C:\xampp\htdocs\sistem_informasi_percetakan\app\Controllers\Karyawan\TransaksiController.php(30): CodeIgniter\Model->insert(Array)
#8 C:\xampp\htdocs\sistem_informasi_percetakan\system\CodeIgniter.php(933): App\Controllers\Karyawan\TransaksiController->create()
#9 C:\xampp\htdocs\sistem_informasi_percetakan\system\CodeIgniter.php(507): CodeIgniter\CodeIgniter->runController(Object(App\Controllers\Karyawan\TransaksiController))
#10 C:\xampp\htdocs\sistem_informasi_percetakan\system\CodeIgniter.php(354): CodeIgniter\CodeIgniter->handleRequest(NULL, Object(Config\Cache), false)
#11 C:\xampp\htdocs\sistem_informasi_percetakan\system\Boot.php(363): CodeIgniter\CodeIgniter->run()
#12 C:\xampp\htdocs\sistem_informasi_percetakan\system\Boot.php(68): CodeIgniter\Boot::runCodeIgniter(Object(CodeIgniter\CodeIgniter))
#13 C:\xampp\htdocs\sistem_informasi_percetakan\public\index.php(59): CodeIgniter\Boot::bootWeb(Object(Config\Paths))
#14 C:\xampp\htdocs\sistem_informasi_percetakan\system\rewrite.php(44): require_once('C:\\xampp\\htdocs...')
#15 {main}
CRITICAL - 2025-12-28 10:59:09 --> CodeIgniter\Database\Exceptions\DatabaseException: Column 'total' cannot be null
[Method: POST, Route: karyawan/transaksi]
in SYSTEMPATH\Database\BaseConnection.php on line 684.
 1 SYSTEMPATH\Database\BaseBuilder.php(2345): CodeIgniter\Database\BaseConnection->query('INSERT INTO `transaksi` (`pelanggan_id`, `status`, `total`, `created_at`, `updated_at`) VALUES (:pelanggan_id:, :status:, :total:, :created_at:, :updated_at:)', [...], false)
 2 SYSTEMPATH\Model.php(394): CodeIgniter\Database\BaseBuilder->insert()
 3 SYSTEMPATH\BaseModel.php(838): CodeIgniter\Model->doInsert([...])
 4 SYSTEMPATH\Model.php(797): CodeIgniter\BaseModel->insert([...], true)
 5 APPPATH\Controllers\Karyawan\TransaksiController.php(30): CodeIgniter\Model->insert([...])
 6 SYSTEMPATH\CodeIgniter.php(933): App\Controllers\Karyawan\TransaksiController->create()
 7 SYSTEMPATH\CodeIgniter.php(507): CodeIgniter\CodeIgniter->runController(Object(App\Controllers\Karyawan\TransaksiController))
 8 SYSTEMPATH\CodeIgniter.php(354): CodeIgniter\CodeIgniter->handleRequest(null, Object(Config\Cache), false)
 9 SYSTEMPATH\Boot.php(363): CodeIgniter\CodeIgniter->run()
10 SYSTEMPATH\Boot.php(68): CodeIgniter\Boot::runCodeIgniter(Object(CodeIgniter\CodeIgniter))
11 FCPATH\index.php(59): CodeIgniter\Boot::bootWeb(Object(Config\Paths))
12 SYSTEMPATH\rewrite.php(44): require_once('C:\\xampp\\htdocs\\sistem_informasi_percetakan\\public\\index.php')
CRITICAL - 2025-12-28 10:59:09 --> [Caused by] CodeIgniter\Database\Exceptions\DatabaseException: Column 'total' cannot be null
in SYSTEMPATH\Database\MySQLi\Connection.php on line 332.
 1 SYSTEMPATH\Database\BaseConnection.php(729): CodeIgniter\Database\MySQLi\Connection->execute('INSERT INTO `transaksi` (`pelanggan_id`, `status`, `total`, `created_at`, `updated_at`) VALUES (\'7\', \'baru\', NULL, \'2025-12-28 10:59:09\', \'2025-12-28 10:59:09\')')
 2 SYSTEMPATH\Database\BaseConnection.php(646): CodeIgniter\Database\BaseConnection->simpleQuery('INSERT INTO `transaksi` (`pelanggan_id`, `status`, `total`, `created_at`, `updated_at`) VALUES (\'7\', \'baru\', NULL, \'2025-12-28 10:59:09\', \'2025-12-28 10:59:09\')')
 3 SYSTEMPATH\Database\BaseBuilder.php(2345): CodeIgniter\Database\BaseConnection->query('INSERT INTO `transaksi` (`pelanggan_id`, `status`, `total`, `created_at`, `updated_at`) VALUES (:pelanggan_id:, :status:, :total:, :created_at:, :updated_at:)', [...], false)
 4 SYSTEMPATH\Model.php(394): CodeIgniter\Database\BaseBuilder->insert()
 5 SYSTEMPATH\BaseModel.php(838): CodeIgniter\Model->doInsert([...])
 6 SYSTEMPATH\Model.php(797): CodeIgniter\BaseModel->insert([...], true)
 7 APPPATH\Controllers\Karyawan\TransaksiController.php(30): CodeIgniter\Model->insert([...])
 8 SYSTEMPATH\CodeIgniter.php(933): App\Controllers\Karyawan\TransaksiController->create()
 9 SYSTEMPATH\CodeIgniter.php(507): CodeIgniter\CodeIgniter->runController(Object(App\Controllers\Karyawan\TransaksiController))
10 SYSTEMPATH\CodeIgniter.php(354): CodeIgniter\CodeIgniter->handleRequest(null, Object(Config\Cache), false)
11 SYSTEMPATH\Boot.php(363): CodeIgniter\CodeIgniter->run()
12 SYSTEMPATH\Boot.php(68): CodeIgniter\Boot::runCodeIgniter(Object(CodeIgniter\CodeIgniter))
13 FCPATH\index.php(59): CodeIgniter\Boot::bootWeb(Object(Config\Paths))
14 SYSTEMPATH\rewrite.php(44): require_once('C:\\xampp\\htdocs\\sistem_informasi_percetakan\\public\\index.php')
CRITICAL - 2025-12-28 10:59:09 --> [Caused by] mysqli_sql_exception: Column 'total' cannot be null
in SYSTEMPATH\Database\MySQLi\Connection.php on line 327.
 1 SYSTEMPATH\Database\MySQLi\Connection.php(327): mysqli->query('INSERT INTO `transaksi` (`pelanggan_id`, `status`, `total`, `created_at`, `updated_at`) VALUES (\'7\', \'baru\', NULL, \'2025-12-28 10:59:09\', \'2025-12-28 10:59:09\')', 0)
 2 SYSTEMPATH\Database\BaseConnection.php(729): CodeIgniter\Database\MySQLi\Connection->execute('INSERT INTO `transaksi` (`pelanggan_id`, `status`, `total`, `created_at`, `updated_at`) VALUES (\'7\', \'baru\', NULL, \'2025-12-28 10:59:09\', \'2025-12-28 10:59:09\')')
 3 SYSTEMPATH\Database\BaseConnection.php(646): CodeIgniter\Database\BaseConnection->simpleQuery('INSERT INTO `transaksi` (`pelanggan_id`, `status`, `total`, `created_at`, `updated_at`) VALUES (\'7\', \'baru\', NULL, \'2025-12-28 10:59:09\', \'2025-12-28 10:59:09\')')
 4 SYSTEMPATH\Database\BaseBuilder.php(2345): CodeIgniter\Database\BaseConnection->query('INSERT INTO `transaksi` (`pelanggan_id`, `status`, `total`, `created_at`, `updated_at`) VALUES (:pelanggan_id:, :status:, :total:, :created_at:, :updated_at:)', [...], false)
 5 SYSTEMPATH\Model.php(394): CodeIgniter\Database\BaseBuilder->insert()
 6 SYSTEMPATH\BaseModel.php(838): CodeIgniter\Model->doInsert([...])
 7 SYSTEMPATH\Model.php(797): CodeIgniter\BaseModel->insert([...], true)
 8 APPPATH\Controllers\Karyawan\TransaksiController.php(30): CodeIgniter\Model->insert([...])
 9 SYSTEMPATH\CodeIgniter.php(933): App\Controllers\Karyawan\TransaksiController->create()
10 SYSTEMPATH\CodeIgniter.php(507): CodeIgniter\CodeIgniter->runController(Object(App\Controllers\Karyawan\TransaksiController))
11 SYSTEMPATH\CodeIgniter.php(354): CodeIgniter\CodeIgniter->handleRequest(null, Object(Config\Cache), false)
12 SYSTEMPATH\Boot.php(363): CodeIgniter\CodeIgniter->run()
13 SYSTEMPATH\Boot.php(68): CodeIgniter\Boot::runCodeIgniter(Object(CodeIgniter\CodeIgniter))
14 FCPATH\index.php(59): CodeIgniter\Boot::bootWeb(Object(Config\Paths))
15 SYSTEMPATH\rewrite.php(44): require_once('C:\\xampp\\htdocs\\sistem_informasi_percetakan\\public\\index.php')
DEBUG - 2025-12-28 11:03:03 --> Session: Class initialized using 'CodeIgniter\Session\Handlers\FileHandler' driver.
CRITICAL - 2025-12-28 11:03:03 --> CodeIgniter\View\Exceptions\ViewException: Invalid file: "karyawan/transaksi/create.php"
[Method: GET, Route: karyawan/transaksi/new]
in SYSTEMPATH\Exceptions\FrameworkException.php on line 39.
 1 SYSTEMPATH\View\View.php(214): CodeIgniter\Exceptions\FrameworkException::forInvalidFile('karyawan/transaksi/create.php')
 2 SYSTEMPATH\Common.php(1199): CodeIgniter\View\View->render('karyawan/transaksi/create', [], true)
 3 APPPATH\Controllers\Karyawan\TransaksiController.php(25): view('karyawan/transaksi/create', [...])
 4 SYSTEMPATH\CodeIgniter.php(933): App\Controllers\Karyawan\TransaksiController->new()
 5 SYSTEMPATH\CodeIgniter.php(507): CodeIgniter\CodeIgniter->runController(Object(App\Controllers\Karyawan\TransaksiController))
 6 SYSTEMPATH\CodeIgniter.php(354): CodeIgniter\CodeIgniter->handleRequest(null, Object(Config\Cache), false)
 7 SYSTEMPATH\Boot.php(363): CodeIgniter\CodeIgniter->run()
 8 SYSTEMPATH\Boot.php(68): CodeIgniter\Boot::runCodeIgniter(Object(CodeIgniter\CodeIgniter))
 9 FCPATH\index.php(59): CodeIgniter\Boot::bootWeb(Object(Config\Paths))
10 SYSTEMPATH\rewrite.php(44): require_once('C:\\xampp\\htdocs\\sistem_informasi_percetakan\\public\\index.php')
DEBUG - 2025-12-28 11:03:06 --> Session: Class initialized using 'CodeIgniter\Session\Handlers\FileHandler' driver.
CRITICAL - 2025-12-28 11:03:06 --> CodeIgniter\View\Exceptions\ViewException: Invalid file: "karyawan/transaksi/index.php"
[Method: GET, Route: karyawan/transaksi]
in SYSTEMPATH\Exceptions\FrameworkException.php on line 39.
 1 SYSTEMPATH\View\View.php(214): CodeIgniter\Exceptions\FrameworkException::forInvalidFile('karyawan/transaksi/index.php')
 2 SYSTEMPATH\Common.php(1199): CodeIgniter\View\View->render('karyawan/transaksi/index', [], true)
 3 APPPATH\Controllers\Karyawan\TransaksiController.php(18): view('karyawan/transaksi/index', [...])
 4 SYSTEMPATH\CodeIgniter.php(933): App\Controllers\Karyawan\TransaksiController->index()
 5 SYSTEMPATH\CodeIgniter.php(507): CodeIgniter\CodeIgniter->runController(Object(App\Controllers\Karyawan\TransaksiController))
 6 SYSTEMPATH\CodeIgniter.php(354): CodeIgniter\CodeIgniter->handleRequest(null, Object(Config\Cache), false)
 7 SYSTEMPATH\Boot.php(363): CodeIgniter\CodeIgniter->run()
 8 SYSTEMPATH\Boot.php(68): CodeIgniter\Boot::runCodeIgniter(Object(CodeIgniter\CodeIgniter))
 9 FCPATH\index.php(59): CodeIgniter\Boot::bootWeb(Object(Config\Paths))
10 SYSTEMPATH\rewrite.php(44): require_once('C:\\xampp\\htdocs\\sistem_informasi_percetakan\\public\\index.php')
DEBUG - 2025-12-28 11:03:08 --> Session: Class initialized using 'CodeIgniter\Session\Handlers\FileHandler' driver.
DEBUG - 2025-12-28 11:03:10 --> Session: Class initialized using 'CodeIgniter\Session\Handlers\FileHandler' driver.
CRITICAL - 2025-12-28 11:03:10 --> CodeIgniter\View\Exceptions\ViewException: Invalid file: "karyawan/transaksi/index.php"
[Method: GET, Route: karyawan/transaksi]
in SYSTEMPATH\Exceptions\FrameworkException.php on line 39.
 1 SYSTEMPATH\View\View.php(214): CodeIgniter\Exceptions\FrameworkException::forInvalidFile('karyawan/transaksi/index.php')
 2 SYSTEMPATH\Common.php(1199): CodeIgniter\View\View->render('karyawan/transaksi/index', [], true)
 3 APPPATH\Controllers\Karyawan\TransaksiController.php(18): view('karyawan/transaksi/index', [...])
 4 SYSTEMPATH\CodeIgniter.php(933): App\Controllers\Karyawan\TransaksiController->index()
 5 SYSTEMPATH\CodeIgniter.php(507): CodeIgniter\CodeIgniter->runController(Object(App\Controllers\Karyawan\TransaksiController))
 6 SYSTEMPATH\CodeIgniter.php(354): CodeIgniter\CodeIgniter->handleRequest(null, Object(Config\Cache), false)
 7 SYSTEMPATH\Boot.php(363): CodeIgniter\CodeIgniter->run()
 8 SYSTEMPATH\Boot.php(68): CodeIgniter\Boot::runCodeIgniter(Object(CodeIgniter\CodeIgniter))
 9 FCPATH\index.php(59): CodeIgniter\Boot::bootWeb(Object(Config\Paths))
10 SYSTEMPATH\rewrite.php(44): require_once('C:\\xampp\\htdocs\\sistem_informasi_percetakan\\public\\index.php')
DEBUG - 2025-12-28 11:05:38 --> Session: Class initialized using 'CodeIgniter\Session\Handlers\FileHandler' driver.
CRITICAL - 2025-12-28 11:05:38 --> CodeIgniter\View\Exceptions\ViewException: Invalid file: "karyawan/transaksi/index.php"
[Method: GET, Route: karyawan/transaksi]
in SYSTEMPATH\Exceptions\FrameworkException.php on line 39.
 1 SYSTEMPATH\View\View.php(214): CodeIgniter\Exceptions\FrameworkException::forInvalidFile('karyawan/transaksi/index.php')
 2 SYSTEMPATH\Common.php(1199): CodeIgniter\View\View->render('karyawan/transaksi/index', [], true)
 3 APPPATH\Controllers\Karyawan\TransaksiController.php(18): view('karyawan/transaksi/index', [...])
 4 SYSTEMPATH\CodeIgniter.php(933): App\Controllers\Karyawan\TransaksiController->index()
 5 SYSTEMPATH\CodeIgniter.php(507): CodeIgniter\CodeIgniter->runController(Object(App\Controllers\Karyawan\TransaksiController))
 6 SYSTEMPATH\CodeIgniter.php(354): CodeIgniter\CodeIgniter->handleRequest(null, Object(Config\Cache), false)
 7 SYSTEMPATH\Boot.php(363): CodeIgniter\CodeIgniter->run()
 8 SYSTEMPATH\Boot.php(68): CodeIgniter\Boot::runCodeIgniter(Object(CodeIgniter\CodeIgniter))
 9 FCPATH\index.php(59): CodeIgniter\Boot::bootWeb(Object(Config\Paths))
10 SYSTEMPATH\rewrite.php(44): require_once('C:\\xampp\\htdocs\\sistem_informasi_percetakan\\public\\index.php')
DEBUG - 2025-12-28 11:05:40 --> Session: Class initialized using 'CodeIgniter\Session\Handlers\FileHandler' driver.
DEBUG - 2025-12-28 11:05:42 --> Session: Class initialized using 'CodeIgniter\Session\Handlers\FileHandler' driver.
CRITICAL - 2025-12-28 11:05:42 --> CodeIgniter\View\Exceptions\ViewException: Invalid file: "karyawan/transaksi/index.php"
[Method: GET, Route: karyawan/transaksi]
in SYSTEMPATH\Exceptions\FrameworkException.php on line 39.
 1 SYSTEMPATH\View\View.php(214): CodeIgniter\Exceptions\FrameworkException::forInvalidFile('karyawan/transaksi/index.php')
 2 SYSTEMPATH\Common.php(1199): CodeIgniter\View\View->render('karyawan/transaksi/index', [], true)
 3 APPPATH\Controllers\Karyawan\TransaksiController.php(18): view('karyawan/transaksi/index', [...])
 4 SYSTEMPATH\CodeIgniter.php(933): App\Controllers\Karyawan\TransaksiController->index()
 5 SYSTEMPATH\CodeIgniter.php(507): CodeIgniter\CodeIgniter->runController(Object(App\Controllers\Karyawan\TransaksiController))
 6 SYSTEMPATH\CodeIgniter.php(354): CodeIgniter\CodeIgniter->handleRequest(null, Object(Config\Cache), false)
 7 SYSTEMPATH\Boot.php(363): CodeIgniter\CodeIgniter->run()
 8 SYSTEMPATH\Boot.php(68): CodeIgniter\Boot::runCodeIgniter(Object(CodeIgniter\CodeIgniter))
 9 FCPATH\index.php(59): CodeIgniter\Boot::bootWeb(Object(Config\Paths))
10 SYSTEMPATH\rewrite.php(44): require_once('C:\\xampp\\htdocs\\sistem_informasi_percetakan\\public\\index.php')
DEBUG - 2025-12-28 11:06:35 --> Session: Class initialized using 'CodeIgniter\Session\Handlers\FileHandler' driver.
CRITICAL - 2025-12-28 11:06:35 --> CodeIgniter\View\Exceptions\ViewException: Invalid file: "/index.php"
[Method: GET, Route: karyawan/transaksi]
in SYSTEMPATH\Exceptions\FrameworkException.php on line 39.
 1 SYSTEMPATH\View\View.php(214): CodeIgniter\Exceptions\FrameworkException::forInvalidFile('/index.php')
 2 SYSTEMPATH\Common.php(1199): CodeIgniter\View\View->render('/index', [], true)
 3 APPPATH\Controllers\Karyawan\TransaksiController.php(18): view('/index', [...])
 4 SYSTEMPATH\CodeIgniter.php(933): App\Controllers\Karyawan\TransaksiController->index()
 5 SYSTEMPATH\CodeIgniter.php(507): CodeIgniter\CodeIgniter->runController(Object(App\Controllers\Karyawan\TransaksiController))
 6 SYSTEMPATH\CodeIgniter.php(354): CodeIgniter\CodeIgniter->handleRequest(null, Object(Config\Cache), false)
 7 SYSTEMPATH\Boot.php(363): CodeIgniter\CodeIgniter->run()
 8 SYSTEMPATH\Boot.php(68): CodeIgniter\Boot::runCodeIgniter(Object(CodeIgniter\CodeIgniter))
 9 FCPATH\index.php(59): CodeIgniter\Boot::bootWeb(Object(Config\Paths))
10 SYSTEMPATH\rewrite.php(44): require_once('C:\\xampp\\htdocs\\sistem_informasi_percetakan\\public\\index.php')
DEBUG - 2025-12-28 11:06:38 --> Session: Class initialized using 'CodeIgniter\Session\Handlers\FileHandler' driver.
CRITICAL - 2025-12-28 11:06:38 --> CodeIgniter\View\Exceptions\ViewException: Invalid file: "/index.php"
[Method: GET, Route: karyawan/transaksi]
in SYSTEMPATH\Exceptions\FrameworkException.php on line 39.
 1 SYSTEMPATH\View\View.php(214): CodeIgniter\Exceptions\FrameworkException::forInvalidFile('/index.php')
 2 SYSTEMPATH\Common.php(1199): CodeIgniter\View\View->render('/index', [], true)
 3 APPPATH\Controllers\Karyawan\TransaksiController.php(18): view('/index', [...])
 4 SYSTEMPATH\CodeIgniter.php(933): App\Controllers\Karyawan\TransaksiController->index()
 5 SYSTEMPATH\CodeIgniter.php(507): CodeIgniter\CodeIgniter->runController(Object(App\Controllers\Karyawan\TransaksiController))
 6 SYSTEMPATH\CodeIgniter.php(354): CodeIgniter\CodeIgniter->handleRequest(null, Object(Config\Cache), false)
 7 SYSTEMPATH\Boot.php(363): CodeIgniter\CodeIgniter->run()
 8 SYSTEMPATH\Boot.php(68): CodeIgniter\Boot::runCodeIgniter(Object(CodeIgniter\CodeIgniter))
 9 FCPATH\index.php(59): CodeIgniter\Boot::bootWeb(Object(Config\Paths))
10 SYSTEMPATH\rewrite.php(44): require_once('C:\\xampp\\htdocs\\sistem_informasi_percetakan\\public\\index.php')
DEBUG - 2025-12-28 11:06:52 --> Session: Class initialized using 'CodeIgniter\Session\Handlers\FileHandler' driver.
CRITICAL - 2025-12-28 11:06:52 --> CodeIgniter\View\Exceptions\ViewException: Invalid file: "index.php"
[Method: GET, Route: karyawan/transaksi]
in SYSTEMPATH\Exceptions\FrameworkException.php on line 39.
 1 SYSTEMPATH\View\View.php(214): CodeIgniter\Exceptions\FrameworkException::forInvalidFile('index.php')
 2 SYSTEMPATH\Common.php(1199): CodeIgniter\View\View->render('index', [], true)
 3 APPPATH\Controllers\Karyawan\TransaksiController.php(18): view('index', [...])
 4 SYSTEMPATH\CodeIgniter.php(933): App\Controllers\Karyawan\TransaksiController->index()
 5 SYSTEMPATH\CodeIgniter.php(507): CodeIgniter\CodeIgniter->runController(Object(App\Controllers\Karyawan\TransaksiController))
 6 SYSTEMPATH\CodeIgniter.php(354): CodeIgniter\CodeIgniter->handleRequest(null, Object(Config\Cache), false)
 7 SYSTEMPATH\Boot.php(363): CodeIgniter\CodeIgniter->run()
 8 SYSTEMPATH\Boot.php(68): CodeIgniter\Boot::runCodeIgniter(Object(CodeIgniter\CodeIgniter))
 9 FCPATH\index.php(59): CodeIgniter\Boot::bootWeb(Object(Config\Paths))
10 SYSTEMPATH\rewrite.php(44): require_once('C:\\xampp\\htdocs\\sistem_informasi_percetakan\\public\\index.php')
DEBUG - 2025-12-28 11:08:22 --> Session: Class initialized using 'CodeIgniter\Session\Handlers\FileHandler' driver.
ERROR - 2025-12-28 11:08:22 --> mysqli_sql_exception: Unknown column 'karyawan_id' in 'where clause' in C:\xampp\htdocs\sistem_informasi_percetakan\system\Database\MySQLi\Connection.php:327
Stack trace:
#0 C:\xampp\htdocs\sistem_informasi_percetakan\system\Database\MySQLi\Connection.php(327): mysqli->query('SELECT *\nFROM `...', 0)
#1 C:\xampp\htdocs\sistem_informasi_percetakan\system\Database\BaseConnection.php(729): CodeIgniter\Database\MySQLi\Connection->execute('SELECT *\nFROM `...')
#2 C:\xampp\htdocs\sistem_informasi_percetakan\system\Database\BaseConnection.php(646): CodeIgniter\Database\BaseConnection->simpleQuery('SELECT *\nFROM `...')
#3 C:\xampp\htdocs\sistem_informasi_percetakan\system\Database\BaseBuilder.php(1649): CodeIgniter\Database\BaseConnection->query('SELECT *\nFROM `...', Array, false)
#4 C:\xampp\htdocs\sistem_informasi_percetakan\system\Model.php(286): CodeIgniter\Database\BaseBuilder->get()
#5 C:\xampp\htdocs\sistem_informasi_percetakan\system\BaseModel.php(677): CodeIgniter\Model->doFindAll(0, 0)
#6 C:\xampp\htdocs\sistem_informasi_percetakan\app\Controllers\Karyawan\TransaksiController.php(21): CodeIgniter\BaseModel->findAll()
#7 C:\xampp\htdocs\sistem_informasi_percetakan\system\CodeIgniter.php(933): App\Controllers\Karyawan\TransaksiController->index()
#8 C:\xampp\htdocs\sistem_informasi_percetakan\system\CodeIgniter.php(507): CodeIgniter\CodeIgniter->runController(Object(App\Controllers\Karyawan\TransaksiController))
#9 C:\xampp\htdocs\sistem_informasi_percetakan\system\CodeIgniter.php(354): CodeIgniter\CodeIgniter->handleRequest(NULL, Object(Config\Cache), false)
#10 C:\xampp\htdocs\sistem_informasi_percetakan\system\Boot.php(363): CodeIgniter\CodeIgniter->run()
#11 C:\xampp\htdocs\sistem_informasi_percetakan\system\Boot.php(68): CodeIgniter\Boot::runCodeIgniter(Object(CodeIgniter\CodeIgniter))
#12 C:\xampp\htdocs\sistem_informasi_percetakan\public\index.php(59): CodeIgniter\Boot::bootWeb(Object(Config\Paths))
#13 C:\xampp\htdocs\sistem_informasi_percetakan\system\rewrite.php(44): require_once('C:\\xampp\\htdocs...')
#14 {main}
CRITICAL - 2025-12-28 11:08:22 --> CodeIgniter\Database\Exceptions\DatabaseException: Unknown column 'karyawan_id' in 'where clause'
[Method: GET, Route: karyawan/transaksi]
in SYSTEMPATH\Database\BaseConnection.php on line 684.
 1 SYSTEMPATH\Database\BaseBuilder.php(1649): CodeIgniter\Database\BaseConnection->query('SELECT *
FROM `transaksi`
WHERE `karyawan_id` = :karyawan_id:', [...], false)
 2 SYSTEMPATH\Model.php(286): CodeIgniter\Database\BaseBuilder->get()
 3 SYSTEMPATH\BaseModel.php(677): CodeIgniter\Model->doFindAll(0, 0)
 4 APPPATH\Controllers\Karyawan\TransaksiController.php(21): CodeIgniter\BaseModel->findAll()
 5 SYSTEMPATH\CodeIgniter.php(933): App\Controllers\Karyawan\TransaksiController->index()
 6 SYSTEMPATH\CodeIgniter.php(507): CodeIgniter\CodeIgniter->runController(Object(App\Controllers\Karyawan\TransaksiController))
 7 SYSTEMPATH\CodeIgniter.php(354): CodeIgniter\CodeIgniter->handleRequest(null, Object(Config\Cache), false)
 8 SYSTEMPATH\Boot.php(363): CodeIgniter\CodeIgniter->run()
 9 SYSTEMPATH\Boot.php(68): CodeIgniter\Boot::runCodeIgniter(Object(CodeIgniter\CodeIgniter))
10 FCPATH\index.php(59): CodeIgniter\Boot::bootWeb(Object(Config\Paths))
11 SYSTEMPATH\rewrite.php(44): require_once('C:\\xampp\\htdocs\\sistem_informasi_percetakan\\public\\index.php')
CRITICAL - 2025-12-28 11:08:22 --> [Caused by] CodeIgniter\Database\Exceptions\DatabaseException: Unknown column 'karyawan_id' in 'where clause'
in SYSTEMPATH\Database\MySQLi\Connection.php on line 332.
 1 SYSTEMPATH\Database\BaseConnection.php(729): CodeIgniter\Database\MySQLi\Connection->execute('SELECT *
FROM `transaksi`
WHERE `karyawan_id` = \'2\'')
 2 SYSTEMPATH\Database\BaseConnection.php(646): CodeIgniter\Database\BaseConnection->simpleQuery('SELECT *
FROM `transaksi`
WHERE `karyawan_id` = \'2\'')
 3 SYSTEMPATH\Database\BaseBuilder.php(1649): CodeIgniter\Database\BaseConnection->query('SELECT *
FROM `transaksi`
WHERE `karyawan_id` = :karyawan_id:', [...], false)
 4 SYSTEMPATH\Model.php(286): CodeIgniter\Database\BaseBuilder->get()
 5 SYSTEMPATH\BaseModel.php(677): CodeIgniter\Model->doFindAll(0, 0)
 6 APPPATH\Controllers\Karyawan\TransaksiController.php(21): CodeIgniter\BaseModel->findAll()
 7 SYSTEMPATH\CodeIgniter.php(933): App\Controllers\Karyawan\TransaksiController->index()
 8 SYSTEMPATH\CodeIgniter.php(507): CodeIgniter\CodeIgniter->runController(Object(App\Controllers\Karyawan\TransaksiController))
 9 SYSTEMPATH\CodeIgniter.php(354): CodeIgniter\CodeIgniter->handleRequest(null, Object(Config\Cache), false)
10 SYSTEMPATH\Boot.php(363): CodeIgniter\CodeIgniter->run()
11 SYSTEMPATH\Boot.php(68): CodeIgniter\Boot::runCodeIgniter(Object(CodeIgniter\CodeIgniter))
12 FCPATH\index.php(59): CodeIgniter\Boot::bootWeb(Object(Config\Paths))
13 SYSTEMPATH\rewrite.php(44): require_once('C:\\xampp\\htdocs\\sistem_informasi_percetakan\\public\\index.php')
CRITICAL - 2025-12-28 11:08:22 --> [Caused by] mysqli_sql_exception: Unknown column 'karyawan_id' in 'where clause'
in SYSTEMPATH\Database\MySQLi\Connection.php on line 327.
 1 SYSTEMPATH\Database\MySQLi\Connection.php(327): mysqli->query('SELECT *
FROM `transaksi`
WHERE `karyawan_id` = \'2\'', 0)
 2 SYSTEMPATH\Database\BaseConnection.php(729): CodeIgniter\Database\MySQLi\Connection->execute('SELECT *
FROM `transaksi`
WHERE `karyawan_id` = \'2\'')
 3 SYSTEMPATH\Database\BaseConnection.php(646): CodeIgniter\Database\BaseConnection->simpleQuery('SELECT *
FROM `transaksi`
WHERE `karyawan_id` = \'2\'')
 4 SYSTEMPATH\Database\BaseBuilder.php(1649): CodeIgniter\Database\BaseConnection->query('SELECT *
FROM `transaksi`
WHERE `karyawan_id` = :karyawan_id:', [...], false)
 5 SYSTEMPATH\Model.php(286): CodeIgniter\Database\BaseBuilder->get()
 6 SYSTEMPATH\BaseModel.php(677): CodeIgniter\Model->doFindAll(0, 0)
 7 APPPATH\Controllers\Karyawan\TransaksiController.php(21): CodeIgniter\BaseModel->findAll()
 8 SYSTEMPATH\CodeIgniter.php(933): App\Controllers\Karyawan\TransaksiController->index()
 9 SYSTEMPATH\CodeIgniter.php(507): CodeIgniter\CodeIgniter->runController(Object(App\Controllers\Karyawan\TransaksiController))
10 SYSTEMPATH\CodeIgniter.php(354): CodeIgniter\CodeIgniter->handleRequest(null, Object(Config\Cache), false)
11 SYSTEMPATH\Boot.php(363): CodeIgniter\CodeIgniter->run()
12 SYSTEMPATH\Boot.php(68): CodeIgniter\Boot::runCodeIgniter(Object(CodeIgniter\CodeIgniter))
13 FCPATH\index.php(59): CodeIgniter\Boot::bootWeb(Object(Config\Paths))
14 SYSTEMPATH\rewrite.php(44): require_once('C:\\xampp\\htdocs\\sistem_informasi_percetakan\\public\\index.php')
DEBUG - 2025-12-28 11:09:06 --> Session: Class initialized using 'CodeIgniter\Session\Handlers\FileHandler' driver.
ERROR - 2025-12-28 11:09:06 --> mysqli_sql_exception: Unknown column 'karyawan_id' in 'where clause' in C:\xampp\htdocs\sistem_informasi_percetakan\system\Database\MySQLi\Connection.php:327
Stack trace:
#0 C:\xampp\htdocs\sistem_informasi_percetakan\system\Database\MySQLi\Connection.php(327): mysqli->query('SELECT *\nFROM `...', 0)
#1 C:\xampp\htdocs\sistem_informasi_percetakan\system\Database\BaseConnection.php(729): CodeIgniter\Database\MySQLi\Connection->execute('SELECT *\nFROM `...')
#2 C:\xampp\htdocs\sistem_informasi_percetakan\system\Database\BaseConnection.php(646): CodeIgniter\Database\BaseConnection->simpleQuery('SELECT *\nFROM `...')
#3 C:\xampp\htdocs\sistem_informasi_percetakan\system\Database\BaseBuilder.php(1649): CodeIgniter\Database\BaseConnection->query('SELECT *\nFROM `...', Array, false)
#4 C:\xampp\htdocs\sistem_informasi_percetakan\system\Model.php(286): CodeIgniter\Database\BaseBuilder->get()
#5 C:\xampp\htdocs\sistem_informasi_percetakan\system\BaseModel.php(677): CodeIgniter\Model->doFindAll(0, 0)
#6 C:\xampp\htdocs\sistem_informasi_percetakan\app\Controllers\Karyawan\TransaksiController.php(21): CodeIgniter\BaseModel->findAll()
#7 C:\xampp\htdocs\sistem_informasi_percetakan\system\CodeIgniter.php(933): App\Controllers\Karyawan\TransaksiController->index()
#8 C:\xampp\htdocs\sistem_informasi_percetakan\system\CodeIgniter.php(507): CodeIgniter\CodeIgniter->runController(Object(App\Controllers\Karyawan\TransaksiController))
#9 C:\xampp\htdocs\sistem_informasi_percetakan\system\CodeIgniter.php(354): CodeIgniter\CodeIgniter->handleRequest(NULL, Object(Config\Cache), false)
#10 C:\xampp\htdocs\sistem_informasi_percetakan\system\Boot.php(363): CodeIgniter\CodeIgniter->run()
#11 C:\xampp\htdocs\sistem_informasi_percetakan\system\Boot.php(68): CodeIgniter\Boot::runCodeIgniter(Object(CodeIgniter\CodeIgniter))
#12 C:\xampp\htdocs\sistem_informasi_percetakan\public\index.php(59): CodeIgniter\Boot::bootWeb(Object(Config\Paths))
#13 C:\xampp\htdocs\sistem_informasi_percetakan\system\rewrite.php(44): require_once('C:\\xampp\\htdocs...')
#14 {main}
CRITICAL - 2025-12-28 11:09:06 --> CodeIgniter\Database\Exceptions\DatabaseException: Unknown column 'karyawan_id' in 'where clause'
[Method: GET, Route: karyawan/transaksi]
in SYSTEMPATH\Database\BaseConnection.php on line 684.
 1 SYSTEMPATH\Database\BaseBuilder.php(1649): CodeIgniter\Database\BaseConnection->query('SELECT *
FROM `transaksi`
WHERE `karyawan_id` = :karyawan_id:', [...], false)
 2 SYSTEMPATH\Model.php(286): CodeIgniter\Database\BaseBuilder->get()
 3 SYSTEMPATH\BaseModel.php(677): CodeIgniter\Model->doFindAll(0, 0)
 4 APPPATH\Controllers\Karyawan\TransaksiController.php(21): CodeIgniter\BaseModel->findAll()
 5 SYSTEMPATH\CodeIgniter.php(933): App\Controllers\Karyawan\TransaksiController->index()
 6 SYSTEMPATH\CodeIgniter.php(507): CodeIgniter\CodeIgniter->runController(Object(App\Controllers\Karyawan\TransaksiController))
 7 SYSTEMPATH\CodeIgniter.php(354): CodeIgniter\CodeIgniter->handleRequest(null, Object(Config\Cache), false)
 8 SYSTEMPATH\Boot.php(363): CodeIgniter\CodeIgniter->run()
 9 SYSTEMPATH\Boot.php(68): CodeIgniter\Boot::runCodeIgniter(Object(CodeIgniter\CodeIgniter))
10 FCPATH\index.php(59): CodeIgniter\Boot::bootWeb(Object(Config\Paths))
11 SYSTEMPATH\rewrite.php(44): require_once('C:\\xampp\\htdocs\\sistem_informasi_percetakan\\public\\index.php')
CRITICAL - 2025-12-28 11:09:06 --> [Caused by] CodeIgniter\Database\Exceptions\DatabaseException: Unknown column 'karyawan_id' in 'where clause'
in SYSTEMPATH\Database\MySQLi\Connection.php on line 332.
 1 SYSTEMPATH\Database\BaseConnection.php(729): CodeIgniter\Database\MySQLi\Connection->execute('SELECT *
FROM `transaksi`
WHERE `karyawan_id` = \'2\'')
 2 SYSTEMPATH\Database\BaseConnection.php(646): CodeIgniter\Database\BaseConnection->simpleQuery('SELECT *
FROM `transaksi`
WHERE `karyawan_id` = \'2\'')
 3 SYSTEMPATH\Database\BaseBuilder.php(1649): CodeIgniter\Database\BaseConnection->query('SELECT *
FROM `transaksi`
WHERE `karyawan_id` = :karyawan_id:', [...], false)
 4 SYSTEMPATH\Model.php(286): CodeIgniter\Database\BaseBuilder->get()
 5 SYSTEMPATH\BaseModel.php(677): CodeIgniter\Model->doFindAll(0, 0)
 6 APPPATH\Controllers\Karyawan\TransaksiController.php(21): CodeIgniter\BaseModel->findAll()
 7 SYSTEMPATH\CodeIgniter.php(933): App\Controllers\Karyawan\TransaksiController->index()
 8 SYSTEMPATH\CodeIgniter.php(507): CodeIgniter\CodeIgniter->runController(Object(App\Controllers\Karyawan\TransaksiController))
 9 SYSTEMPATH\CodeIgniter.php(354): CodeIgniter\CodeIgniter->handleRequest(null, Object(Config\Cache), false)
10 SYSTEMPATH\Boot.php(363): CodeIgniter\CodeIgniter->run()
11 SYSTEMPATH\Boot.php(68): CodeIgniter\Boot::runCodeIgniter(Object(CodeIgniter\CodeIgniter))
12 FCPATH\index.php(59): CodeIgniter\Boot::bootWeb(Object(Config\Paths))
13 SYSTEMPATH\rewrite.php(44): require_once('C:\\xampp\\htdocs\\sistem_informasi_percetakan\\public\\index.php')
CRITICAL - 2025-12-28 11:09:06 --> [Caused by] mysqli_sql_exception: Unknown column 'karyawan_id' in 'where clause'
in SYSTEMPATH\Database\MySQLi\Connection.php on line 327.
 1 SYSTEMPATH\Database\MySQLi\Connection.php(327): mysqli->query('SELECT *
FROM `transaksi`
WHERE `karyawan_id` = \'2\'', 0)
 2 SYSTEMPATH\Database\BaseConnection.php(729): CodeIgniter\Database\MySQLi\Connection->execute('SELECT *
FROM `transaksi`
WHERE `karyawan_id` = \'2\'')
 3 SYSTEMPATH\Database\BaseConnection.php(646): CodeIgniter\Database\BaseConnection->simpleQuery('SELECT *
FROM `transaksi`
WHERE `karyawan_id` = \'2\'')
 4 SYSTEMPATH\Database\BaseBuilder.php(1649): CodeIgniter\Database\BaseConnection->query('SELECT *
FROM `transaksi`
WHERE `karyawan_id` = :karyawan_id:', [...], false)
 5 SYSTEMPATH\Model.php(286): CodeIgniter\Database\BaseBuilder->get()
 6 SYSTEMPATH\BaseModel.php(677): CodeIgniter\Model->doFindAll(0, 0)
 7 APPPATH\Controllers\Karyawan\TransaksiController.php(21): CodeIgniter\BaseModel->findAll()
 8 SYSTEMPATH\CodeIgniter.php(933): App\Controllers\Karyawan\TransaksiController->index()
 9 SYSTEMPATH\CodeIgniter.php(507): CodeIgniter\CodeIgniter->runController(Object(App\Controllers\Karyawan\TransaksiController))
10 SYSTEMPATH\CodeIgniter.php(354): CodeIgniter\CodeIgniter->handleRequest(null, Object(Config\Cache), false)
11 SYSTEMPATH\Boot.php(363): CodeIgniter\CodeIgniter->run()
12 SYSTEMPATH\Boot.php(68): CodeIgniter\Boot::runCodeIgniter(Object(CodeIgniter\CodeIgniter))
13 FCPATH\index.php(59): CodeIgniter\Boot::bootWeb(Object(Config\Paths))
14 SYSTEMPATH\rewrite.php(44): require_once('C:\\xampp\\htdocs\\sistem_informasi_percetakan\\public\\index.php')
DEBUG - 2025-12-28 11:09:07 --> Session: Class initialized using 'CodeIgniter\Session\Handlers\FileHandler' driver.
DEBUG - 2025-12-28 11:09:09 --> Session: Class initialized using 'CodeIgniter\Session\Handlers\FileHandler' driver.
ERROR - 2025-12-28 11:09:09 --> mysqli_sql_exception: Unknown column 'karyawan_id' in 'where clause' in C:\xampp\htdocs\sistem_informasi_percetakan\system\Database\MySQLi\Connection.php:327
Stack trace:
#0 C:\xampp\htdocs\sistem_informasi_percetakan\system\Database\MySQLi\Connection.php(327): mysqli->query('SELECT *\nFROM `...', 0)
#1 C:\xampp\htdocs\sistem_informasi_percetakan\system\Database\BaseConnection.php(729): CodeIgniter\Database\MySQLi\Connection->execute('SELECT *\nFROM `...')
#2 C:\xampp\htdocs\sistem_informasi_percetakan\system\Database\BaseConnection.php(646): CodeIgniter\Database\BaseConnection->simpleQuery('SELECT *\nFROM `...')
#3 C:\xampp\htdocs\sistem_informasi_percetakan\system\Database\BaseBuilder.php(1649): CodeIgniter\Database\BaseConnection->query('SELECT *\nFROM `...', Array, false)
#4 C:\xampp\htdocs\sistem_informasi_percetakan\system\Model.php(286): CodeIgniter\Database\BaseBuilder->get()
#5 C:\xampp\htdocs\sistem_informasi_percetakan\system\BaseModel.php(677): CodeIgniter\Model->doFindAll(0, 0)
#6 C:\xampp\htdocs\sistem_informasi_percetakan\app\Controllers\Karyawan\TransaksiController.php(21): CodeIgniter\BaseModel->findAll()
#7 C:\xampp\htdocs\sistem_informasi_percetakan\system\CodeIgniter.php(933): App\Controllers\Karyawan\TransaksiController->index()
#8 C:\xampp\htdocs\sistem_informasi_percetakan\system\CodeIgniter.php(507): CodeIgniter\CodeIgniter->runController(Object(App\Controllers\Karyawan\TransaksiController))
#9 C:\xampp\htdocs\sistem_informasi_percetakan\system\CodeIgniter.php(354): CodeIgniter\CodeIgniter->handleRequest(NULL, Object(Config\Cache), false)
#10 C:\xampp\htdocs\sistem_informasi_percetakan\system\Boot.php(363): CodeIgniter\CodeIgniter->run()
#11 C:\xampp\htdocs\sistem_informasi_percetakan\system\Boot.php(68): CodeIgniter\Boot::runCodeIgniter(Object(CodeIgniter\CodeIgniter))
#12 C:\xampp\htdocs\sistem_informasi_percetakan\public\index.php(59): CodeIgniter\Boot::bootWeb(Object(Config\Paths))
#13 C:\xampp\htdocs\sistem_informasi_percetakan\system\rewrite.php(44): require_once('C:\\xampp\\htdocs...')
#14 {main}
CRITICAL - 2025-12-28 11:09:09 --> CodeIgniter\Database\Exceptions\DatabaseException: Unknown column 'karyawan_id' in 'where clause'
[Method: GET, Route: karyawan/transaksi]
in SYSTEMPATH\Database\BaseConnection.php on line 684.
 1 SYSTEMPATH\Database\BaseBuilder.php(1649): CodeIgniter\Database\BaseConnection->query('SELECT *
FROM `transaksi`
WHERE `karyawan_id` = :karyawan_id:', [...], false)
 2 SYSTEMPATH\Model.php(286): CodeIgniter\Database\BaseBuilder->get()
 3 SYSTEMPATH\BaseModel.php(677): CodeIgniter\Model->doFindAll(0, 0)
 4 APPPATH\Controllers\Karyawan\TransaksiController.php(21): CodeIgniter\BaseModel->findAll()
 5 SYSTEMPATH\CodeIgniter.php(933): App\Controllers\Karyawan\TransaksiController->index()
 6 SYSTEMPATH\CodeIgniter.php(507): CodeIgniter\CodeIgniter->runController(Object(App\Controllers\Karyawan\TransaksiController))
 7 SYSTEMPATH\CodeIgniter.php(354): CodeIgniter\CodeIgniter->handleRequest(null, Object(Config\Cache), false)
 8 SYSTEMPATH\Boot.php(363): CodeIgniter\CodeIgniter->run()
 9 SYSTEMPATH\Boot.php(68): CodeIgniter\Boot::runCodeIgniter(Object(CodeIgniter\CodeIgniter))
10 FCPATH\index.php(59): CodeIgniter\Boot::bootWeb(Object(Config\Paths))
11 SYSTEMPATH\rewrite.php(44): require_once('C:\\xampp\\htdocs\\sistem_informasi_percetakan\\public\\index.php')
CRITICAL - 2025-12-28 11:09:09 --> [Caused by] CodeIgniter\Database\Exceptions\DatabaseException: Unknown column 'karyawan_id' in 'where clause'
in SYSTEMPATH\Database\MySQLi\Connection.php on line 332.
 1 SYSTEMPATH\Database\BaseConnection.php(729): CodeIgniter\Database\MySQLi\Connection->execute('SELECT *
FROM `transaksi`
WHERE `karyawan_id` = \'2\'')
 2 SYSTEMPATH\Database\BaseConnection.php(646): CodeIgniter\Database\BaseConnection->simpleQuery('SELECT *
FROM `transaksi`
WHERE `karyawan_id` = \'2\'')
 3 SYSTEMPATH\Database\BaseBuilder.php(1649): CodeIgniter\Database\BaseConnection->query('SELECT *
FROM `transaksi`
WHERE `karyawan_id` = :karyawan_id:', [...], false)
 4 SYSTEMPATH\Model.php(286): CodeIgniter\Database\BaseBuilder->get()
 5 SYSTEMPATH\BaseModel.php(677): CodeIgniter\Model->doFindAll(0, 0)
 6 APPPATH\Controllers\Karyawan\TransaksiController.php(21): CodeIgniter\BaseModel->findAll()
 7 SYSTEMPATH\CodeIgniter.php(933): App\Controllers\Karyawan\TransaksiController->index()
 8 SYSTEMPATH\CodeIgniter.php(507): CodeIgniter\CodeIgniter->runController(Object(App\Controllers\Karyawan\TransaksiController))
 9 SYSTEMPATH\CodeIgniter.php(354): CodeIgniter\CodeIgniter->handleRequest(null, Object(Config\Cache), false)
10 SYSTEMPATH\Boot.php(363): CodeIgniter\CodeIgniter->run()
11 SYSTEMPATH\Boot.php(68): CodeIgniter\Boot::runCodeIgniter(Object(CodeIgniter\CodeIgniter))
12 FCPATH\index.php(59): CodeIgniter\Boot::bootWeb(Object(Config\Paths))
13 SYSTEMPATH\rewrite.php(44): require_once('C:\\xampp\\htdocs\\sistem_informasi_percetakan\\public\\index.php')
CRITICAL - 2025-12-28 11:09:09 --> [Caused by] mysqli_sql_exception: Unknown column 'karyawan_id' in 'where clause'
in SYSTEMPATH\Database\MySQLi\Connection.php on line 327.
 1 SYSTEMPATH\Database\MySQLi\Connection.php(327): mysqli->query('SELECT *
FROM `transaksi`
WHERE `karyawan_id` = \'2\'', 0)
 2 SYSTEMPATH\Database\BaseConnection.php(729): CodeIgniter\Database\MySQLi\Connection->execute('SELECT *
FROM `transaksi`
WHERE `karyawan_id` = \'2\'')
 3 SYSTEMPATH\Database\BaseConnection.php(646): CodeIgniter\Database\BaseConnection->simpleQuery('SELECT *
FROM `transaksi`
WHERE `karyawan_id` = \'2\'')
 4 SYSTEMPATH\Database\BaseBuilder.php(1649): CodeIgniter\Database\BaseConnection->query('SELECT *
FROM `transaksi`
WHERE `karyawan_id` = :karyawan_id:', [...], false)
 5 SYSTEMPATH\Model.php(286): CodeIgniter\Database\BaseBuilder->get()
 6 SYSTEMPATH\BaseModel.php(677): CodeIgniter\Model->doFindAll(0, 0)
 7 APPPATH\Controllers\Karyawan\TransaksiController.php(21): CodeIgniter\BaseModel->findAll()
 8 SYSTEMPATH\CodeIgniter.php(933): App\Controllers\Karyawan\TransaksiController->index()
 9 SYSTEMPATH\CodeIgniter.php(507): CodeIgniter\CodeIgniter->runController(Object(App\Controllers\Karyawan\TransaksiController))
10 SYSTEMPATH\CodeIgniter.php(354): CodeIgniter\CodeIgniter->handleRequest(null, Object(Config\Cache), false)
11 SYSTEMPATH\Boot.php(363): CodeIgniter\CodeIgniter->run()
12 SYSTEMPATH\Boot.php(68): CodeIgniter\Boot::runCodeIgniter(Object(CodeIgniter\CodeIgniter))
13 FCPATH\index.php(59): CodeIgniter\Boot::bootWeb(Object(Config\Paths))
14 SYSTEMPATH\rewrite.php(44): require_once('C:\\xampp\\htdocs\\sistem_informasi_percetakan\\public\\index.php')
DEBUG - 2025-12-28 11:10:48 --> Session: Class initialized using 'CodeIgniter\Session\Handlers\FileHandler' driver.
CRITICAL - 2025-12-28 11:10:48 --> ErrorException: Undefined array key "karyawan_id"
[Method: GET, Route: karyawan/transaksi]
in APPPATH\Views\modules\transaksi\index.php on line 29.
 1 APPPATH\Views\modules\transaksi\index.php(29): CodeIgniter\Debug\Exceptions->errorHandler(2, 'Undefined array key "karyawan_id"', 'C:\\xampp\\htdocs\\sistem_informasi_percetakan\\app\\Views\\modules\\transaksi\\index.php', 29)
 2 SYSTEMPATH\View\View.php(226): include('C:\\xampp\\htdocs\\sistem_informasi_percetakan\\app\\Views\\modules\\transaksi\\index.php')
 3 SYSTEMPATH\View\View.php(229): CodeIgniter\View\View->CodeIgniter\View\{closure}()
 4 SYSTEMPATH\Common.php(1199): CodeIgniter\View\View->render('modules/transaksi/index', [], true)
 5 APPPATH\Controllers\Karyawan\TransaksiController.php(22): view('modules/transaksi/index', [...])
 6 SYSTEMPATH\CodeIgniter.php(933): App\Controllers\Karyawan\TransaksiController->index()
 7 SYSTEMPATH\CodeIgniter.php(507): CodeIgniter\CodeIgniter->runController(Object(App\Controllers\Karyawan\TransaksiController))
 8 SYSTEMPATH\CodeIgniter.php(354): CodeIgniter\CodeIgniter->handleRequest(null, Object(Config\Cache), false)
 9 SYSTEMPATH\Boot.php(363): CodeIgniter\CodeIgniter->run()
10 SYSTEMPATH\Boot.php(68): CodeIgniter\Boot::runCodeIgniter(Object(CodeIgniter\CodeIgniter))
11 FCPATH\index.php(59): CodeIgniter\Boot::bootWeb(Object(Config\Paths))
12 SYSTEMPATH\rewrite.php(44): require_once('C:\\xampp\\htdocs\\sistem_informasi_percetakan\\public\\index.php')
DEBUG - 2025-12-28 11:10:51 --> Session: Class initialized using 'CodeIgniter\Session\Handlers\FileHandler' driver.
CRITICAL - 2025-12-28 11:10:51 --> ErrorException: Undefined array key "karyawan_id"
[Method: GET, Route: karyawan/transaksi]
in APPPATH\Views\modules\transaksi\index.php on line 29.
 1 APPPATH\Views\modules\transaksi\index.php(29): CodeIgniter\Debug\Exceptions->errorHandler(2, 'Undefined array key "karyawan_id"', 'C:\\xampp\\htdocs\\sistem_informasi_percetakan\\app\\Views\\modules\\transaksi\\index.php', 29)
 2 SYSTEMPATH\View\View.php(226): include('C:\\xampp\\htdocs\\sistem_informasi_percetakan\\app\\Views\\modules\\transaksi\\index.php')
 3 SYSTEMPATH\View\View.php(229): CodeIgniter\View\View->CodeIgniter\View\{closure}()
 4 SYSTEMPATH\Common.php(1199): CodeIgniter\View\View->render('modules/transaksi/index', [], true)
 5 APPPATH\Controllers\Karyawan\TransaksiController.php(22): view('modules/transaksi/index', [...])
 6 SYSTEMPATH\CodeIgniter.php(933): App\Controllers\Karyawan\TransaksiController->index()
 7 SYSTEMPATH\CodeIgniter.php(507): CodeIgniter\CodeIgniter->runController(Object(App\Controllers\Karyawan\TransaksiController))
 8 SYSTEMPATH\CodeIgniter.php(354): CodeIgniter\CodeIgniter->handleRequest(null, Object(Config\Cache), false)
 9 SYSTEMPATH\Boot.php(363): CodeIgniter\CodeIgniter->run()
10 SYSTEMPATH\Boot.php(68): CodeIgniter\Boot::runCodeIgniter(Object(CodeIgniter\CodeIgniter))
11 FCPATH\index.php(59): CodeIgniter\Boot::bootWeb(Object(Config\Paths))
12 SYSTEMPATH\rewrite.php(44): require_once('C:\\xampp\\htdocs\\sistem_informasi_percetakan\\public\\index.php')
DEBUG - 2025-12-28 11:11:24 --> Session: Class initialized using 'CodeIgniter\Session\Handlers\FileHandler' driver.
CRITICAL - 2025-12-28 11:11:24 --> ErrorException: Undefined array key "karyawan_id"
[Method: GET, Route: karyawan/transaksi]
in APPPATH\Views\modules\transaksi\index.php on line 29.
 1 APPPATH\Views\modules\transaksi\index.php(29): CodeIgniter\Debug\Exceptions->errorHandler(2, 'Undefined array key "karyawan_id"', 'C:\\xampp\\htdocs\\sistem_informasi_percetakan\\app\\Views\\modules\\transaksi\\index.php', 29)
 2 SYSTEMPATH\View\View.php(226): include('C:\\xampp\\htdocs\\sistem_informasi_percetakan\\app\\Views\\modules\\transaksi\\index.php')
 3 SYSTEMPATH\View\View.php(229): CodeIgniter\View\View->CodeIgniter\View\{closure}()
 4 SYSTEMPATH\Common.php(1199): CodeIgniter\View\View->render('modules/transaksi/index', [], true)
 5 APPPATH\Controllers\Karyawan\TransaksiController.php(22): view('modules/transaksi/index', [...])
 6 SYSTEMPATH\CodeIgniter.php(933): App\Controllers\Karyawan\TransaksiController->index()
 7 SYSTEMPATH\CodeIgniter.php(507): CodeIgniter\CodeIgniter->runController(Object(App\Controllers\Karyawan\TransaksiController))
 8 SYSTEMPATH\CodeIgniter.php(354): CodeIgniter\CodeIgniter->handleRequest(null, Object(Config\Cache), false)
 9 SYSTEMPATH\Boot.php(363): CodeIgniter\CodeIgniter->run()
10 SYSTEMPATH\Boot.php(68): CodeIgniter\Boot::runCodeIgniter(Object(CodeIgniter\CodeIgniter))
11 FCPATH\index.php(59): CodeIgniter\Boot::bootWeb(Object(Config\Paths))
12 SYSTEMPATH\rewrite.php(44): require_once('C:\\xampp\\htdocs\\sistem_informasi_percetakan\\public\\index.php')
DEBUG - 2025-12-28 11:11:50 --> Session: Class initialized using 'CodeIgniter\Session\Handlers\FileHandler' driver.
CRITICAL - 2025-12-28 11:11:50 --> ErrorException: Undefined variable $pager
[Method: GET, Route: karyawan/transaksi]
in APPPATH\Views\modules\transaksi\index.php on line 45.
 1 APPPATH\Views\modules\transaksi\index.php(45): CodeIgniter\Debug\Exceptions->errorHandler(2, 'Undefined variable $pager', 'C:\\xampp\\htdocs\\sistem_informasi_percetakan\\app\\Views\\modules\\transaksi\\index.php', 45)
 2 SYSTEMPATH\View\View.php(226): include('C:\\xampp\\htdocs\\sistem_informasi_percetakan\\app\\Views\\modules\\transaksi\\index.php')
 3 SYSTEMPATH\View\View.php(229): CodeIgniter\View\View->CodeIgniter\View\{closure}()
 4 SYSTEMPATH\Common.php(1199): CodeIgniter\View\View->render('modules/transaksi/index', [], true)
 5 APPPATH\Controllers\Karyawan\TransaksiController.php(22): view('modules/transaksi/index', [...])
 6 SYSTEMPATH\CodeIgniter.php(933): App\Controllers\Karyawan\TransaksiController->index()
 7 SYSTEMPATH\CodeIgniter.php(507): CodeIgniter\CodeIgniter->runController(Object(App\Controllers\Karyawan\TransaksiController))
 8 SYSTEMPATH\CodeIgniter.php(354): CodeIgniter\CodeIgniter->handleRequest(null, Object(Config\Cache), false)
 9 SYSTEMPATH\Boot.php(363): CodeIgniter\CodeIgniter->run()
10 SYSTEMPATH\Boot.php(68): CodeIgniter\Boot::runCodeIgniter(Object(CodeIgniter\CodeIgniter))
11 FCPATH\index.php(59): CodeIgniter\Boot::bootWeb(Object(Config\Paths))
12 SYSTEMPATH\rewrite.php(44): require_once('C:\\xampp\\htdocs\\sistem_informasi_percetakan\\public\\index.php')
DEBUG - 2025-12-28 11:12:08 --> Session: Class initialized using 'CodeIgniter\Session\Handlers\FileHandler' driver.
WARNING - 2025-12-28 11:12:14 --> [DEPRECATED] Setting lowercase HTTP method key "delete" is deprecated. Use uppercase HTTP method like "DELETE". in SYSTEMPATH\Filters\Filters.php on line 744.
 1 SYSTEMPATH\Filters\Filters.php(744): trigger_error('Setting lowercase HTTP method key "delete" is deprecated. Use uppercase HTTP method like "DELETE".', 16384)
 2 SYSTEMPATH\Filters\Filters.php(475): CodeIgniter\Filters\Filters->processMethods()
 3 SYSTEMPATH\Filters\Filters.php(218): CodeIgniter\Filters\Filters->initialize('karyawan/transaksi/7')
 4 SYSTEMPATH\CodeIgniter.php(479): CodeIgniter\Filters\Filters->run('karyawan/transaksi/7', 'before')
 5 SYSTEMPATH\CodeIgniter.php(354): CodeIgniter\CodeIgniter->handleRequest(null, Object(Config\Cache), false)
 6 SYSTEMPATH\Boot.php(363): CodeIgniter\CodeIgniter->run()
 7 SYSTEMPATH\Boot.php(68): CodeIgniter\Boot::runCodeIgniter(Object(CodeIgniter\CodeIgniter))
 8 FCPATH\index.php(59): CodeIgniter\Boot::bootWeb(Object(Config\Paths))
 9 SYSTEMPATH\rewrite.php(44): require_once('C:\\xampp\\htdocs\\sistem_informasi_percetakan\\public\\index.php')
INFO - 2025-12-28 11:12:14 --> CSRF token verified.
DEBUG - 2025-12-28 11:12:14 --> Session: Class initialized using 'CodeIgniter\Session\Handlers\FileHandler' driver.
WARNING - 2025-12-28 11:13:54 --> [DEPRECATED] Setting lowercase HTTP method key "delete" is deprecated. Use uppercase HTTP method like "DELETE". in SYSTEMPATH\Filters\Filters.php on line 744.
 1 SYSTEMPATH\Filters\Filters.php(744): trigger_error('Setting lowercase HTTP method key "delete" is deprecated. Use uppercase HTTP method like "DELETE".', 16384)
 2 SYSTEMPATH\Filters\Filters.php(475): CodeIgniter\Filters\Filters->processMethods()
 3 SYSTEMPATH\Filters\Filters.php(218): CodeIgniter\Filters\Filters->initialize('karyawan/transaksi/7')
 4 SYSTEMPATH\CodeIgniter.php(479): CodeIgniter\Filters\Filters->run('karyawan/transaksi/7', 'before')
 5 SYSTEMPATH\CodeIgniter.php(354): CodeIgniter\CodeIgniter->handleRequest(null, Object(Config\Cache), false)
 6 SYSTEMPATH\Boot.php(363): CodeIgniter\CodeIgniter->run()
 7 SYSTEMPATH\Boot.php(68): CodeIgniter\Boot::runCodeIgniter(Object(CodeIgniter\CodeIgniter))
 8 FCPATH\index.php(59): CodeIgniter\Boot::bootWeb(Object(Config\Paths))
 9 SYSTEMPATH\rewrite.php(44): require_once('C:\\xampp\\htdocs\\sistem_informasi_percetakan\\public\\index.php')
INFO - 2025-12-28 11:13:54 --> CSRF token verified.
DEBUG - 2025-12-28 11:13:54 --> Session: Class initialized using 'CodeIgniter\Session\Handlers\FileHandler' driver.
DEBUG - 2025-12-28 11:13:55 --> Session: Class initialized using 'CodeIgniter\Session\Handlers\FileHandler' driver.
WARNING - 2025-12-28 11:13:56 --> [DEPRECATED] Setting lowercase HTTP method key "delete" is deprecated. Use uppercase HTTP method like "DELETE". in SYSTEMPATH\Filters\Filters.php on line 744.
 1 SYSTEMPATH\Filters\Filters.php(744): trigger_error('Setting lowercase HTTP method key "delete" is deprecated. Use uppercase HTTP method like "DELETE".', 16384)
 2 SYSTEMPATH\Filters\Filters.php(475): CodeIgniter\Filters\Filters->processMethods()
 3 SYSTEMPATH\Filters\Filters.php(218): CodeIgniter\Filters\Filters->initialize('karyawan/transaksi/7')
 4 SYSTEMPATH\CodeIgniter.php(479): CodeIgniter\Filters\Filters->run('karyawan/transaksi/7', 'before')
 5 SYSTEMPATH\CodeIgniter.php(354): CodeIgniter\CodeIgniter->handleRequest(null, Object(Config\Cache), false)
 6 SYSTEMPATH\Boot.php(363): CodeIgniter\CodeIgniter->run()
 7 SYSTEMPATH\Boot.php(68): CodeIgniter\Boot::runCodeIgniter(Object(CodeIgniter\CodeIgniter))
 8 FCPATH\index.php(59): CodeIgniter\Boot::bootWeb(Object(Config\Paths))
 9 SYSTEMPATH\rewrite.php(44): require_once('C:\\xampp\\htdocs\\sistem_informasi_percetakan\\public\\index.php')
INFO - 2025-12-28 11:13:56 --> CSRF token verified.
DEBUG - 2025-12-28 11:13:56 --> Session: Class initialized using 'CodeIgniter\Session\Handlers\FileHandler' driver.
WARNING - 2025-12-28 11:18:03 --> [DEPRECATED] Setting lowercase HTTP method key "delete" is deprecated. Use uppercase HTTP method like "DELETE". in SYSTEMPATH\Filters\Filters.php on line 744.
 1 SYSTEMPATH\Filters\Filters.php(744): trigger_error('Setting lowercase HTTP method key "delete" is deprecated. Use uppercase HTTP method like "DELETE".', 16384)
 2 SYSTEMPATH\Filters\Filters.php(475): CodeIgniter\Filters\Filters->processMethods()
 3 SYSTEMPATH\Filters\Filters.php(218): CodeIgniter\Filters\Filters->initialize('karyawan/transaksi/7')
 4 SYSTEMPATH\CodeIgniter.php(479): CodeIgniter\Filters\Filters->run('karyawan/transaksi/7', 'before')
 5 SYSTEMPATH\CodeIgniter.php(354): CodeIgniter\CodeIgniter->handleRequest(null, Object(Config\Cache), false)
 6 SYSTEMPATH\Boot.php(363): CodeIgniter\CodeIgniter->run()
 7 SYSTEMPATH\Boot.php(68): CodeIgniter\Boot::runCodeIgniter(Object(CodeIgniter\CodeIgniter))
 8 FCPATH\index.php(59): CodeIgniter\Boot::bootWeb(Object(Config\Paths))
 9 SYSTEMPATH\rewrite.php(44): require_once('C:\\xampp\\htdocs\\sistem_informasi_percetakan\\public\\index.php')
INFO - 2025-12-28 11:18:03 --> CSRF token verified.
DEBUG - 2025-12-28 11:18:03 --> Session: Class initialized using 'CodeIgniter\Session\Handlers\FileHandler' driver.
WARNING - 2025-12-28 11:18:07 --> [DEPRECATED] Setting lowercase HTTP method key "delete" is deprecated. Use uppercase HTTP method like "DELETE". in SYSTEMPATH\Filters\Filters.php on line 744.
 1 SYSTEMPATH\Filters\Filters.php(744): trigger_error('Setting lowercase HTTP method key "delete" is deprecated. Use uppercase HTTP method like "DELETE".', 16384)
 2 SYSTEMPATH\Filters\Filters.php(475): CodeIgniter\Filters\Filters->processMethods()
 3 SYSTEMPATH\Filters\Filters.php(218): CodeIgniter\Filters\Filters->initialize('karyawan/transaksi/7')
 4 SYSTEMPATH\CodeIgniter.php(479): CodeIgniter\Filters\Filters->run('karyawan/transaksi/7', 'before')
 5 SYSTEMPATH\CodeIgniter.php(354): CodeIgniter\CodeIgniter->handleRequest(null, Object(Config\Cache), false)
 6 SYSTEMPATH\Boot.php(363): CodeIgniter\CodeIgniter->run()
 7 SYSTEMPATH\Boot.php(68): CodeIgniter\Boot::runCodeIgniter(Object(CodeIgniter\CodeIgniter))
 8 FCPATH\index.php(59): CodeIgniter\Boot::bootWeb(Object(Config\Paths))
 9 SYSTEMPATH\rewrite.php(44): require_once('C:\\xampp\\htdocs\\sistem_informasi_percetakan\\public\\index.php')
INFO - 2025-12-28 11:18:07 --> CSRF token verified.
DEBUG - 2025-12-28 11:18:07 --> Session: Class initialized using 'CodeIgniter\Session\Handlers\FileHandler' driver.
WARNING - 2025-12-28 11:21:41 --> [DEPRECATED] Setting lowercase HTTP method key "delete" is deprecated. Use uppercase HTTP method like "DELETE". in SYSTEMPATH\Filters\Filters.php on line 744.
 1 SYSTEMPATH\Filters\Filters.php(744): trigger_error('Setting lowercase HTTP method key "delete" is deprecated. Use uppercase HTTP method like "DELETE".', 16384)
 2 SYSTEMPATH\Filters\Filters.php(475): CodeIgniter\Filters\Filters->processMethods()
 3 SYSTEMPATH\Filters\Filters.php(218): CodeIgniter\Filters\Filters->initialize('karyawan/transaksi/7')
 4 SYSTEMPATH\CodeIgniter.php(479): CodeIgniter\Filters\Filters->run('karyawan/transaksi/7', 'before')
 5 SYSTEMPATH\CodeIgniter.php(354): CodeIgniter\CodeIgniter->handleRequest(null, Object(Config\Cache), false)
 6 SYSTEMPATH\Boot.php(363): CodeIgniter\CodeIgniter->run()
 7 SYSTEMPATH\Boot.php(68): CodeIgniter\Boot::runCodeIgniter(Object(CodeIgniter\CodeIgniter))
 8 FCPATH\index.php(59): CodeIgniter\Boot::bootWeb(Object(Config\Paths))
 9 SYSTEMPATH\rewrite.php(44): require_once('C:\\xampp\\htdocs\\sistem_informasi_percetakan\\public\\index.php')
INFO - 2025-12-28 11:21:41 --> CSRF token verified.
DEBUG - 2025-12-28 11:21:41 --> Session: Class initialized using 'CodeIgniter\Session\Handlers\FileHandler' driver.
WARNING - 2025-12-28 11:23:33 --> [DEPRECATED] Setting lowercase HTTP method key "delete" is deprecated. Use uppercase HTTP method like "DELETE". in SYSTEMPATH\Filters\Filters.php on line 744.
 1 SYSTEMPATH\Filters\Filters.php(744): trigger_error('Setting lowercase HTTP method key "delete" is deprecated. Use uppercase HTTP method like "DELETE".', 16384)
 2 SYSTEMPATH\Filters\Filters.php(475): CodeIgniter\Filters\Filters->processMethods()
 3 SYSTEMPATH\Filters\Filters.php(218): CodeIgniter\Filters\Filters->initialize('karyawan/transaksi/7')
 4 SYSTEMPATH\CodeIgniter.php(479): CodeIgniter\Filters\Filters->run('karyawan/transaksi/7', 'before')
 5 SYSTEMPATH\CodeIgniter.php(354): CodeIgniter\CodeIgniter->handleRequest(null, Object(Config\Cache), false)
 6 SYSTEMPATH\Boot.php(363): CodeIgniter\CodeIgniter->run()
 7 SYSTEMPATH\Boot.php(68): CodeIgniter\Boot::runCodeIgniter(Object(CodeIgniter\CodeIgniter))
 8 FCPATH\index.php(59): CodeIgniter\Boot::bootWeb(Object(Config\Paths))
 9 SYSTEMPATH\rewrite.php(44): require_once('C:\\xampp\\htdocs\\sistem_informasi_percetakan\\public\\index.php')
INFO - 2025-12-28 11:23:33 --> CSRF token verified.
DEBUG - 2025-12-28 11:23:33 --> Session: Class initialized using 'CodeIgniter\Session\Handlers\FileHandler' driver.
DEBUG - 2025-12-28 11:23:33 --> Session: Class initialized using 'CodeIgniter\Session\Handlers\FileHandler' driver.
DEBUG - 2025-12-28 11:24:32 --> Session: Class initialized using 'CodeIgniter\Session\Handlers\FileHandler' driver.
DEBUG - 2025-12-28 11:24:32 --> Session: Class initialized using 'CodeIgniter\Session\Handlers\FileHandler' driver.
WARNING - 2025-12-28 11:24:53 --> [DEPRECATED] Setting lowercase HTTP method key "post" is deprecated. Use uppercase HTTP method like "POST". in SYSTEMPATH\Filters\Filters.php on line 744.
 1 SYSTEMPATH\Filters\Filters.php(744): trigger_error('Setting lowercase HTTP method key "post" is deprecated. Use uppercase HTTP method like "POST".', 16384)
 2 SYSTEMPATH\Filters\Filters.php(475): CodeIgniter\Filters\Filters->processMethods()
 3 SYSTEMPATH\Filters\Filters.php(218): CodeIgniter\Filters\Filters->initialize('login')
 4 SYSTEMPATH\CodeIgniter.php(479): CodeIgniter\Filters\Filters->run('login', 'before')
 5 SYSTEMPATH\CodeIgniter.php(354): CodeIgniter\CodeIgniter->handleRequest(null, Object(Config\Cache), false)
 6 SYSTEMPATH\Boot.php(363): CodeIgniter\CodeIgniter->run()
 7 SYSTEMPATH\Boot.php(68): CodeIgniter\Boot::runCodeIgniter(Object(CodeIgniter\CodeIgniter))
 8 FCPATH\index.php(59): CodeIgniter\Boot::bootWeb(Object(Config\Paths))
 9 SYSTEMPATH\rewrite.php(44): require_once('C:\\xampp\\htdocs\\sistem_informasi_percetakan\\public\\index.php')
INFO - 2025-12-28 11:24:53 --> CSRF token verified.
DEBUG - 2025-12-28 11:24:53 --> Session: Class initialized using 'CodeIgniter\Session\Handlers\FileHandler' driver.
DEBUG - 2025-12-28 11:24:53 --> Session: Class initialized using 'CodeIgniter\Session\Handlers\FileHandler' driver.
WARNING - 2025-12-28 11:25:03 --> [DEPRECATED] Setting lowercase HTTP method key "post" is deprecated. Use uppercase HTTP method like "POST". in SYSTEMPATH\Filters\Filters.php on line 744.
 1 SYSTEMPATH\Filters\Filters.php(744): trigger_error('Setting lowercase HTTP method key "post" is deprecated. Use uppercase HTTP method like "POST".', 16384)
 2 SYSTEMPATH\Filters\Filters.php(475): CodeIgniter\Filters\Filters->processMethods()
 3 SYSTEMPATH\Filters\Filters.php(218): CodeIgniter\Filters\Filters->initialize('login')
 4 SYSTEMPATH\CodeIgniter.php(479): CodeIgniter\Filters\Filters->run('login', 'before')
 5 SYSTEMPATH\CodeIgniter.php(354): CodeIgniter\CodeIgniter->handleRequest(null, Object(Config\Cache), false)
 6 SYSTEMPATH\Boot.php(363): CodeIgniter\CodeIgniter->run()
 7 SYSTEMPATH\Boot.php(68): CodeIgniter\Boot::runCodeIgniter(Object(CodeIgniter\CodeIgniter))
 8 FCPATH\index.php(59): CodeIgniter\Boot::bootWeb(Object(Config\Paths))
 9 SYSTEMPATH\rewrite.php(44): require_once('C:\\xampp\\htdocs\\sistem_informasi_percetakan\\public\\index.php')
INFO - 2025-12-28 11:25:04 --> CSRF token verified.
DEBUG - 2025-12-28 11:25:04 --> Session: Class initialized using 'CodeIgniter\Session\Handlers\FileHandler' driver.
DEBUG - 2025-12-28 11:25:04 --> Session: Class initialized using 'CodeIgniter\Session\Handlers\FileHandler' driver.
DEBUG - 2025-12-28 11:35:18 --> Session: Class initialized using 'CodeIgniter\Session\Handlers\FileHandler' driver.
DEBUG - 2025-12-28 11:36:18 --> Session: Class initialized using 'CodeIgniter\Session\Handlers\FileHandler' driver.
DEBUG - 2025-12-28 11:45:17 --> Session: Class initialized using 'CodeIgniter\Session\Handlers\FileHandler' driver.
DEBUG - 2025-12-28 11:45:22 --> Session: Class initialized using 'CodeIgniter\Session\Handlers\FileHandler' driver.
WARNING - 2025-12-28 11:45:28 --> [DEPRECATED] Setting lowercase HTTP method key "post" is deprecated. Use uppercase HTTP method like "POST". in SYSTEMPATH\Filters\Filters.php on line 744.
 1 SYSTEMPATH\Filters\Filters.php(744): trigger_error('Setting lowercase HTTP method key "post" is deprecated. Use uppercase HTTP method like "POST".', 16384)
 2 SYSTEMPATH\Filters\Filters.php(475): CodeIgniter\Filters\Filters->processMethods()
 3 SYSTEMPATH\Filters\Filters.php(218): CodeIgniter\Filters\Filters->initialize('login')
 4 SYSTEMPATH\CodeIgniter.php(479): CodeIgniter\Filters\Filters->run('login', 'before')
 5 SYSTEMPATH\CodeIgniter.php(354): CodeIgniter\CodeIgniter->handleRequest(null, Object(Config\Cache), false)
 6 SYSTEMPATH\Boot.php(363): CodeIgniter\CodeIgniter->run()
 7 SYSTEMPATH\Boot.php(68): CodeIgniter\Boot::runCodeIgniter(Object(CodeIgniter\CodeIgniter))
 8 FCPATH\index.php(59): CodeIgniter\Boot::bootWeb(Object(Config\Paths))
 9 SYSTEMPATH\rewrite.php(44): require_once('C:\\xampp\\htdocs\\sistem_informasi_percetakan\\public\\index.php')
INFO - 2025-12-28 11:45:28 --> CSRF token verified.
DEBUG - 2025-12-28 11:47:05 --> Session: Class initialized using 'CodeIgniter\Session\Handlers\FileHandler' driver.
WARNING - 2025-12-28 11:47:10 --> [DEPRECATED] Setting lowercase HTTP method key "post" is deprecated. Use uppercase HTTP method like "POST". in SYSTEMPATH\Filters\Filters.php on line 744.
 1 SYSTEMPATH\Filters\Filters.php(744): trigger_error('Setting lowercase HTTP method key "post" is deprecated. Use uppercase HTTP method like "POST".', 16384)
 2 SYSTEMPATH\Filters\Filters.php(475): CodeIgniter\Filters\Filters->processMethods()
 3 SYSTEMPATH\Filters\Filters.php(218): CodeIgniter\Filters\Filters->initialize('login')
 4 SYSTEMPATH\CodeIgniter.php(479): CodeIgniter\Filters\Filters->run('login', 'before')
 5 SYSTEMPATH\CodeIgniter.php(354): CodeIgniter\CodeIgniter->handleRequest(null, Object(Config\Cache), false)
 6 SYSTEMPATH\Boot.php(363): CodeIgniter\CodeIgniter->run()
 7 SYSTEMPATH\Boot.php(68): CodeIgniter\Boot::runCodeIgniter(Object(CodeIgniter\CodeIgniter))
 8 FCPATH\index.php(59): CodeIgniter\Boot::bootWeb(Object(Config\Paths))
 9 SYSTEMPATH\rewrite.php(44): require_once('C:\\xampp\\htdocs\\sistem_informasi_percetakan\\public\\index.php')
INFO - 2025-12-28 11:47:10 --> CSRF token verified.
WARNING - 2025-12-28 11:47:58 --> [DEPRECATED] Setting lowercase HTTP method key "post" is deprecated. Use uppercase HTTP method like "POST". in SYSTEMPATH\Filters\Filters.php on line 744.
 1 SYSTEMPATH\Filters\Filters.php(744): trigger_error('Setting lowercase HTTP method key "post" is deprecated. Use uppercase HTTP method like "POST".', 16384)
 2 SYSTEMPATH\Filters\Filters.php(475): CodeIgniter\Filters\Filters->processMethods()
 3 SYSTEMPATH\Filters\Filters.php(218): CodeIgniter\Filters\Filters->initialize('login')
 4 SYSTEMPATH\CodeIgniter.php(479): CodeIgniter\Filters\Filters->run('login', 'before')
 5 SYSTEMPATH\CodeIgniter.php(354): CodeIgniter\CodeIgniter->handleRequest(null, Object(Config\Cache), false)
 6 SYSTEMPATH\Boot.php(363): CodeIgniter\CodeIgniter->run()
 7 SYSTEMPATH\Boot.php(68): CodeIgniter\Boot::runCodeIgniter(Object(CodeIgniter\CodeIgniter))
 8 FCPATH\index.php(59): CodeIgniter\Boot::bootWeb(Object(Config\Paths))
 9 SYSTEMPATH\rewrite.php(44): require_once('C:\\xampp\\htdocs\\sistem_informasi_percetakan\\public\\index.php')
INFO - 2025-12-28 11:47:58 --> CSRF token verified.
DEBUG - 2025-12-28 11:47:59 --> Session: Class initialized using 'CodeIgniter\Session\Handlers\FileHandler' driver.
WARNING - 2025-12-28 11:48:03 --> [DEPRECATED] Setting lowercase HTTP method key "post" is deprecated. Use uppercase HTTP method like "POST". in SYSTEMPATH\Filters\Filters.php on line 744.
 1 SYSTEMPATH\Filters\Filters.php(744): trigger_error('Setting lowercase HTTP method key "post" is deprecated. Use uppercase HTTP method like "POST".', 16384)
 2 SYSTEMPATH\Filters\Filters.php(475): CodeIgniter\Filters\Filters->processMethods()
 3 SYSTEMPATH\Filters\Filters.php(218): CodeIgniter\Filters\Filters->initialize('login')
 4 SYSTEMPATH\CodeIgniter.php(479): CodeIgniter\Filters\Filters->run('login', 'before')
 5 SYSTEMPATH\CodeIgniter.php(354): CodeIgniter\CodeIgniter->handleRequest(null, Object(Config\Cache), false)
 6 SYSTEMPATH\Boot.php(363): CodeIgniter\CodeIgniter->run()
 7 SYSTEMPATH\Boot.php(68): CodeIgniter\Boot::runCodeIgniter(Object(CodeIgniter\CodeIgniter))
 8 FCPATH\index.php(59): CodeIgniter\Boot::bootWeb(Object(Config\Paths))
 9 SYSTEMPATH\rewrite.php(44): require_once('C:\\xampp\\htdocs\\sistem_informasi_percetakan\\public\\index.php')
INFO - 2025-12-28 11:48:03 --> CSRF token verified.
WARNING - 2025-12-28 11:50:57 --> [DEPRECATED] Setting lowercase HTTP method key "post" is deprecated. Use uppercase HTTP method like "POST". in SYSTEMPATH\Filters\Filters.php on line 744.
 1 SYSTEMPATH\Filters\Filters.php(744): trigger_error('Setting lowercase HTTP method key "post" is deprecated. Use uppercase HTTP method like "POST".', 16384)
 2 SYSTEMPATH\Filters\Filters.php(475): CodeIgniter\Filters\Filters->processMethods()
 3 SYSTEMPATH\Filters\Filters.php(218): CodeIgniter\Filters\Filters->initialize('login')
 4 SYSTEMPATH\CodeIgniter.php(479): CodeIgniter\Filters\Filters->run('login', 'before')
 5 SYSTEMPATH\CodeIgniter.php(354): CodeIgniter\CodeIgniter->handleRequest(null, Object(Config\Cache), false)
 6 SYSTEMPATH\Boot.php(363): CodeIgniter\CodeIgniter->run()
 7 SYSTEMPATH\Boot.php(68): CodeIgniter\Boot::runCodeIgniter(Object(CodeIgniter\CodeIgniter))
 8 FCPATH\index.php(59): CodeIgniter\Boot::bootWeb(Object(Config\Paths))
 9 SYSTEMPATH\rewrite.php(44): require_once('C:\\xampp\\htdocs\\sistem_informasi_percetakan\\public\\index.php')
INFO - 2025-12-28 11:50:57 --> CSRF token verified.
DEBUG - 2025-12-28 11:50:58 --> Session: Class initialized using 'CodeIgniter\Session\Handlers\FileHandler' driver.
WARNING - 2025-12-28 11:51:04 --> [DEPRECATED] Setting lowercase HTTP method key "post" is deprecated. Use uppercase HTTP method like "POST". in SYSTEMPATH\Filters\Filters.php on line 744.
 1 SYSTEMPATH\Filters\Filters.php(744): trigger_error('Setting lowercase HTTP method key "post" is deprecated. Use uppercase HTTP method like "POST".', 16384)
 2 SYSTEMPATH\Filters\Filters.php(475): CodeIgniter\Filters\Filters->processMethods()
 3 SYSTEMPATH\Filters\Filters.php(218): CodeIgniter\Filters\Filters->initialize('login')
 4 SYSTEMPATH\CodeIgniter.php(479): CodeIgniter\Filters\Filters->run('login', 'before')
 5 SYSTEMPATH\CodeIgniter.php(354): CodeIgniter\CodeIgniter->handleRequest(null, Object(Config\Cache), false)
 6 SYSTEMPATH\Boot.php(363): CodeIgniter\CodeIgniter->run()
 7 SYSTEMPATH\Boot.php(68): CodeIgniter\Boot::runCodeIgniter(Object(CodeIgniter\CodeIgniter))
 8 FCPATH\index.php(59): CodeIgniter\Boot::bootWeb(Object(Config\Paths))
 9 SYSTEMPATH\rewrite.php(44): require_once('C:\\xampp\\htdocs\\sistem_informasi_percetakan\\public\\index.php')
INFO - 2025-12-28 11:51:04 --> CSRF token verified.
DEBUG - 2025-12-28 11:53:05 --> Session: Class initialized using 'CodeIgniter\Session\Handlers\FileHandler' driver.
WARNING - 2025-12-28 11:53:10 --> [DEPRECATED] Setting lowercase HTTP method key "post" is deprecated. Use uppercase HTTP method like "POST". in SYSTEMPATH\Filters\Filters.php on line 744.
 1 SYSTEMPATH\Filters\Filters.php(744): trigger_error('Setting lowercase HTTP method key "post" is deprecated. Use uppercase HTTP method like "POST".', 16384)
 2 SYSTEMPATH\Filters\Filters.php(475): CodeIgniter\Filters\Filters->processMethods()
 3 SYSTEMPATH\Filters\Filters.php(218): CodeIgniter\Filters\Filters->initialize('login')
 4 SYSTEMPATH\CodeIgniter.php(479): CodeIgniter\Filters\Filters->run('login', 'before')
 5 SYSTEMPATH\CodeIgniter.php(354): CodeIgniter\CodeIgniter->handleRequest(null, Object(Config\Cache), false)
 6 SYSTEMPATH\Boot.php(363): CodeIgniter\CodeIgniter->run()
 7 SYSTEMPATH\Boot.php(68): CodeIgniter\Boot::runCodeIgniter(Object(CodeIgniter\CodeIgniter))
 8 FCPATH\index.php(59): CodeIgniter\Boot::bootWeb(Object(Config\Paths))
 9 SYSTEMPATH\rewrite.php(44): require_once('C:\\xampp\\htdocs\\sistem_informasi_percetakan\\public\\index.php')
INFO - 2025-12-28 11:53:10 --> CSRF token verified.
WARNING - 2025-12-28 11:54:41 --> [DEPRECATED] Setting lowercase HTTP method key "post" is deprecated. Use uppercase HTTP method like "POST". in SYSTEMPATH\Filters\Filters.php on line 744.
 1 SYSTEMPATH\Filters\Filters.php(744): trigger_error('Setting lowercase HTTP method key "post" is deprecated. Use uppercase HTTP method like "POST".', 16384)
 2 SYSTEMPATH\Filters\Filters.php(475): CodeIgniter\Filters\Filters->processMethods()
 3 SYSTEMPATH\Filters\Filters.php(218): CodeIgniter\Filters\Filters->initialize('login')
 4 SYSTEMPATH\CodeIgniter.php(479): CodeIgniter\Filters\Filters->run('login', 'before')
 5 SYSTEMPATH\CodeIgniter.php(354): CodeIgniter\CodeIgniter->handleRequest(null, Object(Config\Cache), false)
 6 SYSTEMPATH\Boot.php(363): CodeIgniter\CodeIgniter->run()
 7 SYSTEMPATH\Boot.php(68): CodeIgniter\Boot::runCodeIgniter(Object(CodeIgniter\CodeIgniter))
 8 FCPATH\index.php(59): CodeIgniter\Boot::bootWeb(Object(Config\Paths))
 9 SYSTEMPATH\rewrite.php(44): require_once('C:\\xampp\\htdocs\\sistem_informasi_percetakan\\public\\index.php')
INFO - 2025-12-28 11:54:41 --> CSRF token verified.
WARNING - 2025-12-28 11:56:13 --> [DEPRECATED] Setting lowercase HTTP method key "post" is deprecated. Use uppercase HTTP method like "POST". in SYSTEMPATH\Filters\Filters.php on line 744.
 1 SYSTEMPATH\Filters\Filters.php(744): trigger_error('Setting lowercase HTTP method key "post" is deprecated. Use uppercase HTTP method like "POST".', 16384)
 2 SYSTEMPATH\Filters\Filters.php(475): CodeIgniter\Filters\Filters->processMethods()
 3 SYSTEMPATH\Filters\Filters.php(218): CodeIgniter\Filters\Filters->initialize('login')
 4 SYSTEMPATH\CodeIgniter.php(479): CodeIgniter\Filters\Filters->run('login', 'before')
 5 SYSTEMPATH\CodeIgniter.php(354): CodeIgniter\CodeIgniter->handleRequest(null, Object(Config\Cache), false)
 6 SYSTEMPATH\Boot.php(363): CodeIgniter\CodeIgniter->run()
 7 SYSTEMPATH\Boot.php(68): CodeIgniter\Boot::runCodeIgniter(Object(CodeIgniter\CodeIgniter))
 8 FCPATH\index.php(59): CodeIgniter\Boot::bootWeb(Object(Config\Paths))
 9 SYSTEMPATH\rewrite.php(44): require_once('C:\\xampp\\htdocs\\sistem_informasi_percetakan\\public\\index.php')
INFO - 2025-12-28 11:56:13 --> CSRF token verified.
DEBUG - 2025-12-28 11:56:14 --> Session: Class initialized using 'CodeIgniter\Session\Handlers\FileHandler' driver.
WARNING - 2025-12-28 11:56:20 --> [DEPRECATED] Setting lowercase HTTP method key "post" is deprecated. Use uppercase HTTP method like "POST". in SYSTEMPATH\Filters\Filters.php on line 744.
 1 SYSTEMPATH\Filters\Filters.php(744): trigger_error('Setting lowercase HTTP method key "post" is deprecated. Use uppercase HTTP method like "POST".', 16384)
 2 SYSTEMPATH\Filters\Filters.php(475): CodeIgniter\Filters\Filters->processMethods()
 3 SYSTEMPATH\Filters\Filters.php(218): CodeIgniter\Filters\Filters->initialize('login')
 4 SYSTEMPATH\CodeIgniter.php(479): CodeIgniter\Filters\Filters->run('login', 'before')
 5 SYSTEMPATH\CodeIgniter.php(354): CodeIgniter\CodeIgniter->handleRequest(null, Object(Config\Cache), false)
 6 SYSTEMPATH\Boot.php(363): CodeIgniter\CodeIgniter->run()
 7 SYSTEMPATH\Boot.php(68): CodeIgniter\Boot::runCodeIgniter(Object(CodeIgniter\CodeIgniter))
 8 FCPATH\index.php(59): CodeIgniter\Boot::bootWeb(Object(Config\Paths))
 9 SYSTEMPATH\rewrite.php(44): require_once('C:\\xampp\\htdocs\\sistem_informasi_percetakan\\public\\index.php')
INFO - 2025-12-28 11:56:20 --> CSRF token verified.
DEBUG - 2025-12-28 12:00:28 --> Session: Class initialized using 'CodeIgniter\Session\Handlers\FileHandler' driver.
WARNING - 2025-12-28 12:00:34 --> [DEPRECATED] Setting lowercase HTTP method key "post" is deprecated. Use uppercase HTTP method like "POST". in SYSTEMPATH\Filters\Filters.php on line 744.
 1 SYSTEMPATH\Filters\Filters.php(744): trigger_error('Setting lowercase HTTP method key "post" is deprecated. Use uppercase HTTP method like "POST".', 16384)
 2 SYSTEMPATH\Filters\Filters.php(475): CodeIgniter\Filters\Filters->processMethods()
 3 SYSTEMPATH\Filters\Filters.php(218): CodeIgniter\Filters\Filters->initialize('login')
 4 SYSTEMPATH\CodeIgniter.php(479): CodeIgniter\Filters\Filters->run('login', 'before')
 5 SYSTEMPATH\CodeIgniter.php(354): CodeIgniter\CodeIgniter->handleRequest(null, Object(Config\Cache), false)
 6 SYSTEMPATH\Boot.php(363): CodeIgniter\CodeIgniter->run()
 7 SYSTEMPATH\Boot.php(68): CodeIgniter\Boot::runCodeIgniter(Object(CodeIgniter\CodeIgniter))
 8 FCPATH\index.php(59): CodeIgniter\Boot::bootWeb(Object(Config\Paths))
 9 SYSTEMPATH\rewrite.php(44): require_once('C:\\xampp\\htdocs\\sistem_informasi_percetakan\\public\\index.php')
INFO - 2025-12-28 12:00:34 --> CSRF token verified.
DEBUG - 2025-12-28 12:00:37 --> Session: Class initialized using 'CodeIgniter\Session\Handlers\FileHandler' driver.
WARNING - 2025-12-28 12:00:43 --> [DEPRECATED] Setting lowercase HTTP method key "post" is deprecated. Use uppercase HTTP method like "POST". in SYSTEMPATH\Filters\Filters.php on line 744.
 1 SYSTEMPATH\Filters\Filters.php(744): trigger_error('Setting lowercase HTTP method key "post" is deprecated. Use uppercase HTTP method like "POST".', 16384)
 2 SYSTEMPATH\Filters\Filters.php(475): CodeIgniter\Filters\Filters->processMethods()
 3 SYSTEMPATH\Filters\Filters.php(218): CodeIgniter\Filters\Filters->initialize('login')
 4 SYSTEMPATH\CodeIgniter.php(479): CodeIgniter\Filters\Filters->run('login', 'before')
 5 SYSTEMPATH\CodeIgniter.php(354): CodeIgniter\CodeIgniter->handleRequest(null, Object(Config\Cache), false)
 6 SYSTEMPATH\Boot.php(363): CodeIgniter\CodeIgniter->run()
 7 SYSTEMPATH\Boot.php(68): CodeIgniter\Boot::runCodeIgniter(Object(CodeIgniter\CodeIgniter))
 8 FCPATH\index.php(59): CodeIgniter\Boot::bootWeb(Object(Config\Paths))
 9 SYSTEMPATH\rewrite.php(44): require_once('C:\\xampp\\htdocs\\sistem_informasi_percetakan\\public\\index.php')
INFO - 2025-12-28 12:00:43 --> CSRF token verified.
DEBUG - 2025-12-28 12:01:27 --> Session: Class initialized using 'CodeIgniter\Session\Handlers\FileHandler' driver.
WARNING - 2025-12-28 12:01:31 --> [DEPRECATED] Setting lowercase HTTP method key "post" is deprecated. Use uppercase HTTP method like "POST". in SYSTEMPATH\Filters\Filters.php on line 744.
 1 SYSTEMPATH\Filters\Filters.php(744): trigger_error('Setting lowercase HTTP method key "post" is deprecated. Use uppercase HTTP method like "POST".', 16384)
 2 SYSTEMPATH\Filters\Filters.php(475): CodeIgniter\Filters\Filters->processMethods()
 3 SYSTEMPATH\Filters\Filters.php(218): CodeIgniter\Filters\Filters->initialize('login')
 4 SYSTEMPATH\CodeIgniter.php(479): CodeIgniter\Filters\Filters->run('login', 'before')
 5 SYSTEMPATH\CodeIgniter.php(354): CodeIgniter\CodeIgniter->handleRequest(null, Object(Config\Cache), false)
 6 SYSTEMPATH\Boot.php(363): CodeIgniter\CodeIgniter->run()
 7 SYSTEMPATH\Boot.php(68): CodeIgniter\Boot::runCodeIgniter(Object(CodeIgniter\CodeIgniter))
 8 FCPATH\index.php(59): CodeIgniter\Boot::bootWeb(Object(Config\Paths))
 9 SYSTEMPATH\rewrite.php(44): require_once('C:\\xampp\\htdocs\\sistem_informasi_percetakan\\public\\index.php')
INFO - 2025-12-28 12:01:31 --> CSRF token verified.
DEBUG - 2025-12-28 12:12:38 --> Session: Class initialized using 'CodeIgniter\Session\Handlers\FileHandler' driver.
WARNING - 2025-12-28 12:12:42 --> [DEPRECATED] Setting lowercase HTTP method key "post" is deprecated. Use uppercase HTTP method like "POST". in SYSTEMPATH\Filters\Filters.php on line 744.
 1 SYSTEMPATH\Filters\Filters.php(744): trigger_error('Setting lowercase HTTP method key "post" is deprecated. Use uppercase HTTP method like "POST".', 16384)
 2 SYSTEMPATH\Filters\Filters.php(475): CodeIgniter\Filters\Filters->processMethods()
 3 SYSTEMPATH\Filters\Filters.php(218): CodeIgniter\Filters\Filters->initialize('login')
 4 SYSTEMPATH\CodeIgniter.php(479): CodeIgniter\Filters\Filters->run('login', 'before')
 5 SYSTEMPATH\CodeIgniter.php(354): CodeIgniter\CodeIgniter->handleRequest(null, Object(Config\Cache), false)
 6 SYSTEMPATH\Boot.php(363): CodeIgniter\CodeIgniter->run()
 7 SYSTEMPATH\Boot.php(68): CodeIgniter\Boot::runCodeIgniter(Object(CodeIgniter\CodeIgniter))
 8 FCPATH\index.php(59): CodeIgniter\Boot::bootWeb(Object(Config\Paths))
 9 SYSTEMPATH\rewrite.php(44): require_once('C:\\xampp\\htdocs\\sistem_informasi_percetakan\\public\\index.php')
INFO - 2025-12-28 12:12:42 --> CSRF token verified.
DEBUG - 2025-12-28 12:14:59 --> Session: Class initialized using 'CodeIgniter\Session\Handlers\FileHandler' driver.
WARNING - 2025-12-28 12:15:02 --> [DEPRECATED] Setting lowercase HTTP method key "post" is deprecated. Use uppercase HTTP method like "POST". in SYSTEMPATH\Filters\Filters.php on line 744.
 1 SYSTEMPATH\Filters\Filters.php(744): trigger_error('Setting lowercase HTTP method key "post" is deprecated. Use uppercase HTTP method like "POST".', 16384)
 2 SYSTEMPATH\Filters\Filters.php(475): CodeIgniter\Filters\Filters->processMethods()
 3 SYSTEMPATH\Filters\Filters.php(218): CodeIgniter\Filters\Filters->initialize('login')
 4 SYSTEMPATH\CodeIgniter.php(479): CodeIgniter\Filters\Filters->run('login', 'before')
 5 SYSTEMPATH\CodeIgniter.php(354): CodeIgniter\CodeIgniter->handleRequest(null, Object(Config\Cache), false)
 6 SYSTEMPATH\Boot.php(363): CodeIgniter\CodeIgniter->run()
 7 SYSTEMPATH\Boot.php(68): CodeIgniter\Boot::runCodeIgniter(Object(CodeIgniter\CodeIgniter))
 8 FCPATH\index.php(59): CodeIgniter\Boot::bootWeb(Object(Config\Paths))
 9 SYSTEMPATH\rewrite.php(44): require_once('C:\\xampp\\htdocs\\sistem_informasi_percetakan\\public\\index.php')
INFO - 2025-12-28 12:15:02 --> CSRF token verified.
DEBUG - 2025-12-28 12:18:02 --> Session: Class initialized using 'CodeIgniter\Session\Handlers\FileHandler' driver.
WARNING - 2025-12-28 12:18:07 --> [DEPRECATED] Setting lowercase HTTP method key "post" is deprecated. Use uppercase HTTP method like "POST". in SYSTEMPATH\Filters\Filters.php on line 744.
 1 SYSTEMPATH\Filters\Filters.php(744): trigger_error('Setting lowercase HTTP method key "post" is deprecated. Use uppercase HTTP method like "POST".', 16384)
 2 SYSTEMPATH\Filters\Filters.php(475): CodeIgniter\Filters\Filters->processMethods()
 3 SYSTEMPATH\Filters\Filters.php(218): CodeIgniter\Filters\Filters->initialize('login')
 4 SYSTEMPATH\CodeIgniter.php(479): CodeIgniter\Filters\Filters->run('login', 'before')
 5 SYSTEMPATH\CodeIgniter.php(354): CodeIgniter\CodeIgniter->handleRequest(null, Object(Config\Cache), false)
 6 SYSTEMPATH\Boot.php(363): CodeIgniter\CodeIgniter->run()
 7 SYSTEMPATH\Boot.php(68): CodeIgniter\Boot::runCodeIgniter(Object(CodeIgniter\CodeIgniter))
 8 FCPATH\index.php(59): CodeIgniter\Boot::bootWeb(Object(Config\Paths))
 9 SYSTEMPATH\rewrite.php(44): require_once('C:\\xampp\\htdocs\\sistem_informasi_percetakan\\public\\index.php')
INFO - 2025-12-28 12:18:07 --> CSRF token verified.
CRITICAL - 2025-12-28 12:18:07 --> ErrorException: Undefined array key "password"
[Method: POST, Route: login]
in APPPATH\Controllers\AuthController.php on line 30.
 1 APPPATH\Controllers\AuthController.php(30): CodeIgniter\Debug\Exceptions->errorHandler(2, 'Undefined array key "password"', 'C:\\xampp\\htdocs\\sistem_informasi_percetakan\\app\\Controllers\\AuthController.php', 30)
 2 SYSTEMPATH\CodeIgniter.php(933): App\Controllers\AuthController->attempt()
 3 SYSTEMPATH\CodeIgniter.php(507): CodeIgniter\CodeIgniter->runController(Object(App\Controllers\AuthController))
 4 SYSTEMPATH\CodeIgniter.php(354): CodeIgniter\CodeIgniter->handleRequest(null, Object(Config\Cache), false)
 5 SYSTEMPATH\Boot.php(363): CodeIgniter\CodeIgniter->run()
 6 SYSTEMPATH\Boot.php(68): CodeIgniter\Boot::runCodeIgniter(Object(CodeIgniter\CodeIgniter))
 7 FCPATH\index.php(59): CodeIgniter\Boot::bootWeb(Object(Config\Paths))
 8 SYSTEMPATH\rewrite.php(44): require_once('C:\\xampp\\htdocs\\sistem_informasi_percetakan\\public\\index.php')
DEBUG - 2025-12-28 12:25:34 --> Session: Class initialized using 'CodeIgniter\Session\Handlers\FileHandler' driver.
WARNING - 2025-12-28 12:25:38 --> [DEPRECATED] Setting lowercase HTTP method key "post" is deprecated. Use uppercase HTTP method like "POST". in SYSTEMPATH\Filters\Filters.php on line 744.
 1 SYSTEMPATH\Filters\Filters.php(744): trigger_error('Setting lowercase HTTP method key "post" is deprecated. Use uppercase HTTP method like "POST".', 16384)
 2 SYSTEMPATH\Filters\Filters.php(475): CodeIgniter\Filters\Filters->processMethods()
 3 SYSTEMPATH\Filters\Filters.php(218): CodeIgniter\Filters\Filters->initialize('login')
 4 SYSTEMPATH\CodeIgniter.php(479): CodeIgniter\Filters\Filters->run('login', 'before')
 5 SYSTEMPATH\CodeIgniter.php(354): CodeIgniter\CodeIgniter->handleRequest(null, Object(Config\Cache), false)
 6 SYSTEMPATH\Boot.php(363): CodeIgniter\CodeIgniter->run()
 7 SYSTEMPATH\Boot.php(68): CodeIgniter\Boot::runCodeIgniter(Object(CodeIgniter\CodeIgniter))
 8 FCPATH\index.php(59): CodeIgniter\Boot::bootWeb(Object(Config\Paths))
 9 SYSTEMPATH\rewrite.php(44): require_once('C:\\xampp\\htdocs\\sistem_informasi_percetakan\\public\\index.php')
INFO - 2025-12-28 12:25:38 --> CSRF token verified.
DEBUG - 2025-12-28 12:26:22 --> Session: Class initialized using 'CodeIgniter\Session\Handlers\FileHandler' driver.
WARNING - 2025-12-28 12:26:27 --> [DEPRECATED] Setting lowercase HTTP method key "post" is deprecated. Use uppercase HTTP method like "POST". in SYSTEMPATH\Filters\Filters.php on line 744.
 1 SYSTEMPATH\Filters\Filters.php(744): trigger_error('Setting lowercase HTTP method key "post" is deprecated. Use uppercase HTTP method like "POST".', 16384)
 2 SYSTEMPATH\Filters\Filters.php(475): CodeIgniter\Filters\Filters->processMethods()
 3 SYSTEMPATH\Filters\Filters.php(218): CodeIgniter\Filters\Filters->initialize('login')
 4 SYSTEMPATH\CodeIgniter.php(479): CodeIgniter\Filters\Filters->run('login', 'before')
 5 SYSTEMPATH\CodeIgniter.php(354): CodeIgniter\CodeIgniter->handleRequest(null, Object(Config\Cache), false)
 6 SYSTEMPATH\Boot.php(363): CodeIgniter\CodeIgniter->run()
 7 SYSTEMPATH\Boot.php(68): CodeIgniter\Boot::runCodeIgniter(Object(CodeIgniter\CodeIgniter))
 8 FCPATH\index.php(59): CodeIgniter\Boot::bootWeb(Object(Config\Paths))
 9 SYSTEMPATH\rewrite.php(44): require_once('C:\\xampp\\htdocs\\sistem_informasi_percetakan\\public\\index.php')
INFO - 2025-12-28 12:26:27 --> CSRF token verified.
DEBUG - 2025-12-28 12:26:27 --> Session: Class initialized using 'CodeIgniter\Session\Handlers\FileHandler' driver.
DEBUG - 2025-12-28 12:26:27 --> Session: Class initialized using 'CodeIgniter\Session\Handlers\FileHandler' driver.
DEBUG - 2025-12-28 12:26:43 --> Session: Class initialized using 'CodeIgniter\Session\Handlers\FileHandler' driver.
DEBUG - 2025-12-28 12:26:43 --> Session: Class initialized using 'CodeIgniter\Session\Handlers\FileHandler' driver.
WARNING - 2025-12-28 12:26:51 --> [DEPRECATED] Setting lowercase HTTP method key "post" is deprecated. Use uppercase HTTP method like "POST". in SYSTEMPATH\Filters\Filters.php on line 744.
 1 SYSTEMPATH\Filters\Filters.php(744): trigger_error('Setting lowercase HTTP method key "post" is deprecated. Use uppercase HTTP method like "POST".', 16384)
 2 SYSTEMPATH\Filters\Filters.php(475): CodeIgniter\Filters\Filters->processMethods()
 3 SYSTEMPATH\Filters\Filters.php(218): CodeIgniter\Filters\Filters->initialize('login')
 4 SYSTEMPATH\CodeIgniter.php(479): CodeIgniter\Filters\Filters->run('login', 'before')
 5 SYSTEMPATH\CodeIgniter.php(354): CodeIgniter\CodeIgniter->handleRequest(null, Object(Config\Cache), false)
 6 SYSTEMPATH\Boot.php(363): CodeIgniter\CodeIgniter->run()
 7 SYSTEMPATH\Boot.php(68): CodeIgniter\Boot::runCodeIgniter(Object(CodeIgniter\CodeIgniter))
 8 FCPATH\index.php(59): CodeIgniter\Boot::bootWeb(Object(Config\Paths))
 9 SYSTEMPATH\rewrite.php(44): require_once('C:\\xampp\\htdocs\\sistem_informasi_percetakan\\public\\index.php')
INFO - 2025-12-28 12:26:51 --> CSRF token verified.
DEBUG - 2025-12-28 12:26:51 --> Session: Class initialized using 'CodeIgniter\Session\Handlers\FileHandler' driver.
DEBUG - 2025-12-28 12:26:51 --> Session: Class initialized using 'CodeIgniter\Session\Handlers\FileHandler' driver.
WARNING - 2025-12-28 12:41:52 --> [DEPRECATED] Setting lowercase HTTP method key "post" is deprecated. Use uppercase HTTP method like "POST". in SYSTEMPATH\Filters\Filters.php on line 744.
 1 SYSTEMPATH\Filters\Filters.php(744): trigger_error('Setting lowercase HTTP method key "post" is deprecated. Use uppercase HTTP method like "POST".', 16384)
 2 SYSTEMPATH\Filters\Filters.php(475): CodeIgniter\Filters\Filters->processMethods()
 3 SYSTEMPATH\Filters\Filters.php(218): CodeIgniter\Filters\Filters->initialize('login')
 4 SYSTEMPATH\CodeIgniter.php(479): CodeIgniter\Filters\Filters->run('login', 'before')
 5 SYSTEMPATH\CodeIgniter.php(354): CodeIgniter\CodeIgniter->handleRequest(null, Object(Config\Cache), false)
 6 SYSTEMPATH\Boot.php(363): CodeIgniter\CodeIgniter->run()
 7 SYSTEMPATH\Boot.php(68): CodeIgniter\Boot::runCodeIgniter(Object(CodeIgniter\CodeIgniter))
 8 FCPATH\index.php(59): CodeIgniter\Boot::bootWeb(Object(Config\Paths))
 9 SYSTEMPATH\rewrite.php(44): require_once('C:\\xampp\\htdocs\\sistem_informasi_percetakan\\public\\index.php')
INFO - 2025-12-28 12:41:52 --> CSRF token verified.
DEBUG - 2025-12-28 12:41:52 --> Session: Class initialized using 'CodeIgniter\Session\Handlers\FileHandler' driver.
DEBUG - 2025-12-28 12:41:52 --> Session: Class initialized using 'CodeIgniter\Session\Handlers\FileHandler' driver.
DEBUG - 2025-12-28 12:41:52 --> Session: Class initialized using 'CodeIgniter\Session\Handlers\FileHandler' driver.
WARNING - 2025-12-28 12:44:33 --> [DEPRECATED] Setting lowercase HTTP method key "post" is deprecated. Use uppercase HTTP method like "POST". in SYSTEMPATH\Filters\Filters.php on line 744.
 1 SYSTEMPATH\Filters\Filters.php(744): trigger_error('Setting lowercase HTTP method key "post" is deprecated. Use uppercase HTTP method like "POST".', 16384)
 2 SYSTEMPATH\Filters\Filters.php(475): CodeIgniter\Filters\Filters->processMethods()
 3 SYSTEMPATH\Filters\Filters.php(218): CodeIgniter\Filters\Filters->initialize('login')
 4 SYSTEMPATH\CodeIgniter.php(479): CodeIgniter\Filters\Filters->run('login', 'before')
 5 SYSTEMPATH\CodeIgniter.php(354): CodeIgniter\CodeIgniter->handleRequest(null, Object(Config\Cache), false)
 6 SYSTEMPATH\Boot.php(363): CodeIgniter\CodeIgniter->run()
 7 SYSTEMPATH\Boot.php(68): CodeIgniter\Boot::runCodeIgniter(Object(CodeIgniter\CodeIgniter))
 8 FCPATH\index.php(59): CodeIgniter\Boot::bootWeb(Object(Config\Paths))
 9 SYSTEMPATH\rewrite.php(44): require_once('C:\\xampp\\htdocs\\sistem_informasi_percetakan\\public\\index.php')
INFO - 2025-12-28 12:44:33 --> CSRF token verified.
DEBUG - 2025-12-28 12:44:33 --> Session: Class initialized using 'CodeIgniter\Session\Handlers\FileHandler' driver.
CRITICAL - 2025-12-28 12:44:33 --> TypeError: CodeIgniter\HTTP\RedirectResponse::to(): Argument #2 ($code) must be of type ?int, string given, called in C:\xampp\htdocs\sistem_informasi_percetakan\app\Controllers\AuthController.php on line 26
[Method: POST, Route: login]
in SYSTEMPATH\HTTP\RedirectResponse.php on line 35.
 1 APPPATH\Controllers\AuthController.php(26): CodeIgniter\HTTP\RedirectResponse->to('/admin/dashboard', 'pelanggan/dashboard')
 2 SYSTEMPATH\CodeIgniter.php(933): App\Controllers\AuthController->attempt()
 3 SYSTEMPATH\CodeIgniter.php(507): CodeIgniter\CodeIgniter->runController(Object(App\Controllers\AuthController))
 4 SYSTEMPATH\CodeIgniter.php(354): CodeIgniter\CodeIgniter->handleRequest(null, Object(Config\Cache), false)
 5 SYSTEMPATH\Boot.php(363): CodeIgniter\CodeIgniter->run()
 6 SYSTEMPATH\Boot.php(68): CodeIgniter\Boot::runCodeIgniter(Object(CodeIgniter\CodeIgniter))
 7 FCPATH\index.php(59): CodeIgniter\Boot::bootWeb(Object(Config\Paths))
 8 SYSTEMPATH\rewrite.php(44): require_once('C:\\xampp\\htdocs\\sistem_informasi_percetakan\\public\\index.php')
WARNING - 2025-12-28 12:44:48 --> [DEPRECATED] Setting lowercase HTTP method key "post" is deprecated. Use uppercase HTTP method like "POST". in SYSTEMPATH\Filters\Filters.php on line 744.
 1 SYSTEMPATH\Filters\Filters.php(744): trigger_error('Setting lowercase HTTP method key "post" is deprecated. Use uppercase HTTP method like "POST".', 16384)
 2 SYSTEMPATH\Filters\Filters.php(475): CodeIgniter\Filters\Filters->processMethods()
 3 SYSTEMPATH\Filters\Filters.php(218): CodeIgniter\Filters\Filters->initialize('login')
 4 SYSTEMPATH\CodeIgniter.php(479): CodeIgniter\Filters\Filters->run('login', 'before')
 5 SYSTEMPATH\CodeIgniter.php(354): CodeIgniter\CodeIgniter->handleRequest(null, Object(Config\Cache), false)
 6 SYSTEMPATH\Boot.php(363): CodeIgniter\CodeIgniter->run()
 7 SYSTEMPATH\Boot.php(68): CodeIgniter\Boot::runCodeIgniter(Object(CodeIgniter\CodeIgniter))
 8 FCPATH\index.php(59): CodeIgniter\Boot::bootWeb(Object(Config\Paths))
 9 SYSTEMPATH\rewrite.php(44): require_once('C:\\xampp\\htdocs\\sistem_informasi_percetakan\\public\\index.php')
INFO - 2025-12-28 12:44:48 --> CSRF token verified.
DEBUG - 2025-12-28 12:44:48 --> Session: Class initialized using 'CodeIgniter\Session\Handlers\FileHandler' driver.
CRITICAL - 2025-12-28 12:44:48 --> TypeError: CodeIgniter\HTTP\RedirectResponse::to(): Argument #2 ($code) must be of type ?int, string given, called in C:\xampp\htdocs\sistem_informasi_percetakan\app\Controllers\AuthController.php on line 26
[Method: POST, Route: login]
in SYSTEMPATH\HTTP\RedirectResponse.php on line 35.
 1 APPPATH\Controllers\AuthController.php(26): CodeIgniter\HTTP\RedirectResponse->to('/admin/dashboard', 'pelanggan/dashboard')
 2 SYSTEMPATH\CodeIgniter.php(933): App\Controllers\AuthController->attempt()
 3 SYSTEMPATH\CodeIgniter.php(507): CodeIgniter\CodeIgniter->runController(Object(App\Controllers\AuthController))
 4 SYSTEMPATH\CodeIgniter.php(354): CodeIgniter\CodeIgniter->handleRequest(null, Object(Config\Cache), false)
 5 SYSTEMPATH\Boot.php(363): CodeIgniter\CodeIgniter->run()
 6 SYSTEMPATH\Boot.php(68): CodeIgniter\Boot::runCodeIgniter(Object(CodeIgniter\CodeIgniter))
 7 FCPATH\index.php(59): CodeIgniter\Boot::bootWeb(Object(Config\Paths))
 8 SYSTEMPATH\rewrite.php(44): require_once('C:\\xampp\\htdocs\\sistem_informasi_percetakan\\public\\index.php')
WARNING - 2025-12-28 12:51:46 --> [DEPRECATED] Setting lowercase HTTP method key "post" is deprecated. Use uppercase HTTP method like "POST". in SYSTEMPATH\Filters\Filters.php on line 744.
 1 SYSTEMPATH\Filters\Filters.php(744): trigger_error('Setting lowercase HTTP method key "post" is deprecated. Use uppercase HTTP method like "POST".', 16384)
 2 SYSTEMPATH\Filters\Filters.php(475): CodeIgniter\Filters\Filters->processMethods()
 3 SYSTEMPATH\Filters\Filters.php(218): CodeIgniter\Filters\Filters->initialize('login')
 4 SYSTEMPATH\CodeIgniter.php(479): CodeIgniter\Filters\Filters->run('login', 'before')
 5 SYSTEMPATH\CodeIgniter.php(354): CodeIgniter\CodeIgniter->handleRequest(null, Object(Config\Cache), false)
 6 SYSTEMPATH\Boot.php(363): CodeIgniter\CodeIgniter->run()
 7 SYSTEMPATH\Boot.php(68): CodeIgniter\Boot::runCodeIgniter(Object(CodeIgniter\CodeIgniter))
 8 FCPATH\index.php(59): CodeIgniter\Boot::bootWeb(Object(Config\Paths))
 9 SYSTEMPATH\rewrite.php(44): require_once('C:\\xampp\\htdocs\\sistem_informasi_percetakan\\public\\index.php')
INFO - 2025-12-28 12:51:46 --> CSRF token verified.
DEBUG - 2025-12-28 12:51:46 --> Session: Class initialized using 'CodeIgniter\Session\Handlers\FileHandler' driver.
DEBUG - 2025-12-28 12:51:46 --> Session: Class initialized using 'CodeIgniter\Session\Handlers\FileHandler' driver.
DEBUG - 2025-12-28 12:56:12 --> Session: Class initialized using 'CodeIgniter\Session\Handlers\FileHandler' driver.
WARNING - 2025-12-28 12:56:29 --> [DEPRECATED] Setting lowercase HTTP method key "post" is deprecated. Use uppercase HTTP method like "POST". in SYSTEMPATH\Filters\Filters.php on line 744.
 1 SYSTEMPATH\Filters\Filters.php(744): trigger_error('Setting lowercase HTTP method key "post" is deprecated. Use uppercase HTTP method like "POST".', 16384)
 2 SYSTEMPATH\Filters\Filters.php(475): CodeIgniter\Filters\Filters->processMethods()
 3 SYSTEMPATH\Filters\Filters.php(218): CodeIgniter\Filters\Filters->initialize('login')
 4 SYSTEMPATH\CodeIgniter.php(479): CodeIgniter\Filters\Filters->run('login', 'before')
 5 SYSTEMPATH\CodeIgniter.php(354): CodeIgniter\CodeIgniter->handleRequest(null, Object(Config\Cache), false)
 6 SYSTEMPATH\Boot.php(363): CodeIgniter\CodeIgniter->run()
 7 SYSTEMPATH\Boot.php(68): CodeIgniter\Boot::runCodeIgniter(Object(CodeIgniter\CodeIgniter))
 8 FCPATH\index.php(59): CodeIgniter\Boot::bootWeb(Object(Config\Paths))
 9 SYSTEMPATH\rewrite.php(44): require_once('C:\\xampp\\htdocs\\sistem_informasi_percetakan\\public\\index.php')
INFO - 2025-12-28 12:56:29 --> CSRF token verified.
DEBUG - 2025-12-28 12:56:29 --> Session: Class initialized using 'CodeIgniter\Session\Handlers\FileHandler' driver.
DEBUG - 2025-12-28 12:56:29 --> Session: Class initialized using 'CodeIgniter\Session\Handlers\FileHandler' driver.
ERROR - 2025-12-28 12:56:29 --> mysqli_sql_exception: Table 'sistem_informasi_percetakan.produk' doesn't exist in C:\xampp\htdocs\sistem_informasi_percetakan\system\Database\MySQLi\Connection.php:327
Stack trace:
#0 C:\xampp\htdocs\sistem_informasi_percetakan\system\Database\MySQLi\Connection.php(327): mysqli->query('SELECT *\nFROM `...', 0)
#1 C:\xampp\htdocs\sistem_informasi_percetakan\system\Database\BaseConnection.php(729): CodeIgniter\Database\MySQLi\Connection->execute('SELECT *\nFROM `...')
#2 C:\xampp\htdocs\sistem_informasi_percetakan\system\Database\BaseConnection.php(646): CodeIgniter\Database\BaseConnection->simpleQuery('SELECT *\nFROM `...')
#3 C:\xampp\htdocs\sistem_informasi_percetakan\system\Database\BaseBuilder.php(1649): CodeIgniter\Database\BaseConnection->query('SELECT *\nFROM `...', Array, false)
#4 C:\xampp\htdocs\sistem_informasi_percetakan\system\Model.php(286): CodeIgniter\Database\BaseBuilder->get()
#5 C:\xampp\htdocs\sistem_informasi_percetakan\system\BaseModel.php(677): CodeIgniter\Model->doFindAll(0, 0)
#6 C:\xampp\htdocs\sistem_informasi_percetakan\app\Controllers\pelanggan\DashboardController.php(15): CodeIgniter\BaseModel->findAll()
#7 C:\xampp\htdocs\sistem_informasi_percetakan\system\CodeIgniter.php(933): App\Controllers\Pelanggan\DashboardController->index()
#8 C:\xampp\htdocs\sistem_informasi_percetakan\system\CodeIgniter.php(507): CodeIgniter\CodeIgniter->runController(Object(App\Controllers\Pelanggan\DashboardController))
#9 C:\xampp\htdocs\sistem_informasi_percetakan\system\CodeIgniter.php(354): CodeIgniter\CodeIgniter->handleRequest(NULL, Object(Config\Cache), false)
#10 C:\xampp\htdocs\sistem_informasi_percetakan\system\Boot.php(363): CodeIgniter\CodeIgniter->run()
#11 C:\xampp\htdocs\sistem_informasi_percetakan\system\Boot.php(68): CodeIgniter\Boot::runCodeIgniter(Object(CodeIgniter\CodeIgniter))
#12 C:\xampp\htdocs\sistem_informasi_percetakan\public\index.php(59): CodeIgniter\Boot::bootWeb(Object(Config\Paths))
#13 C:\xampp\htdocs\sistem_informasi_percetakan\system\rewrite.php(44): require_once('C:\\xampp\\htdocs...')
#14 {main}
CRITICAL - 2025-12-28 12:56:30 --> CodeIgniter\Database\Exceptions\DatabaseException: Table 'sistem_informasi_percetakan.produk' doesn't exist
[Method: GET, Route: pelanggan/dashboard]
in SYSTEMPATH\Database\BaseConnection.php on line 684.
 1 SYSTEMPATH\Database\BaseBuilder.php(1649): CodeIgniter\Database\BaseConnection->query('SELECT *
FROM `produk`', [], false)
 2 SYSTEMPATH\Model.php(286): CodeIgniter\Database\BaseBuilder->get()
 3 SYSTEMPATH\BaseModel.php(677): CodeIgniter\Model->doFindAll(0, 0)
 4 APPPATH\Controllers\pelanggan\DashboardController.php(15): CodeIgniter\BaseModel->findAll()
 5 SYSTEMPATH\CodeIgniter.php(933): App\Controllers\Pelanggan\DashboardController->index()
 6 SYSTEMPATH\CodeIgniter.php(507): CodeIgniter\CodeIgniter->runController(Object(App\Controllers\Pelanggan\DashboardController))
 7 SYSTEMPATH\CodeIgniter.php(354): CodeIgniter\CodeIgniter->handleRequest(null, Object(Config\Cache), false)
 8 SYSTEMPATH\Boot.php(363): CodeIgniter\CodeIgniter->run()
 9 SYSTEMPATH\Boot.php(68): CodeIgniter\Boot::runCodeIgniter(Object(CodeIgniter\CodeIgniter))
10 FCPATH\index.php(59): CodeIgniter\Boot::bootWeb(Object(Config\Paths))
11 SYSTEMPATH\rewrite.php(44): require_once('C:\\xampp\\htdocs\\sistem_informasi_percetakan\\public\\index.php')
CRITICAL - 2025-12-28 12:56:30 --> [Caused by] CodeIgniter\Database\Exceptions\DatabaseException: Table 'sistem_informasi_percetakan.produk' doesn't exist
in SYSTEMPATH\Database\MySQLi\Connection.php on line 332.
 1 SYSTEMPATH\Database\BaseConnection.php(729): CodeIgniter\Database\MySQLi\Connection->execute('SELECT *
FROM `produk`')
 2 SYSTEMPATH\Database\BaseConnection.php(646): CodeIgniter\Database\BaseConnection->simpleQuery('SELECT *
FROM `produk`')
 3 SYSTEMPATH\Database\BaseBuilder.php(1649): CodeIgniter\Database\BaseConnection->query('SELECT *
FROM `produk`', [], false)
 4 SYSTEMPATH\Model.php(286): CodeIgniter\Database\BaseBuilder->get()
 5 SYSTEMPATH\BaseModel.php(677): CodeIgniter\Model->doFindAll(0, 0)
 6 APPPATH\Controllers\pelanggan\DashboardController.php(15): CodeIgniter\BaseModel->findAll()
 7 SYSTEMPATH\CodeIgniter.php(933): App\Controllers\Pelanggan\DashboardController->index()
 8 SYSTEMPATH\CodeIgniter.php(507): CodeIgniter\CodeIgniter->runController(Object(App\Controllers\Pelanggan\DashboardController))
 9 SYSTEMPATH\CodeIgniter.php(354): CodeIgniter\CodeIgniter->handleRequest(null, Object(Config\Cache), false)
10 SYSTEMPATH\Boot.php(363): CodeIgniter\CodeIgniter->run()
11 SYSTEMPATH\Boot.php(68): CodeIgniter\Boot::runCodeIgniter(Object(CodeIgniter\CodeIgniter))
12 FCPATH\index.php(59): CodeIgniter\Boot::bootWeb(Object(Config\Paths))
13 SYSTEMPATH\rewrite.php(44): require_once('C:\\xampp\\htdocs\\sistem_informasi_percetakan\\public\\index.php')
CRITICAL - 2025-12-28 12:56:30 --> [Caused by] mysqli_sql_exception: Table 'sistem_informasi_percetakan.produk' doesn't exist
in SYSTEMPATH\Database\MySQLi\Connection.php on line 327.
 1 SYSTEMPATH\Database\MySQLi\Connection.php(327): mysqli->query('SELECT *
FROM `produk`', 0)
 2 SYSTEMPATH\Database\BaseConnection.php(729): CodeIgniter\Database\MySQLi\Connection->execute('SELECT *
FROM `produk`')
 3 SYSTEMPATH\Database\BaseConnection.php(646): CodeIgniter\Database\BaseConnection->simpleQuery('SELECT *
FROM `produk`')
 4 SYSTEMPATH\Database\BaseBuilder.php(1649): CodeIgniter\Database\BaseConnection->query('SELECT *
FROM `produk`', [], false)
 5 SYSTEMPATH\Model.php(286): CodeIgniter\Database\BaseBuilder->get()
 6 SYSTEMPATH\BaseModel.php(677): CodeIgniter\Model->doFindAll(0, 0)
 7 APPPATH\Controllers\pelanggan\DashboardController.php(15): CodeIgniter\BaseModel->findAll()
 8 SYSTEMPATH\CodeIgniter.php(933): App\Controllers\Pelanggan\DashboardController->index()
 9 SYSTEMPATH\CodeIgniter.php(507): CodeIgniter\CodeIgniter->runController(Object(App\Controllers\Pelanggan\DashboardController))
10 SYSTEMPATH\CodeIgniter.php(354): CodeIgniter\CodeIgniter->handleRequest(null, Object(Config\Cache), false)
11 SYSTEMPATH\Boot.php(363): CodeIgniter\CodeIgniter->run()
12 SYSTEMPATH\Boot.php(68): CodeIgniter\Boot::runCodeIgniter(Object(CodeIgniter\CodeIgniter))
13 FCPATH\index.php(59): CodeIgniter\Boot::bootWeb(Object(Config\Paths))
14 SYSTEMPATH\rewrite.php(44): require_once('C:\\xampp\\htdocs\\sistem_informasi_percetakan\\public\\index.php')
DEBUG - 2025-12-28 12:59:34 --> Session: Class initialized using 'CodeIgniter\Session\Handlers\FileHandler' driver.
DEBUG - 2025-12-28 13:00:00 --> Session: Class initialized using 'CodeIgniter\Session\Handlers\FileHandler' driver.
DEBUG - 2025-12-28 13:01:22 --> Session: Class initialized using 'CodeIgniter\Session\Handlers\FileHandler' driver.
DEBUG - 2025-12-28 13:02:38 --> Session: Class initialized using 'CodeIgniter\Session\Handlers\FileHandler' driver.
DEBUG - 2025-12-28 13:08:10 --> Session: Class initialized using 'CodeIgniter\Session\Handlers\FileHandler' driver.
DEBUG - 2025-12-28 13:08:11 --> Session: Class initialized using 'CodeIgniter\Session\Handlers\FileHandler' driver.
DEBUG - 2025-12-28 13:09:43 --> Session: Class initialized using 'CodeIgniter\Session\Handlers\FileHandler' driver.
DEBUG - 2025-12-28 13:09:45 --> Session: Class initialized using 'CodeIgniter\Session\Handlers\FileHandler' driver.
DEBUG - 2025-12-28 13:09:47 --> Session: Class initialized using 'CodeIgniter\Session\Handlers\FileHandler' driver.
WARNING - 2025-12-28 13:09:52 --> [DEPRECATED] Setting lowercase HTTP method key "post" is deprecated. Use uppercase HTTP method like "POST". in SYSTEMPATH\Filters\Filters.php on line 744.
 1 SYSTEMPATH\Filters\Filters.php(744): trigger_error('Setting lowercase HTTP method key "post" is deprecated. Use uppercase HTTP method like "POST".', 16384)
 2 SYSTEMPATH\Filters\Filters.php(475): CodeIgniter\Filters\Filters->processMethods()
 3 SYSTEMPATH\Filters\Filters.php(218): CodeIgniter\Filters\Filters->initialize('login')
 4 SYSTEMPATH\CodeIgniter.php(479): CodeIgniter\Filters\Filters->run('login', 'before')
 5 SYSTEMPATH\CodeIgniter.php(354): CodeIgniter\CodeIgniter->handleRequest(null, Object(Config\Cache), false)
 6 SYSTEMPATH\Boot.php(363): CodeIgniter\CodeIgniter->run()
 7 SYSTEMPATH\Boot.php(68): CodeIgniter\Boot::runCodeIgniter(Object(CodeIgniter\CodeIgniter))
 8 FCPATH\index.php(59): CodeIgniter\Boot::bootWeb(Object(Config\Paths))
 9 SYSTEMPATH\rewrite.php(44): require_once('C:\\xampp\\htdocs\\sistem_informasi_percetakan\\public\\index.php')
INFO - 2025-12-28 13:09:52 --> CSRF token verified.
DEBUG - 2025-12-28 13:09:52 --> Session: Class initialized using 'CodeIgniter\Session\Handlers\FileHandler' driver.
DEBUG - 2025-12-28 13:09:52 --> Session: Class initialized using 'CodeIgniter\Session\Handlers\FileHandler' driver.
DEBUG - 2025-12-28 13:36:41 --> Session: Class initialized using 'CodeIgniter\Session\Handlers\FileHandler' driver.
CRITICAL - 2025-12-28 13:36:41 --> CodeIgniter\View\Exceptions\ViewException: Invalid file: "layout/pelanggan_sidebar.php"
[Method: GET, Route: pelanggan/dashboard]
in SYSTEMPATH\Exceptions\FrameworkException.php on line 39.
 1 SYSTEMPATH\View\View.php(214): CodeIgniter\Exceptions\FrameworkException::forInvalidFile('layout/pelanggan_sidebar.php')
 2 SYSTEMPATH\View\View.php(242): CodeIgniter\View\View->render('layout/pelanggan_sidebar', [], true)
 3 SYSTEMPATH\Common.php(1199): CodeIgniter\View\View->render('dashboard/pelanggan', [], true)
 4 APPPATH\Controllers\pelanggan\DashboardController.php(23): view('dashboard/pelanggan', [...])
 5 SYSTEMPATH\CodeIgniter.php(933): App\Controllers\Pelanggan\DashboardController->index()
 6 SYSTEMPATH\CodeIgniter.php(507): CodeIgniter\CodeIgniter->runController(Object(App\Controllers\Pelanggan\DashboardController))
 7 SYSTEMPATH\CodeIgniter.php(354): CodeIgniter\CodeIgniter->handleRequest(null, Object(Config\Cache), false)
 8 SYSTEMPATH\Boot.php(363): CodeIgniter\CodeIgniter->run()
 9 SYSTEMPATH\Boot.php(68): CodeIgniter\Boot::runCodeIgniter(Object(CodeIgniter\CodeIgniter))
10 FCPATH\index.php(59): CodeIgniter\Boot::bootWeb(Object(Config\Paths))
11 SYSTEMPATH\rewrite.php(44): require_once('C:\\xampp\\htdocs\\sistem_informasi_percetakan\\public\\index.php')
DEBUG - 2025-12-28 13:37:27 --> Session: Class initialized using 'CodeIgniter\Session\Handlers\FileHandler' driver.
CRITICAL - 2025-12-28 13:37:27 --> CodeIgniter\View\Exceptions\ViewException: Invalid file: "layout/pelanggan_sidebar.php"
[Method: GET, Route: pelanggan/dashboard]
in SYSTEMPATH\Exceptions\FrameworkException.php on line 39.
 1 SYSTEMPATH\View\View.php(214): CodeIgniter\Exceptions\FrameworkException::forInvalidFile('layout/pelanggan_sidebar.php')
 2 SYSTEMPATH\View\View.php(242): CodeIgniter\View\View->render('layout/pelanggan_sidebar', [], true)
 3 SYSTEMPATH\Common.php(1199): CodeIgniter\View\View->render('dashboard/pelanggan', [], true)
 4 APPPATH\Controllers\pelanggan\DashboardController.php(23): view('dashboard/pelanggan', [...])
 5 SYSTEMPATH\CodeIgniter.php(933): App\Controllers\Pelanggan\DashboardController->index()
 6 SYSTEMPATH\CodeIgniter.php(507): CodeIgniter\CodeIgniter->runController(Object(App\Controllers\Pelanggan\DashboardController))
 7 SYSTEMPATH\CodeIgniter.php(354): CodeIgniter\CodeIgniter->handleRequest(null, Object(Config\Cache), false)
 8 SYSTEMPATH\Boot.php(363): CodeIgniter\CodeIgniter->run()
 9 SYSTEMPATH\Boot.php(68): CodeIgniter\Boot::runCodeIgniter(Object(CodeIgniter\CodeIgniter))
10 FCPATH\index.php(59): CodeIgniter\Boot::bootWeb(Object(Config\Paths))
11 SYSTEMPATH\rewrite.php(44): require_once('C:\\xampp\\htdocs\\sistem_informasi_percetakan\\public\\index.php')
DEBUG - 2025-12-28 13:38:38 --> Session: Class initialized using 'CodeIgniter\Session\Handlers\FileHandler' driver.
DEBUG - 2025-12-28 13:38:40 --> Session: Class initialized using 'CodeIgniter\Session\Handlers\FileHandler' driver.
DEBUG - 2025-12-28 13:41:45 --> Session: Class initialized using 'CodeIgniter\Session\Handlers\FileHandler' driver.
CRITICAL - 2025-12-28 13:41:45 --> CodeIgniter\View\Exceptions\ViewException: Invalid file: "pelanggan/pesanan/index.php"
[Method: GET, Route: pelanggan/pesanan]
in SYSTEMPATH\Exceptions\FrameworkException.php on line 39.
 1 SYSTEMPATH\View\View.php(214): CodeIgniter\Exceptions\FrameworkException::forInvalidFile('pelanggan/pesanan/index.php')
 2 SYSTEMPATH\Common.php(1199): CodeIgniter\View\View->render('pelanggan/pesanan/index', [], true)
 3 APPPATH\Controllers\pelanggan\PesananController.php(17): view('pelanggan/pesanan/index', [...])
 4 SYSTEMPATH\CodeIgniter.php(933): App\Controllers\Pelanggan\PesananController->index()
 5 SYSTEMPATH\CodeIgniter.php(507): CodeIgniter\CodeIgniter->runController(Object(App\Controllers\Pelanggan\PesananController))
 6 SYSTEMPATH\CodeIgniter.php(354): CodeIgniter\CodeIgniter->handleRequest(null, Object(Config\Cache), false)
 7 SYSTEMPATH\Boot.php(363): CodeIgniter\CodeIgniter->run()
 8 SYSTEMPATH\Boot.php(68): CodeIgniter\Boot::runCodeIgniter(Object(CodeIgniter\CodeIgniter))
 9 FCPATH\index.php(59): CodeIgniter\Boot::bootWeb(Object(Config\Paths))
10 SYSTEMPATH\rewrite.php(44): require_once('C:\\xampp\\htdocs\\sistem_informasi_percetakan\\public\\index.php')
DEBUG - 2025-12-28 13:42:22 --> Session: Class initialized using 'CodeIgniter\Session\Handlers\FileHandler' driver.
CRITICAL - 2025-12-28 13:42:22 --> CodeIgniter\View\Exceptions\ViewException: Invalid file: "pelanggan/pesanan/index.php"
[Method: GET, Route: pelanggan/pesanan]
in SYSTEMPATH\Exceptions\FrameworkException.php on line 39.
 1 SYSTEMPATH\View\View.php(214): CodeIgniter\Exceptions\FrameworkException::forInvalidFile('pelanggan/pesanan/index.php')
 2 SYSTEMPATH\Common.php(1199): CodeIgniter\View\View->render('pelanggan/pesanan/index', [], true)
 3 APPPATH\Controllers\pelanggan\PesananController.php(17): view('pelanggan/pesanan/index', [...])
 4 SYSTEMPATH\CodeIgniter.php(933): App\Controllers\Pelanggan\PesananController->index()
 5 SYSTEMPATH\CodeIgniter.php(507): CodeIgniter\CodeIgniter->runController(Object(App\Controllers\Pelanggan\PesananController))
 6 SYSTEMPATH\CodeIgniter.php(354): CodeIgniter\CodeIgniter->handleRequest(null, Object(Config\Cache), false)
 7 SYSTEMPATH\Boot.php(363): CodeIgniter\CodeIgniter->run()
 8 SYSTEMPATH\Boot.php(68): CodeIgniter\Boot::runCodeIgniter(Object(CodeIgniter\CodeIgniter))
 9 FCPATH\index.php(59): CodeIgniter\Boot::bootWeb(Object(Config\Paths))
10 SYSTEMPATH\rewrite.php(44): require_once('C:\\xampp\\htdocs\\sistem_informasi_percetakan\\public\\index.php')
DEBUG - 2025-12-28 13:42:23 --> Session: Class initialized using 'CodeIgniter\Session\Handlers\FileHandler' driver.
CRITICAL - 2025-12-28 13:42:23 --> CodeIgniter\View\Exceptions\ViewException: Invalid file: "pelanggan/pesanan/index.php"
[Method: GET, Route: pelanggan/pesanan]
in SYSTEMPATH\Exceptions\FrameworkException.php on line 39.
 1 SYSTEMPATH\View\View.php(214): CodeIgniter\Exceptions\FrameworkException::forInvalidFile('pelanggan/pesanan/index.php')
 2 SYSTEMPATH\Common.php(1199): CodeIgniter\View\View->render('pelanggan/pesanan/index', [], true)
 3 APPPATH\Controllers\pelanggan\PesananController.php(17): view('pelanggan/pesanan/index', [...])
 4 SYSTEMPATH\CodeIgniter.php(933): App\Controllers\Pelanggan\PesananController->index()
 5 SYSTEMPATH\CodeIgniter.php(507): CodeIgniter\CodeIgniter->runController(Object(App\Controllers\Pelanggan\PesananController))
 6 SYSTEMPATH\CodeIgniter.php(354): CodeIgniter\CodeIgniter->handleRequest(null, Object(Config\Cache), false)
 7 SYSTEMPATH\Boot.php(363): CodeIgniter\CodeIgniter->run()
 8 SYSTEMPATH\Boot.php(68): CodeIgniter\Boot::runCodeIgniter(Object(CodeIgniter\CodeIgniter))
 9 FCPATH\index.php(59): CodeIgniter\Boot::bootWeb(Object(Config\Paths))
10 SYSTEMPATH\rewrite.php(44): require_once('C:\\xampp\\htdocs\\sistem_informasi_percetakan\\public\\index.php')
DEBUG - 2025-12-28 13:43:16 --> Session: Class initialized using 'CodeIgniter\Session\Handlers\FileHandler' driver.
DEBUG - 2025-12-28 13:43:18 --> Session: Class initialized using 'CodeIgniter\Session\Handlers\FileHandler' driver.
DEBUG - 2025-12-28 13:43:19 --> Session: Class initialized using 'CodeIgniter\Session\Handlers\FileHandler' driver.
CRITICAL - 2025-12-28 13:43:19 --> CodeIgniter\View\Exceptions\ViewException: Invalid file: "pelanggan/pesanan/index.php"
[Method: GET, Route: pelanggan/pesanan]
in SYSTEMPATH\Exceptions\FrameworkException.php on line 39.
 1 SYSTEMPATH\View\View.php(214): CodeIgniter\Exceptions\FrameworkException::forInvalidFile('pelanggan/pesanan/index.php')
 2 SYSTEMPATH\Common.php(1199): CodeIgniter\View\View->render('pelanggan/pesanan/index', [], true)
 3 APPPATH\Controllers\pelanggan\PesananController.php(17): view('pelanggan/pesanan/index', [...])
 4 SYSTEMPATH\CodeIgniter.php(933): App\Controllers\Pelanggan\PesananController->index()
 5 SYSTEMPATH\CodeIgniter.php(507): CodeIgniter\CodeIgniter->runController(Object(App\Controllers\Pelanggan\PesananController))
 6 SYSTEMPATH\CodeIgniter.php(354): CodeIgniter\CodeIgniter->handleRequest(null, Object(Config\Cache), false)
 7 SYSTEMPATH\Boot.php(363): CodeIgniter\CodeIgniter->run()
 8 SYSTEMPATH\Boot.php(68): CodeIgniter\Boot::runCodeIgniter(Object(CodeIgniter\CodeIgniter))
 9 FCPATH\index.php(59): CodeIgniter\Boot::bootWeb(Object(Config\Paths))
10 SYSTEMPATH\rewrite.php(44): require_once('C:\\xampp\\htdocs\\sistem_informasi_percetakan\\public\\index.php')
DEBUG - 2025-12-28 13:43:22 --> Session: Class initialized using 'CodeIgniter\Session\Handlers\FileHandler' driver.
CRITICAL - 2025-12-28 13:43:22 --> CodeIgniter\View\Exceptions\ViewException: Invalid file: "pelanggan/pesanan/index.php"
[Method: GET, Route: pelanggan/pesanan]
in SYSTEMPATH\Exceptions\FrameworkException.php on line 39.
 1 SYSTEMPATH\View\View.php(214): CodeIgniter\Exceptions\FrameworkException::forInvalidFile('pelanggan/pesanan/index.php')
 2 SYSTEMPATH\Common.php(1199): CodeIgniter\View\View->render('pelanggan/pesanan/index', [], true)
 3 APPPATH\Controllers\pelanggan\PesananController.php(17): view('pelanggan/pesanan/index', [...])
 4 SYSTEMPATH\CodeIgniter.php(933): App\Controllers\Pelanggan\PesananController->index()
 5 SYSTEMPATH\CodeIgniter.php(507): CodeIgniter\CodeIgniter->runController(Object(App\Controllers\Pelanggan\PesananController))
 6 SYSTEMPATH\CodeIgniter.php(354): CodeIgniter\CodeIgniter->handleRequest(null, Object(Config\Cache), false)
 7 SYSTEMPATH\Boot.php(363): CodeIgniter\CodeIgniter->run()
 8 SYSTEMPATH\Boot.php(68): CodeIgniter\Boot::runCodeIgniter(Object(CodeIgniter\CodeIgniter))
 9 FCPATH\index.php(59): CodeIgniter\Boot::bootWeb(Object(Config\Paths))
10 SYSTEMPATH\rewrite.php(44): require_once('C:\\xampp\\htdocs\\sistem_informasi_percetakan\\public\\index.php')
DEBUG - 2025-12-28 13:43:30 --> Session: Class initialized using 'CodeIgniter\Session\Handlers\FileHandler' driver.
DEBUG - 2025-12-28 13:43:33 --> Session: Class initialized using 'CodeIgniter\Session\Handlers\FileHandler' driver.
CRITICAL - 2025-12-28 13:43:33 --> CodeIgniter\View\Exceptions\ViewException: Invalid file: "pelanggan/pesanan/index.php"
[Method: GET, Route: pelanggan/pesanan]
in SYSTEMPATH\Exceptions\FrameworkException.php on line 39.
 1 SYSTEMPATH\View\View.php(214): CodeIgniter\Exceptions\FrameworkException::forInvalidFile('pelanggan/pesanan/index.php')
 2 SYSTEMPATH\Common.php(1199): CodeIgniter\View\View->render('pelanggan/pesanan/index', [], true)
 3 APPPATH\Controllers\pelanggan\PesananController.php(17): view('pelanggan/pesanan/index', [...])
 4 SYSTEMPATH\CodeIgniter.php(933): App\Controllers\Pelanggan\PesananController->index()
 5 SYSTEMPATH\CodeIgniter.php(507): CodeIgniter\CodeIgniter->runController(Object(App\Controllers\Pelanggan\PesananController))
 6 SYSTEMPATH\CodeIgniter.php(354): CodeIgniter\CodeIgniter->handleRequest(null, Object(Config\Cache), false)
 7 SYSTEMPATH\Boot.php(363): CodeIgniter\CodeIgniter->run()
 8 SYSTEMPATH\Boot.php(68): CodeIgniter\Boot::runCodeIgniter(Object(CodeIgniter\CodeIgniter))
 9 FCPATH\index.php(59): CodeIgniter\Boot::bootWeb(Object(Config\Paths))
10 SYSTEMPATH\rewrite.php(44): require_once('C:\\xampp\\htdocs\\sistem_informasi_percetakan\\public\\index.php')
DEBUG - 2025-12-28 13:44:34 --> Session: Class initialized using 'CodeIgniter\Session\Handlers\FileHandler' driver.
CRITICAL - 2025-12-28 13:44:34 --> CodeIgniter\View\Exceptions\ViewException: Invalid file: "pelanggan/pesanan/index.php"
[Method: GET, Route: pelanggan/pesanan]
in SYSTEMPATH\Exceptions\FrameworkException.php on line 39.
 1 SYSTEMPATH\View\View.php(214): CodeIgniter\Exceptions\FrameworkException::forInvalidFile('pelanggan/pesanan/index.php')
 2 SYSTEMPATH\Common.php(1199): CodeIgniter\View\View->render('pelanggan/pesanan/index', [], true)
 3 APPPATH\Controllers\pelanggan\PesananController.php(17): view('pelanggan/pesanan/index', [...])
 4 SYSTEMPATH\CodeIgniter.php(933): App\Controllers\Pelanggan\PesananController->index()
 5 SYSTEMPATH\CodeIgniter.php(507): CodeIgniter\CodeIgniter->runController(Object(App\Controllers\Pelanggan\PesananController))
 6 SYSTEMPATH\CodeIgniter.php(354): CodeIgniter\CodeIgniter->handleRequest(null, Object(Config\Cache), false)
 7 SYSTEMPATH\Boot.php(363): CodeIgniter\CodeIgniter->run()
 8 SYSTEMPATH\Boot.php(68): CodeIgniter\Boot::runCodeIgniter(Object(CodeIgniter\CodeIgniter))
 9 FCPATH\index.php(59): CodeIgniter\Boot::bootWeb(Object(Config\Paths))
10 SYSTEMPATH\rewrite.php(44): require_once('C:\\xampp\\htdocs\\sistem_informasi_percetakan\\public\\index.php')
DEBUG - 2025-12-28 13:44:37 --> Session: Class initialized using 'CodeIgniter\Session\Handlers\FileHandler' driver.
CRITICAL - 2025-12-28 13:44:37 --> CodeIgniter\View\Exceptions\ViewException: Invalid file: "pelanggan/pesanan/index.php"
[Method: GET, Route: pelanggan/pesanan]
in SYSTEMPATH\Exceptions\FrameworkException.php on line 39.
 1 SYSTEMPATH\View\View.php(214): CodeIgniter\Exceptions\FrameworkException::forInvalidFile('pelanggan/pesanan/index.php')
 2 SYSTEMPATH\Common.php(1199): CodeIgniter\View\View->render('pelanggan/pesanan/index', [], true)
 3 APPPATH\Controllers\pelanggan\PesananController.php(17): view('pelanggan/pesanan/index', [...])
 4 SYSTEMPATH\CodeIgniter.php(933): App\Controllers\Pelanggan\PesananController->index()
 5 SYSTEMPATH\CodeIgniter.php(507): CodeIgniter\CodeIgniter->runController(Object(App\Controllers\Pelanggan\PesananController))
 6 SYSTEMPATH\CodeIgniter.php(354): CodeIgniter\CodeIgniter->handleRequest(null, Object(Config\Cache), false)
 7 SYSTEMPATH\Boot.php(363): CodeIgniter\CodeIgniter->run()
 8 SYSTEMPATH\Boot.php(68): CodeIgniter\Boot::runCodeIgniter(Object(CodeIgniter\CodeIgniter))
 9 FCPATH\index.php(59): CodeIgniter\Boot::bootWeb(Object(Config\Paths))
10 SYSTEMPATH\rewrite.php(44): require_once('C:\\xampp\\htdocs\\sistem_informasi_percetakan\\public\\index.php')
DEBUG - 2025-12-28 13:46:55 --> Session: Class initialized using 'CodeIgniter\Session\Handlers\FileHandler' driver.
WARNING - 2025-12-28 13:47:00 --> [DEPRECATED] Setting lowercase HTTP method key "post" is deprecated. Use uppercase HTTP method like "POST". in SYSTEMPATH\Filters\Filters.php on line 744.
 1 SYSTEMPATH\Filters\Filters.php(744): trigger_error('Setting lowercase HTTP method key "post" is deprecated. Use uppercase HTTP method like "POST".', 16384)
 2 SYSTEMPATH\Filters\Filters.php(475): CodeIgniter\Filters\Filters->processMethods()
 3 SYSTEMPATH\Filters\Filters.php(218): CodeIgniter\Filters\Filters->initialize('login')
 4 SYSTEMPATH\CodeIgniter.php(479): CodeIgniter\Filters\Filters->run('login', 'before')
 5 SYSTEMPATH\CodeIgniter.php(354): CodeIgniter\CodeIgniter->handleRequest(null, Object(Config\Cache), false)
 6 SYSTEMPATH\Boot.php(363): CodeIgniter\CodeIgniter->run()
 7 SYSTEMPATH\Boot.php(68): CodeIgniter\Boot::runCodeIgniter(Object(CodeIgniter\CodeIgniter))
 8 FCPATH\index.php(59): CodeIgniter\Boot::bootWeb(Object(Config\Paths))
 9 SYSTEMPATH\rewrite.php(44): require_once('C:\\xampp\\htdocs\\sistem_informasi_percetakan\\public\\index.php')
INFO - 2025-12-28 13:47:00 --> CSRF token verified.
DEBUG - 2025-12-28 13:47:00 --> Session: Class initialized using 'CodeIgniter\Session\Handlers\FileHandler' driver.
DEBUG - 2025-12-28 13:47:00 --> Session: Class initialized using 'CodeIgniter\Session\Handlers\FileHandler' driver.
DEBUG - 2025-12-28 13:47:08 --> Session: Class initialized using 'CodeIgniter\Session\Handlers\FileHandler' driver.
CRITICAL - 2025-12-28 13:47:08 --> CodeIgniter\View\Exceptions\ViewException: Invalid file: "pelanggan/pesanan/index.php"
[Method: GET, Route: pelanggan/pesanan]
in SYSTEMPATH\Exceptions\FrameworkException.php on line 39.
 1 SYSTEMPATH\View\View.php(214): CodeIgniter\Exceptions\FrameworkException::forInvalidFile('pelanggan/pesanan/index.php')
 2 SYSTEMPATH\Common.php(1199): CodeIgniter\View\View->render('pelanggan/pesanan/index', [], true)
 3 APPPATH\Controllers\pelanggan\PesananController.php(17): view('pelanggan/pesanan/index', [...])
 4 SYSTEMPATH\CodeIgniter.php(933): App\Controllers\Pelanggan\PesananController->index()
 5 SYSTEMPATH\CodeIgniter.php(507): CodeIgniter\CodeIgniter->runController(Object(App\Controllers\Pelanggan\PesananController))
 6 SYSTEMPATH\CodeIgniter.php(354): CodeIgniter\CodeIgniter->handleRequest(null, Object(Config\Cache), false)
 7 SYSTEMPATH\Boot.php(363): CodeIgniter\CodeIgniter->run()
 8 SYSTEMPATH\Boot.php(68): CodeIgniter\Boot::runCodeIgniter(Object(CodeIgniter\CodeIgniter))
 9 FCPATH\index.php(59): CodeIgniter\Boot::bootWeb(Object(Config\Paths))
10 SYSTEMPATH\rewrite.php(44): require_once('C:\\xampp\\htdocs\\sistem_informasi_percetakan\\public\\index.php')
DEBUG - 2025-12-28 13:48:58 --> Session: Class initialized using 'CodeIgniter\Session\Handlers\FileHandler' driver.
DEBUG - 2025-12-28 13:50:21 --> Session: Class initialized using 'CodeIgniter\Session\Handlers\FileHandler' driver.
CRITICAL - 2025-12-28 13:50:21 --> CodeIgniter\View\Exceptions\ViewException: Invalid file: "pelanggan/pesanan/index.php"
[Method: GET, Route: pelanggan/pesanan]
in SYSTEMPATH\Exceptions\FrameworkException.php on line 39.
 1 SYSTEMPATH\View\View.php(214): CodeIgniter\Exceptions\FrameworkException::forInvalidFile('pelanggan/pesanan/index.php')
 2 SYSTEMPATH\Common.php(1199): CodeIgniter\View\View->render('pelanggan/pesanan/index', [], true)
 3 APPPATH\Controllers\pelanggan\PesananController.php(14): view('pelanggan/pesanan/index', [...])
 4 SYSTEMPATH\CodeIgniter.php(933): App\Controllers\Pelanggan\PesananController->index()
 5 SYSTEMPATH\CodeIgniter.php(507): CodeIgniter\CodeIgniter->runController(Object(App\Controllers\Pelanggan\PesananController))
 6 SYSTEMPATH\CodeIgniter.php(354): CodeIgniter\CodeIgniter->handleRequest(null, Object(Config\Cache), false)
 7 SYSTEMPATH\Boot.php(363): CodeIgniter\CodeIgniter->run()
 8 SYSTEMPATH\Boot.php(68): CodeIgniter\Boot::runCodeIgniter(Object(CodeIgniter\CodeIgniter))
 9 FCPATH\index.php(59): CodeIgniter\Boot::bootWeb(Object(Config\Paths))
10 SYSTEMPATH\rewrite.php(44): require_once('C:\\xampp\\htdocs\\sistem_informasi_percetakan\\public\\index.php')
DEBUG - 2025-12-28 13:53:53 --> Session: Class initialized using 'CodeIgniter\Session\Handlers\FileHandler' driver.
WARNING - 2025-12-28 13:54:02 --> [DEPRECATED] Setting lowercase HTTP method key "post" is deprecated. Use uppercase HTTP method like "POST". in SYSTEMPATH\Filters\Filters.php on line 744.
 1 SYSTEMPATH\Filters\Filters.php(744): trigger_error('Setting lowercase HTTP method key "post" is deprecated. Use uppercase HTTP method like "POST".', 16384)
 2 SYSTEMPATH\Filters\Filters.php(475): CodeIgniter\Filters\Filters->processMethods()
 3 SYSTEMPATH\Filters\Filters.php(218): CodeIgniter\Filters\Filters->initialize('login')
 4 SYSTEMPATH\CodeIgniter.php(479): CodeIgniter\Filters\Filters->run('login', 'before')
 5 SYSTEMPATH\CodeIgniter.php(354): CodeIgniter\CodeIgniter->handleRequest(null, Object(Config\Cache), false)
 6 SYSTEMPATH\Boot.php(363): CodeIgniter\CodeIgniter->run()
 7 SYSTEMPATH\Boot.php(68): CodeIgniter\Boot::runCodeIgniter(Object(CodeIgniter\CodeIgniter))
 8 FCPATH\index.php(59): CodeIgniter\Boot::bootWeb(Object(Config\Paths))
 9 SYSTEMPATH\rewrite.php(44): require_once('C:\\xampp\\htdocs\\sistem_informasi_percetakan\\public\\index.php')
INFO - 2025-12-28 13:54:02 --> CSRF token verified.
DEBUG - 2025-12-28 13:54:02 --> Session: Class initialized using 'CodeIgniter\Session\Handlers\FileHandler' driver.
DEBUG - 2025-12-28 13:54:02 --> Session: Class initialized using 'CodeIgniter\Session\Handlers\FileHandler' driver.
DEBUG - 2025-12-28 13:54:05 --> Session: Class initialized using 'CodeIgniter\Session\Handlers\FileHandler' driver.
CRITICAL - 2025-12-28 13:54:05 --> CodeIgniter\View\Exceptions\ViewException: Invalid file: "pelanggan/pesanan/index.php"
[Method: GET, Route: pelanggan/pesanan]
in SYSTEMPATH\Exceptions\FrameworkException.php on line 39.
 1 SYSTEMPATH\View\View.php(214): CodeIgniter\Exceptions\FrameworkException::forInvalidFile('pelanggan/pesanan/index.php')
 2 SYSTEMPATH\Common.php(1199): CodeIgniter\View\View->render('pelanggan/pesanan/index', [], true)
 3 APPPATH\Controllers\pelanggan\PesananController.php(14): view('pelanggan/pesanan/index', [...])
 4 SYSTEMPATH\CodeIgniter.php(933): App\Controllers\Pelanggan\PesananController->index()
 5 SYSTEMPATH\CodeIgniter.php(507): CodeIgniter\CodeIgniter->runController(Object(App\Controllers\Pelanggan\PesananController))
 6 SYSTEMPATH\CodeIgniter.php(354): CodeIgniter\CodeIgniter->handleRequest(null, Object(Config\Cache), false)
 7 SYSTEMPATH\Boot.php(363): CodeIgniter\CodeIgniter->run()
 8 SYSTEMPATH\Boot.php(68): CodeIgniter\Boot::runCodeIgniter(Object(CodeIgniter\CodeIgniter))
 9 FCPATH\index.php(59): CodeIgniter\Boot::bootWeb(Object(Config\Paths))
10 SYSTEMPATH\rewrite.php(44): require_once('C:\\xampp\\htdocs\\sistem_informasi_percetakan\\public\\index.php')
DEBUG - 2025-12-28 13:54:13 --> Session: Class initialized using 'CodeIgniter\Session\Handlers\FileHandler' driver.
DEBUG - 2025-12-28 13:54:13 --> Session: Class initialized using 'CodeIgniter\Session\Handlers\FileHandler' driver.
DEBUG - 2025-12-28 15:46:40 --> Session: Class initialized using 'CodeIgniter\Session\Handlers\FileHandler' driver.
WARNING - 2025-12-28 15:48:17 --> [DEPRECATED] Setting lowercase HTTP method key "post" is deprecated. Use uppercase HTTP method like "POST". in SYSTEMPATH\Filters\Filters.php on line 744.
 1 SYSTEMPATH\Filters\Filters.php(744): trigger_error('Setting lowercase HTTP method key "post" is deprecated. Use uppercase HTTP method like "POST".', 16384)
 2 SYSTEMPATH\Filters\Filters.php(475): CodeIgniter\Filters\Filters->processMethods()
 3 SYSTEMPATH\Filters\Filters.php(218): CodeIgniter\Filters\Filters->initialize('login')
 4 SYSTEMPATH\CodeIgniter.php(479): CodeIgniter\Filters\Filters->run('login', 'before')
 5 SYSTEMPATH\CodeIgniter.php(354): CodeIgniter\CodeIgniter->handleRequest(null, Object(Config\Cache), false)
 6 SYSTEMPATH\Boot.php(363): CodeIgniter\CodeIgniter->run()
 7 SYSTEMPATH\Boot.php(68): CodeIgniter\Boot::runCodeIgniter(Object(CodeIgniter\CodeIgniter))
 8 FCPATH\index.php(59): CodeIgniter\Boot::bootWeb(Object(Config\Paths))
 9 SYSTEMPATH\rewrite.php(44): require_once('C:\\xampp\\htdocs\\sistem_informasi_percetakan\\public\\index.php')
INFO - 2025-12-28 15:48:17 --> CSRF token verified.
DEBUG - 2025-12-28 15:48:18 --> Session: Class initialized using 'CodeIgniter\Session\Handlers\FileHandler' driver.
DEBUG - 2025-12-28 15:48:18 --> Session: Class initialized using 'CodeIgniter\Session\Handlers\FileHandler' driver.
DEBUG - 2025-12-28 15:48:22 --> Session: Class initialized using 'CodeIgniter\Session\Handlers\FileHandler' driver.
CRITICAL - 2025-12-28 15:48:23 --> CodeIgniter\View\Exceptions\ViewException: Invalid file: "admin/layanan/index.php"
[Method: GET, Route: admin/layanan]
in SYSTEMPATH\Exceptions\FrameworkException.php on line 39.
 1 SYSTEMPATH\View\View.php(214): CodeIgniter\Exceptions\FrameworkException::forInvalidFile('admin/layanan/index.php')
 2 SYSTEMPATH\Common.php(1199): CodeIgniter\View\View->render('admin/layanan/index', [], true)
 3 APPPATH\Controllers\Admin\LayananController.php(13): view('admin/layanan/index', [...])
 4 SYSTEMPATH\CodeIgniter.php(933): App\Controllers\Admin\LayananController->index()
 5 SYSTEMPATH\CodeIgniter.php(507): CodeIgniter\CodeIgniter->runController(Object(App\Controllers\Admin\LayananController))
 6 SYSTEMPATH\CodeIgniter.php(354): CodeIgniter\CodeIgniter->handleRequest(null, Object(Config\Cache), false)
 7 SYSTEMPATH\Boot.php(363): CodeIgniter\CodeIgniter->run()
 8 SYSTEMPATH\Boot.php(68): CodeIgniter\Boot::runCodeIgniter(Object(CodeIgniter\CodeIgniter))
 9 FCPATH\index.php(59): CodeIgniter\Boot::bootWeb(Object(Config\Paths))
10 SYSTEMPATH\rewrite.php(44): require_once('C:\\xampp\\htdocs\\sistem_informasi_percetakan\\public\\index.php')
DEBUG - 2025-12-28 15:51:03 --> Session: Class initialized using 'CodeIgniter\Session\Handlers\FileHandler' driver.
CRITICAL - 2025-12-28 15:51:03 --> CodeIgniter\View\Exceptions\ViewException: Invalid file: "admin/layanan/index.php"
[Method: GET, Route: admin/layanan]
in SYSTEMPATH\Exceptions\FrameworkException.php on line 39.
 1 SYSTEMPATH\View\View.php(214): CodeIgniter\Exceptions\FrameworkException::forInvalidFile('admin/layanan/index.php')
 2 SYSTEMPATH\Common.php(1199): CodeIgniter\View\View->render('admin/layanan/index', [], true)
 3 APPPATH\Controllers\Admin\LayananController.php(13): view('admin/layanan/index', [...])
 4 SYSTEMPATH\CodeIgniter.php(933): App\Controllers\Admin\LayananController->index()
 5 SYSTEMPATH\CodeIgniter.php(507): CodeIgniter\CodeIgniter->runController(Object(App\Controllers\Admin\LayananController))
 6 SYSTEMPATH\CodeIgniter.php(354): CodeIgniter\CodeIgniter->handleRequest(null, Object(Config\Cache), false)
 7 SYSTEMPATH\Boot.php(363): CodeIgniter\CodeIgniter->run()
 8 SYSTEMPATH\Boot.php(68): CodeIgniter\Boot::runCodeIgniter(Object(CodeIgniter\CodeIgniter))
 9 FCPATH\index.php(59): CodeIgniter\Boot::bootWeb(Object(Config\Paths))
10 SYSTEMPATH\rewrite.php(44): require_once('C:\\xampp\\htdocs\\sistem_informasi_percetakan\\public\\index.php')
DEBUG - 2025-12-28 15:51:05 --> Session: Class initialized using 'CodeIgniter\Session\Handlers\FileHandler' driver.
CRITICAL - 2025-12-28 15:51:05 --> CodeIgniter\View\Exceptions\ViewException: Invalid file: "admin/layanan/index.php"
[Method: GET, Route: admin/layanan]
in SYSTEMPATH\Exceptions\FrameworkException.php on line 39.
 1 SYSTEMPATH\View\View.php(214): CodeIgniter\Exceptions\FrameworkException::forInvalidFile('admin/layanan/index.php')
 2 SYSTEMPATH\Common.php(1199): CodeIgniter\View\View->render('admin/layanan/index', [], true)
 3 APPPATH\Controllers\Admin\LayananController.php(13): view('admin/layanan/index', [...])
 4 SYSTEMPATH\CodeIgniter.php(933): App\Controllers\Admin\LayananController->index()
 5 SYSTEMPATH\CodeIgniter.php(507): CodeIgniter\CodeIgniter->runController(Object(App\Controllers\Admin\LayananController))
 6 SYSTEMPATH\CodeIgniter.php(354): CodeIgniter\CodeIgniter->handleRequest(null, Object(Config\Cache), false)
 7 SYSTEMPATH\Boot.php(363): CodeIgniter\CodeIgniter->run()
 8 SYSTEMPATH\Boot.php(68): CodeIgniter\Boot::runCodeIgniter(Object(CodeIgniter\CodeIgniter))
 9 FCPATH\index.php(59): CodeIgniter\Boot::bootWeb(Object(Config\Paths))
10 SYSTEMPATH\rewrite.php(44): require_once('C:\\xampp\\htdocs\\sistem_informasi_percetakan\\public\\index.php')
DEBUG - 2025-12-28 15:55:55 --> Session: Class initialized using 'CodeIgniter\Session\Handlers\FileHandler' driver.
CRITICAL - 2025-12-28 15:55:55 --> ErrorException: Undefined array key "stok"
[Method: GET, Route: admin/layanan]
in APPPATH\Views\modules\layanan\index.php on line 26.
 1 APPPATH\Views\modules\layanan\index.php(26): CodeIgniter\Debug\Exceptions->errorHandler(2, 'Undefined array key "stok"', 'C:\\xampp\\htdocs\\sistem_informasi_percetakan\\app\\Views\\modules\\layanan\\index.php', 26)
 2 SYSTEMPATH\View\View.php(226): include('C:\\xampp\\htdocs\\sistem_informasi_percetakan\\app\\Views\\modules\\layanan\\index.php')
 3 SYSTEMPATH\View\View.php(229): CodeIgniter\View\View->CodeIgniter\View\{closure}()
 4 SYSTEMPATH\Common.php(1199): CodeIgniter\View\View->render('modules/layanan/index', [], true)
 5 APPPATH\Controllers\Admin\LayananController.php(13): view('modules/layanan/index', [...])
 6 SYSTEMPATH\CodeIgniter.php(933): App\Controllers\Admin\LayananController->index()
 7 SYSTEMPATH\CodeIgniter.php(507): CodeIgniter\CodeIgniter->runController(Object(App\Controllers\Admin\LayananController))
 8 SYSTEMPATH\CodeIgniter.php(354): CodeIgniter\CodeIgniter->handleRequest(null, Object(Config\Cache), false)
 9 SYSTEMPATH\Boot.php(363): CodeIgniter\CodeIgniter->run()
10 SYSTEMPATH\Boot.php(68): CodeIgniter\Boot::runCodeIgniter(Object(CodeIgniter\CodeIgniter))
11 FCPATH\index.php(59): CodeIgniter\Boot::bootWeb(Object(Config\Paths))
12 SYSTEMPATH\rewrite.php(44): require_once('C:\\xampp\\htdocs\\sistem_informasi_percetakan\\public\\index.php')
DEBUG - 2025-12-28 16:01:57 --> Session: Class initialized using 'CodeIgniter\Session\Handlers\FileHandler' driver.
CRITICAL - 2025-12-28 16:01:57 --> CodeIgniter\View\Exceptions\ViewException: Invalid file: "layout/admin_sidebar.php"
[Method: GET, Route: admin/layanan]
in SYSTEMPATH\Exceptions\FrameworkException.php on line 39.
 1 SYSTEMPATH\View\View.php(214): CodeIgniter\Exceptions\FrameworkException::forInvalidFile('layout/admin_sidebar.php')
 2 SYSTEMPATH\View\View.php(242): CodeIgniter\View\View->render('layout/admin_sidebar', [], true)
 3 SYSTEMPATH\Common.php(1199): CodeIgniter\View\View->render('modules/layanan/index', [], true)
 4 APPPATH\Controllers\Admin\LayananController.php(13): view('modules/layanan/index', [...])
 5 SYSTEMPATH\CodeIgniter.php(933): App\Controllers\Admin\LayananController->index()
 6 SYSTEMPATH\CodeIgniter.php(507): CodeIgniter\CodeIgniter->runController(Object(App\Controllers\Admin\LayananController))
 7 SYSTEMPATH\CodeIgniter.php(354): CodeIgniter\CodeIgniter->handleRequest(null, Object(Config\Cache), false)
 8 SYSTEMPATH\Boot.php(363): CodeIgniter\CodeIgniter->run()
 9 SYSTEMPATH\Boot.php(68): CodeIgniter\Boot::runCodeIgniter(Object(CodeIgniter\CodeIgniter))
10 FCPATH\index.php(59): CodeIgniter\Boot::bootWeb(Object(Config\Paths))
11 SYSTEMPATH\rewrite.php(44): require_once('C:\\xampp\\htdocs\\sistem_informasi_percetakan\\public\\index.php')
DEBUG - 2025-12-28 16:03:32 --> Session: Class initialized using 'CodeIgniter\Session\Handlers\FileHandler' driver.
DEBUG - 2025-12-28 16:11:05 --> Session: Class initialized using 'CodeIgniter\Session\Handlers\FileHandler' driver.
DEBUG - 2025-12-28 16:11:08 --> Session: Class initialized using 'CodeIgniter\Session\Handlers\FileHandler' driver.
DEBUG - 2025-12-28 16:11:10 --> Session: Class initialized using 'CodeIgniter\Session\Handlers\FileHandler' driver.
DEBUG - 2025-12-28 16:11:46 --> Session: Class initialized using 'CodeIgniter\Session\Handlers\FileHandler' driver.
DEBUG - 2025-12-28 16:11:51 --> Session: Class initialized using 'CodeIgniter\Session\Handlers\FileHandler' driver.
DEBUG - 2025-12-28 16:11:52 --> Session: Class initialized using 'CodeIgniter\Session\Handlers\FileHandler' driver.
DEBUG - 2025-12-28 16:11:53 --> Session: Class initialized using 'CodeIgniter\Session\Handlers\FileHandler' driver.
DEBUG - 2025-12-28 16:11:55 --> Session: Class initialized using 'CodeIgniter\Session\Handlers\FileHandler' driver.
DEBUG - 2025-12-28 16:11:56 --> Session: Class initialized using 'CodeIgniter\Session\Handlers\FileHandler' driver.
DEBUG - 2025-12-28 16:11:57 --> Session: Class initialized using 'CodeIgniter\Session\Handlers\FileHandler' driver.
DEBUG - 2025-12-28 16:11:58 --> Session: Class initialized using 'CodeIgniter\Session\Handlers\FileHandler' driver.
DEBUG - 2025-12-28 16:11:59 --> Session: Class initialized using 'CodeIgniter\Session\Handlers\FileHandler' driver.
DEBUG - 2025-12-28 16:12:01 --> Session: Class initialized using 'CodeIgniter\Session\Handlers\FileHandler' driver.
DEBUG - 2025-12-28 16:13:55 --> Session: Class initialized using 'CodeIgniter\Session\Handlers\FileHandler' driver.
DEBUG - 2025-12-28 16:16:12 --> Session: Class initialized using 'CodeIgniter\Session\Handlers\FileHandler' driver.
DEBUG - 2025-12-28 16:18:35 --> Session: Class initialized using 'CodeIgniter\Session\Handlers\FileHandler' driver.
CRITICAL - 2025-12-28 16:18:35 --> CodeIgniter\View\Exceptions\ViewException: Invalid file: "layout/partial/sidebar.php"
[Method: GET, Route: admin/layanan]
in SYSTEMPATH\Exceptions\FrameworkException.php on line 39.
 1 SYSTEMPATH\View\View.php(214): CodeIgniter\Exceptions\FrameworkException::forInvalidFile('layout/partial/sidebar.php')
 2 SYSTEMPATH\View\View.php(242): CodeIgniter\View\View->render('layout/partial/sidebar', [], true)
 3 SYSTEMPATH\Common.php(1199): CodeIgniter\View\View->render('modules/layanan/index', [], true)
 4 APPPATH\Controllers\Admin\LayananController.php(13): view('modules/layanan/index', [...])
 5 SYSTEMPATH\CodeIgniter.php(933): App\Controllers\Admin\LayananController->index()
 6 SYSTEMPATH\CodeIgniter.php(507): CodeIgniter\CodeIgniter->runController(Object(App\Controllers\Admin\LayananController))
 7 SYSTEMPATH\CodeIgniter.php(354): CodeIgniter\CodeIgniter->handleRequest(null, Object(Config\Cache), false)
 8 SYSTEMPATH\Boot.php(363): CodeIgniter\CodeIgniter->run()
 9 SYSTEMPATH\Boot.php(68): CodeIgniter\Boot::runCodeIgniter(Object(CodeIgniter\CodeIgniter))
10 FCPATH\index.php(59): CodeIgniter\Boot::bootWeb(Object(Config\Paths))
11 SYSTEMPATH\rewrite.php(44): require_once('C:\\xampp\\htdocs\\sistem_informasi_percetakan\\public\\index.php')
DEBUG - 2025-12-28 16:18:51 --> Session: Class initialized using 'CodeIgniter\Session\Handlers\FileHandler' driver.
DEBUG - 2025-12-28 16:20:40 --> Session: Class initialized using 'CodeIgniter\Session\Handlers\FileHandler' driver.
DEBUG - 2025-12-28 16:20:43 --> Session: Class initialized using 'CodeIgniter\Session\Handlers\FileHandler' driver.
DEBUG - 2025-12-28 16:20:46 --> Session: Class initialized using 'CodeIgniter\Session\Handlers\FileHandler' driver.
DEBUG - 2025-12-28 16:20:47 --> Session: Class initialized using 'CodeIgniter\Session\Handlers\FileHandler' driver.
DEBUG - 2025-12-28 16:20:48 --> Session: Class initialized using 'CodeIgniter\Session\Handlers\FileHandler' driver.
DEBUG - 2025-12-28 16:21:18 --> Session: Class initialized using 'CodeIgniter\Session\Handlers\FileHandler' driver.
DEBUG - 2025-12-28 16:21:28 --> Session: Class initialized using 'CodeIgniter\Session\Handlers\FileHandler' driver.
DEBUG - 2025-12-28 16:21:29 --> Session: Class initialized using 'CodeIgniter\Session\Handlers\FileHandler' driver.
DEBUG - 2025-12-28 16:21:32 --> Session: Class initialized using 'CodeIgniter\Session\Handlers\FileHandler' driver.
DEBUG - 2025-12-28 16:22:32 --> Session: Class initialized using 'CodeIgniter\Session\Handlers\FileHandler' driver.
DEBUG - 2025-12-28 16:22:35 --> Session: Class initialized using 'CodeIgniter\Session\Handlers\FileHandler' driver.
DEBUG - 2025-12-28 16:23:06 --> Session: Class initialized using 'CodeIgniter\Session\Handlers\FileHandler' driver.
DEBUG - 2025-12-28 16:25:26 --> Session: Class initialized using 'CodeIgniter\Session\Handlers\FileHandler' driver.
DEBUG - 2025-12-28 16:27:00 --> Session: Class initialized using 'CodeIgniter\Session\Handlers\FileHandler' driver.
DEBUG - 2025-12-28 16:27:03 --> Session: Class initialized using 'CodeIgniter\Session\Handlers\FileHandler' driver.
DEBUG - 2025-12-28 16:29:07 --> Session: Class initialized using 'CodeIgniter\Session\Handlers\FileHandler' driver.
DEBUG - 2025-12-28 16:35:33 --> Session: Class initialized using 'CodeIgniter\Session\Handlers\FileHandler' driver.
DEBUG - 2025-12-28 16:35:34 --> Session: Class initialized using 'CodeIgniter\Session\Handlers\FileHandler' driver.
DEBUG - 2025-12-28 16:36:44 --> Session: Class initialized using 'CodeIgniter\Session\Handlers\FileHandler' driver.
DEBUG - 2025-12-28 16:36:46 --> Session: Class initialized using 'CodeIgniter\Session\Handlers\FileHandler' driver.
DEBUG - 2025-12-28 16:36:46 --> Session: Class initialized using 'CodeIgniter\Session\Handlers\FileHandler' driver.
DEBUG - 2025-12-28 16:36:46 --> Session: Class initialized using 'CodeIgniter\Session\Handlers\FileHandler' driver.
DEBUG - 2025-12-28 16:36:47 --> Session: Class initialized using 'CodeIgniter\Session\Handlers\FileHandler' driver.
DEBUG - 2025-12-28 16:37:17 --> Session: Class initialized using 'CodeIgniter\Session\Handlers\FileHandler' driver.
DEBUG - 2025-12-28 16:50:29 --> Session: Class initialized using 'CodeIgniter\Session\Handlers\FileHandler' driver.
DEBUG - 2025-12-28 16:50:30 --> Session: Class initialized using 'CodeIgniter\Session\Handlers\FileHandler' driver.
ERROR - 2025-12-28 16:50:34 --> Error connecting to the database: mysqli_sql_exception: No connection could be made because the target machine actively refused it in C:\xampp\htdocs\sistem_informasi_percetakan\system\Database\MySQLi\Connection.php:201
Stack trace:
#0 C:\xampp\htdocs\sistem_informasi_percetakan\system\Database\MySQLi\Connection.php(201): mysqli->real_connect('localhost', 'root', Object(SensitiveParameterValue), 'sistem_informas...', 3306, '', 0)
#1 C:\xampp\htdocs\sistem_informasi_percetakan\system\Database\BaseConnection.php(419): CodeIgniter\Database\MySQLi\Connection->connect(false)
#2 C:\xampp\htdocs\sistem_informasi_percetakan\system\Database\BaseConnection.php(614): CodeIgniter\Database\BaseConnection->initialize()
#3 C:\xampp\htdocs\sistem_informasi_percetakan\system\Database\BaseBuilder.php(1649): CodeIgniter\Database\BaseConnection->query('SELECT *\nFROM `...', Array, false)
#4 C:\xampp\htdocs\sistem_informasi_percetakan\system\Model.php(286): CodeIgniter\Database\BaseBuilder->get()
#5 C:\xampp\htdocs\sistem_informasi_percetakan\system\BaseModel.php(677): CodeIgniter\Model->doFindAll(0, 0)
#6 C:\xampp\htdocs\sistem_informasi_percetakan\app\Controllers\Admin\LayananController.php(11): CodeIgniter\BaseModel->findAll()
#7 C:\xampp\htdocs\sistem_informasi_percetakan\system\CodeIgniter.php(933): App\Controllers\Admin\LayananController->index()
#8 C:\xampp\htdocs\sistem_informasi_percetakan\system\CodeIgniter.php(507): CodeIgniter\CodeIgniter->runController(Object(App\Controllers\Admin\LayananController))
#9 C:\xampp\htdocs\sistem_informasi_percetakan\system\CodeIgniter.php(354): CodeIgniter\CodeIgniter->handleRequest(NULL, Object(Config\Cache), false)
#10 C:\xampp\htdocs\sistem_informasi_percetakan\system\Boot.php(363): CodeIgniter\CodeIgniter->run()
#11 C:\xampp\htdocs\sistem_informasi_percetakan\system\Boot.php(68): CodeIgniter\Boot::runCodeIgniter(Object(CodeIgniter\CodeIgniter))
#12 C:\xampp\htdocs\sistem_informasi_percetakan\public\index.php(59): CodeIgniter\Boot::bootWeb(Object(Config\Paths))
#13 C:\xampp\htdocs\sistem_informasi_percetakan\system\rewrite.php(44): require_once('C:\\xampp\\htdocs...')
#14 {main}

Next CodeIgniter\Database\Exceptions\DatabaseException: No connection could be made because the target machine actively refused it in C:\xampp\htdocs\sistem_informasi_percetakan\system\Database\MySQLi\Connection.php:246
Stack trace:
#0 C:\xampp\htdocs\sistem_informasi_percetakan\system\Database\BaseConnection.php(419): CodeIgniter\Database\MySQLi\Connection->connect(false)
#1 C:\xampp\htdocs\sistem_informasi_percetakan\system\Database\BaseConnection.php(614): CodeIgniter\Database\BaseConnection->initialize()
#2 C:\xampp\htdocs\sistem_informasi_percetakan\system\Database\BaseBuilder.php(1649): CodeIgniter\Database\BaseConnection->query('SELECT *\nFROM `...', Array, false)
#3 C:\xampp\htdocs\sistem_informasi_percetakan\system\Model.php(286): CodeIgniter\Database\BaseBuilder->get()
#4 C:\xampp\htdocs\sistem_informasi_percetakan\system\BaseModel.php(677): CodeIgniter\Model->doFindAll(0, 0)
#5 C:\xampp\htdocs\sistem_informasi_percetakan\app\Controllers\Admin\LayananController.php(11): CodeIgniter\BaseModel->findAll()
#6 C:\xampp\htdocs\sistem_informasi_percetakan\system\CodeIgniter.php(933): App\Controllers\Admin\LayananController->index()
#7 C:\xampp\htdocs\sistem_informasi_percetakan\system\CodeIgniter.php(507): CodeIgniter\CodeIgniter->runController(Object(App\Controllers\Admin\LayananController))
#8 C:\xampp\htdocs\sistem_informasi_percetakan\system\CodeIgniter.php(354): CodeIgniter\CodeIgniter->handleRequest(NULL, Object(Config\Cache), false)
#9 C:\xampp\htdocs\sistem_informasi_percetakan\system\Boot.php(363): CodeIgniter\CodeIgniter->run()
#10 C:\xampp\htdocs\sistem_informasi_percetakan\system\Boot.php(68): CodeIgniter\Boot::runCodeIgniter(Object(CodeIgniter\CodeIgniter))
#11 C:\xampp\htdocs\sistem_informasi_percetakan\public\index.php(59): CodeIgniter\Boot::bootWeb(Object(Config\Paths))
#12 C:\xampp\htdocs\sistem_informasi_percetakan\system\rewrite.php(44): require_once('C:\\xampp\\htdocs...')
#13 {main}
CRITICAL - 2025-12-28 16:50:34 --> CodeIgniter\Database\Exceptions\DatabaseException: Unable to connect to the database.
Main connection [MySQLi]: No connection could be made because the target machine actively refused it
[Method: GET, Route: admin/layanan]
in SYSTEMPATH\Database\BaseConnection.php on line 465.
 1 SYSTEMPATH\Database\BaseConnection.php(614): CodeIgniter\Database\BaseConnection->initialize()
 2 SYSTEMPATH\Database\BaseBuilder.php(1649): CodeIgniter\Database\BaseConnection->query('SELECT *
FROM `layanan`', [], false)
 3 SYSTEMPATH\Model.php(286): CodeIgniter\Database\BaseBuilder->get()
 4 SYSTEMPATH\BaseModel.php(677): CodeIgniter\Model->doFindAll(0, 0)
 5 APPPATH\Controllers\Admin\LayananController.php(11): CodeIgniter\BaseModel->findAll()
 6 SYSTEMPATH\CodeIgniter.php(933): App\Controllers\Admin\LayananController->index()
 7 SYSTEMPATH\CodeIgniter.php(507): CodeIgniter\CodeIgniter->runController(Object(App\Controllers\Admin\LayananController))
 8 SYSTEMPATH\CodeIgniter.php(354): CodeIgniter\CodeIgniter->handleRequest(null, Object(Config\Cache), false)
 9 SYSTEMPATH\Boot.php(363): CodeIgniter\CodeIgniter->run()
10 SYSTEMPATH\Boot.php(68): CodeIgniter\Boot::runCodeIgniter(Object(CodeIgniter\CodeIgniter))
11 FCPATH\index.php(59): CodeIgniter\Boot::bootWeb(Object(Config\Paths))
12 SYSTEMPATH\rewrite.php(44): require_once('C:\\xampp\\htdocs\\sistem_informasi_percetakan\\public\\index.php')
DEBUG - 2025-12-28 16:50:53 --> Session: Class initialized using 'CodeIgniter\Session\Handlers\FileHandler' driver.
ERROR - 2025-12-28 16:50:57 --> Error connecting to the database: mysqli_sql_exception: No connection could be made because the target machine actively refused it in C:\xampp\htdocs\sistem_informasi_percetakan\system\Database\MySQLi\Connection.php:201
Stack trace:
#0 C:\xampp\htdocs\sistem_informasi_percetakan\system\Database\MySQLi\Connection.php(201): mysqli->real_connect('localhost', 'root', Object(SensitiveParameterValue), 'sistem_informas...', 3306, '', 0)
#1 C:\xampp\htdocs\sistem_informasi_percetakan\system\Database\BaseConnection.php(419): CodeIgniter\Database\MySQLi\Connection->connect(false)
#2 C:\xampp\htdocs\sistem_informasi_percetakan\system\Database\BaseConnection.php(614): CodeIgniter\Database\BaseConnection->initialize()
#3 C:\xampp\htdocs\sistem_informasi_percetakan\system\Database\BaseBuilder.php(1649): CodeIgniter\Database\BaseConnection->query('SELECT *\nFROM `...', Array, false)
#4 C:\xampp\htdocs\sistem_informasi_percetakan\system\Model.php(286): CodeIgniter\Database\BaseBuilder->get()
#5 C:\xampp\htdocs\sistem_informasi_percetakan\system\BaseModel.php(677): CodeIgniter\Model->doFindAll(0, 0)
#6 C:\xampp\htdocs\sistem_informasi_percetakan\app\Controllers\Admin\LayananController.php(11): CodeIgniter\BaseModel->findAll()
#7 C:\xampp\htdocs\sistem_informasi_percetakan\system\CodeIgniter.php(933): App\Controllers\Admin\LayananController->index()
#8 C:\xampp\htdocs\sistem_informasi_percetakan\system\CodeIgniter.php(507): CodeIgniter\CodeIgniter->runController(Object(App\Controllers\Admin\LayananController))
#9 C:\xampp\htdocs\sistem_informasi_percetakan\system\CodeIgniter.php(354): CodeIgniter\CodeIgniter->handleRequest(NULL, Object(Config\Cache), false)
#10 C:\xampp\htdocs\sistem_informasi_percetakan\system\Boot.php(363): CodeIgniter\CodeIgniter->run()
#11 C:\xampp\htdocs\sistem_informasi_percetakan\system\Boot.php(68): CodeIgniter\Boot::runCodeIgniter(Object(CodeIgniter\CodeIgniter))
#12 C:\xampp\htdocs\sistem_informasi_percetakan\public\index.php(59): CodeIgniter\Boot::bootWeb(Object(Config\Paths))
#13 C:\xampp\htdocs\sistem_informasi_percetakan\system\rewrite.php(44): require_once('C:\\xampp\\htdocs...')
#14 {main}

Next CodeIgniter\Database\Exceptions\DatabaseException: No connection could be made because the target machine actively refused it in C:\xampp\htdocs\sistem_informasi_percetakan\system\Database\MySQLi\Connection.php:246
Stack trace:
#0 C:\xampp\htdocs\sistem_informasi_percetakan\system\Database\BaseConnection.php(419): CodeIgniter\Database\MySQLi\Connection->connect(false)
#1 C:\xampp\htdocs\sistem_informasi_percetakan\system\Database\BaseConnection.php(614): CodeIgniter\Database\BaseConnection->initialize()
#2 C:\xampp\htdocs\sistem_informasi_percetakan\system\Database\BaseBuilder.php(1649): CodeIgniter\Database\BaseConnection->query('SELECT *\nFROM `...', Array, false)
#3 C:\xampp\htdocs\sistem_informasi_percetakan\system\Model.php(286): CodeIgniter\Database\BaseBuilder->get()
#4 C:\xampp\htdocs\sistem_informasi_percetakan\system\BaseModel.php(677): CodeIgniter\Model->doFindAll(0, 0)
#5 C:\xampp\htdocs\sistem_informasi_percetakan\app\Controllers\Admin\LayananController.php(11): CodeIgniter\BaseModel->findAll()
#6 C:\xampp\htdocs\sistem_informasi_percetakan\system\CodeIgniter.php(933): App\Controllers\Admin\LayananController->index()
#7 C:\xampp\htdocs\sistem_informasi_percetakan\system\CodeIgniter.php(507): CodeIgniter\CodeIgniter->runController(Object(App\Controllers\Admin\LayananController))
#8 C:\xampp\htdocs\sistem_informasi_percetakan\system\CodeIgniter.php(354): CodeIgniter\CodeIgniter->handleRequest(NULL, Object(Config\Cache), false)
#9 C:\xampp\htdocs\sistem_informasi_percetakan\system\Boot.php(363): CodeIgniter\CodeIgniter->run()
#10 C:\xampp\htdocs\sistem_informasi_percetakan\system\Boot.php(68): CodeIgniter\Boot::runCodeIgniter(Object(CodeIgniter\CodeIgniter))
#11 C:\xampp\htdocs\sistem_informasi_percetakan\public\index.php(59): CodeIgniter\Boot::bootWeb(Object(Config\Paths))
#12 C:\xampp\htdocs\sistem_informasi_percetakan\system\rewrite.php(44): require_once('C:\\xampp\\htdocs...')
#13 {main}
CRITICAL - 2025-12-28 16:50:57 --> CodeIgniter\Database\Exceptions\DatabaseException: Unable to connect to the database.
Main connection [MySQLi]: No connection could be made because the target machine actively refused it
[Method: GET, Route: admin/layanan]
in SYSTEMPATH\Database\BaseConnection.php on line 465.
 1 SYSTEMPATH\Database\BaseConnection.php(614): CodeIgniter\Database\BaseConnection->initialize()
 2 SYSTEMPATH\Database\BaseBuilder.php(1649): CodeIgniter\Database\BaseConnection->query('SELECT *
FROM `layanan`', [], false)
 3 SYSTEMPATH\Model.php(286): CodeIgniter\Database\BaseBuilder->get()
 4 SYSTEMPATH\BaseModel.php(677): CodeIgniter\Model->doFindAll(0, 0)
 5 APPPATH\Controllers\Admin\LayananController.php(11): CodeIgniter\BaseModel->findAll()
 6 SYSTEMPATH\CodeIgniter.php(933): App\Controllers\Admin\LayananController->index()
 7 SYSTEMPATH\CodeIgniter.php(507): CodeIgniter\CodeIgniter->runController(Object(App\Controllers\Admin\LayananController))
 8 SYSTEMPATH\CodeIgniter.php(354): CodeIgniter\CodeIgniter->handleRequest(null, Object(Config\Cache), false)
 9 SYSTEMPATH\Boot.php(363): CodeIgniter\CodeIgniter->run()
10 SYSTEMPATH\Boot.php(68): CodeIgniter\Boot::runCodeIgniter(Object(CodeIgniter\CodeIgniter))
11 FCPATH\index.php(59): CodeIgniter\Boot::bootWeb(Object(Config\Paths))
12 SYSTEMPATH\rewrite.php(44): require_once('C:\\xampp\\htdocs\\sistem_informasi_percetakan\\public\\index.php')
