ERROR - 2025-12-25 05:38:08 --> Error connecting to the database: mysqli_sql_exception: Access denied for user ''@'localhost' (using password: NO) in C:\xampp\htdocs\sistem_informasi_percetakan\system\Database\MySQLi\Connection.php:201
Stack trace:
#0 C:\xampp\htdocs\sistem_informasi_percetakan\system\Database\MySQLi\Connection.php(201): mysqli->real_connect('localhost', '', Object(SensitiveParameterValue), 'sistem_informas...', 3306, '', 0)
#1 C:\xampp\htdocs\sistem_informasi_percetakan\system\Database\BaseConnection.php(419): CodeIgniter\Database\MySQLi\Connection->connect(false)
#2 C:\xampp\htdocs\sistem_informasi_percetakan\system\Database\BaseConnection.php(614): CodeIgniter\Database\BaseConnection->initialize()
#3 C:\xampp\htdocs\sistem_informasi_percetakan\system\Database\BaseBuilder.php(1649): CodeIgniter\Database\BaseConnection->query('SELECT *\nFROM `...', Array, false)
#4 C:\xampp\htdocs\sistem_informasi_percetakan\system\Model.php(330): CodeIgniter\Database\BaseBuilder->get()
#5 C:\xampp\htdocs\sistem_informasi_percetakan\system\BaseModel.php(715): CodeIgniter\Model->doFirst()
#6 C:\xampp\htdocs\sistem_informasi_percetakan\app\Controllers\AuthController.php(16): CodeIgniter\BaseModel->first()
#7 C:\xampp\htdocs\sistem_informasi_percetakan\system\CodeIgniter.php(933): App\Controllers\AuthController->attempt()
#8 C:\xampp\htdocs\sistem_informasi_percetakan\system\CodeIgniter.php(507): CodeIgniter\CodeIgniter->runController(Object(App\Controllers\AuthController))
#9 C:\xampp\htdocs\sistem_informasi_percetakan\system\CodeIgniter.php(354): CodeIgniter\CodeIgniter->handleRequest(NULL, Object(Config\Cache), false)
#10 C:\xampp\htdocs\sistem_informasi_percetakan\system\Boot.php(363): CodeIgniter\CodeIgniter->run()
#11 C:\xampp\htdocs\sistem_informasi_percetakan\system\Boot.php(68): CodeIgniter\Boot::runCodeIgniter(Object(CodeIgniter\CodeIgniter))
#12 C:\xampp\htdocs\sistem_informasi_percetakan\public\index.php(59): CodeIgniter\Boot::bootWeb(Object(Config\Paths))
#13 C:\xampp\htdocs\sistem_informasi_percetakan\system\rewrite.php(44): require_once('C:\\xampp\\htdocs...')
#14 {main}

Next CodeIgniter\Database\Exceptions\DatabaseException: Access denied for user ''@'localhost' (using password: NO) in C:\xampp\htdocs\sistem_informasi_percetakan\system\Database\MySQLi\Connection.php:246
Stack trace:
#0 C:\xampp\htdocs\sistem_informasi_percetakan\system\Database\BaseConnection.php(419): CodeIgniter\Database\MySQLi\Connection->connect(false)
#1 C:\xampp\htdocs\sistem_informasi_percetakan\system\Database\BaseConnection.php(614): CodeIgniter\Database\BaseConnection->initialize()
#2 C:\xampp\htdocs\sistem_informasi_percetakan\system\Database\BaseBuilder.php(1649): CodeIgniter\Database\BaseConnection->query('SELECT *\nFROM `...', Array, false)
#3 C:\xampp\htdocs\sistem_informasi_percetakan\system\Model.php(330): CodeIgniter\Database\BaseBuilder->get()
#4 C:\xampp\htdocs\sistem_informasi_percetakan\system\BaseModel.php(715): CodeIgniter\Model->doFirst()
#5 C:\xampp\htdocs\sistem_informasi_percetakan\app\Controllers\AuthController.php(16): CodeIgniter\BaseModel->first()
#6 C:\xampp\htdocs\sistem_informasi_percetakan\system\CodeIgniter.php(933): App\Controllers\AuthController->attempt()
#7 C:\xampp\htdocs\sistem_informasi_percetakan\system\CodeIgniter.php(507): CodeIgniter\CodeIgniter->runController(Object(App\Controllers\AuthController))
#8 C:\xampp\htdocs\sistem_informasi_percetakan\system\CodeIgniter.php(354): CodeIgniter\CodeIgniter->handleRequest(NULL, Object(Config\Cache), false)
#9 C:\xampp\htdocs\sistem_informasi_percetakan\system\Boot.php(363): CodeIgniter\CodeIgniter->run()
#10 C:\xampp\htdocs\sistem_informasi_percetakan\system\Boot.php(68): CodeIgniter\Boot::runCodeIgniter(Object(CodeIgniter\CodeIgniter))
#11 C:\xampp\htdocs\sistem_informasi_percetakan\public\index.php(59): CodeIgniter\Boot::bootWeb(Object(Config\Paths))
#12 C:\xampp\htdocs\sistem_informasi_percetakan\system\rewrite.php(44): require_once('C:\\xampp\\htdocs...')
#13 {main}
CRITICAL - 2025-12-25 05:38:08 --> CodeIgniter\Database\Exceptions\DatabaseException: Unable to connect to the database.
Main connection [MySQLi]: Access denied for user ''@'localhost' (using password: NO)
[Method: POST, Route: login]
in SYSTEMPATH\Database\BaseConnection.php on line 465.
 1 SYSTEMPATH\Database\BaseConnection.php(614): CodeIgniter\Database\BaseConnection->initialize()
 2 SYSTEMPATH\Database\BaseBuilder.php(1649): CodeIgniter\Database\BaseConnection->query('SELECT *
FROM `user_app`
WHERE `username` = :username:
 LIMIT 1', [...], false)
 3 SYSTEMPATH\Model.php(330): CodeIgniter\Database\BaseBuilder->get()
 4 SYSTEMPATH\BaseModel.php(715): CodeIgniter\Model->doFirst()
 5 APPPATH\Controllers\AuthController.php(16): CodeIgniter\BaseModel->first()
 6 SYSTEMPATH\CodeIgniter.php(933): App\Controllers\AuthController->attempt()
 7 SYSTEMPATH\CodeIgniter.php(507): CodeIgniter\CodeIgniter->runController(Object(App\Controllers\AuthController))
 8 SYSTEMPATH\CodeIgniter.php(354): CodeIgniter\CodeIgniter->handleRequest(null, Object(Config\Cache), false)
 9 SYSTEMPATH\Boot.php(363): CodeIgniter\CodeIgniter->run()
10 SYSTEMPATH\Boot.php(68): CodeIgniter\Boot::runCodeIgniter(Object(CodeIgniter\CodeIgniter))
11 FCPATH\index.php(59): CodeIgniter\Boot::bootWeb(Object(Config\Paths))
12 SYSTEMPATH\rewrite.php(44): require_once('C:\\xampp\\htdocs\\sistem_informasi_percetakan\\public\\index.php')
ERROR - 2025-12-25 05:38:34 --> Error connecting to the database: mysqli_sql_exception: Access denied for user ''@'localhost' (using password: NO) in C:\xampp\htdocs\sistem_informasi_percetakan\system\Database\MySQLi\Connection.php:201
Stack trace:
#0 C:\xampp\htdocs\sistem_informasi_percetakan\system\Database\MySQLi\Connection.php(201): mysqli->real_connect('localhost', '', Object(SensitiveParameterValue), 'sistem_informas...', 3306, '', 0)
#1 C:\xampp\htdocs\sistem_informasi_percetakan\system\Database\BaseConnection.php(419): CodeIgniter\Database\MySQLi\Connection->connect(false)
#2 C:\xampp\htdocs\sistem_informasi_percetakan\system\Database\BaseConnection.php(614): CodeIgniter\Database\BaseConnection->initialize()
#3 C:\xampp\htdocs\sistem_informasi_percetakan\system\Database\BaseBuilder.php(1649): CodeIgniter\Database\BaseConnection->query('SELECT *\nFROM `...', Array, false)
#4 C:\xampp\htdocs\sistem_informasi_percetakan\system\Model.php(330): CodeIgniter\Database\BaseBuilder->get()
#5 C:\xampp\htdocs\sistem_informasi_percetakan\system\BaseModel.php(715): CodeIgniter\Model->doFirst()
#6 C:\xampp\htdocs\sistem_informasi_percetakan\app\Controllers\AuthController.php(16): CodeIgniter\BaseModel->first()
#7 C:\xampp\htdocs\sistem_informasi_percetakan\system\CodeIgniter.php(933): App\Controllers\AuthController->attempt()
#8 C:\xampp\htdocs\sistem_informasi_percetakan\system\CodeIgniter.php(507): CodeIgniter\CodeIgniter->runController(Object(App\Controllers\AuthController))
#9 C:\xampp\htdocs\sistem_informasi_percetakan\system\CodeIgniter.php(354): CodeIgniter\CodeIgniter->handleRequest(NULL, Object(Config\Cache), false)
#10 C:\xampp\htdocs\sistem_informasi_percetakan\system\Boot.php(363): CodeIgniter\CodeIgniter->run()
#11 C:\xampp\htdocs\sistem_informasi_percetakan\system\Boot.php(68): CodeIgniter\Boot::runCodeIgniter(Object(CodeIgniter\CodeIgniter))
#12 C:\xampp\htdocs\sistem_informasi_percetakan\public\index.php(59): CodeIgniter\Boot::bootWeb(Object(Config\Paths))
#13 C:\xampp\htdocs\sistem_informasi_percetakan\system\rewrite.php(44): require_once('C:\\xampp\\htdocs...')
#14 {main}

Next CodeIgniter\Database\Exceptions\DatabaseException: Access denied for user ''@'localhost' (using password: NO) in C:\xampp\htdocs\sistem_informasi_percetakan\system\Database\MySQLi\Connection.php:246
Stack trace:
#0 C:\xampp\htdocs\sistem_informasi_percetakan\system\Database\BaseConnection.php(419): CodeIgniter\Database\MySQLi\Connection->connect(false)
#1 C:\xampp\htdocs\sistem_informasi_percetakan\system\Database\BaseConnection.php(614): CodeIgniter\Database\BaseConnection->initialize()
#2 C:\xampp\htdocs\sistem_informasi_percetakan\system\Database\BaseBuilder.php(1649): CodeIgniter\Database\BaseConnection->query('SELECT *\nFROM `...', Array, false)
#3 C:\xampp\htdocs\sistem_informasi_percetakan\system\Model.php(330): CodeIgniter\Database\BaseBuilder->get()
#4 C:\xampp\htdocs\sistem_informasi_percetakan\system\BaseModel.php(715): CodeIgniter\Model->doFirst()
#5 C:\xampp\htdocs\sistem_informasi_percetakan\app\Controllers\AuthController.php(16): CodeIgniter\BaseModel->first()
#6 C:\xampp\htdocs\sistem_informasi_percetakan\system\CodeIgniter.php(933): App\Controllers\AuthController->attempt()
#7 C:\xampp\htdocs\sistem_informasi_percetakan\system\CodeIgniter.php(507): CodeIgniter\CodeIgniter->runController(Object(App\Controllers\AuthController))
#8 C:\xampp\htdocs\sistem_informasi_percetakan\system\CodeIgniter.php(354): CodeIgniter\CodeIgniter->handleRequest(NULL, Object(Config\Cache), false)
#9 C:\xampp\htdocs\sistem_informasi_percetakan\system\Boot.php(363): CodeIgniter\CodeIgniter->run()
#10 C:\xampp\htdocs\sistem_informasi_percetakan\system\Boot.php(68): CodeIgniter\Boot::runCodeIgniter(Object(CodeIgniter\CodeIgniter))
#11 C:\xampp\htdocs\sistem_informasi_percetakan\public\index.php(59): CodeIgniter\Boot::bootWeb(Object(Config\Paths))
#12 C:\xampp\htdocs\sistem_informasi_percetakan\system\rewrite.php(44): require_once('C:\\xampp\\htdocs...')
#13 {main}
CRITICAL - 2025-12-25 05:38:34 --> CodeIgniter\Database\Exceptions\DatabaseException: Unable to connect to the database.
Main connection [MySQLi]: Access denied for user ''@'localhost' (using password: NO)
[Method: POST, Route: login]
in SYSTEMPATH\Database\BaseConnection.php on line 465.
 1 SYSTEMPATH\Database\BaseConnection.php(614): CodeIgniter\Database\BaseConnection->initialize()
 2 SYSTEMPATH\Database\BaseBuilder.php(1649): CodeIgniter\Database\BaseConnection->query('SELECT *
FROM `user_app`
WHERE `username` = :username:
 LIMIT 1', [...], false)
 3 SYSTEMPATH\Model.php(330): CodeIgniter\Database\BaseBuilder->get()
 4 SYSTEMPATH\BaseModel.php(715): CodeIgniter\Model->doFirst()
 5 APPPATH\Controllers\AuthController.php(16): CodeIgniter\BaseModel->first()
 6 SYSTEMPATH\CodeIgniter.php(933): App\Controllers\AuthController->attempt()
 7 SYSTEMPATH\CodeIgniter.php(507): CodeIgniter\CodeIgniter->runController(Object(App\Controllers\AuthController))
 8 SYSTEMPATH\CodeIgniter.php(354): CodeIgniter\CodeIgniter->handleRequest(null, Object(Config\Cache), false)
 9 SYSTEMPATH\Boot.php(363): CodeIgniter\CodeIgniter->run()
10 SYSTEMPATH\Boot.php(68): CodeIgniter\Boot::runCodeIgniter(Object(CodeIgniter\CodeIgniter))
11 FCPATH\index.php(59): CodeIgniter\Boot::bootWeb(Object(Config\Paths))
12 SYSTEMPATH\rewrite.php(44): require_once('C:\\xampp\\htdocs\\sistem_informasi_percetakan\\public\\index.php')
ERROR - 2025-12-25 05:38:46 --> Error connecting to the database: mysqli_sql_exception: Access denied for user ''@'localhost' (using password: NO) in C:\xampp\htdocs\sistem_informasi_percetakan\system\Database\MySQLi\Connection.php:201
Stack trace:
#0 C:\xampp\htdocs\sistem_informasi_percetakan\system\Database\MySQLi\Connection.php(201): mysqli->real_connect('localhost', '', Object(SensitiveParameterValue), 'sistem_informas...', 3306, '', 0)
#1 C:\xampp\htdocs\sistem_informasi_percetakan\system\Database\BaseConnection.php(419): CodeIgniter\Database\MySQLi\Connection->connect(false)
#2 C:\xampp\htdocs\sistem_informasi_percetakan\system\Database\BaseConnection.php(614): CodeIgniter\Database\BaseConnection->initialize()
#3 C:\xampp\htdocs\sistem_informasi_percetakan\system\Database\BaseBuilder.php(1649): CodeIgniter\Database\BaseConnection->query('SELECT *\nFROM `...', Array, false)
#4 C:\xampp\htdocs\sistem_informasi_percetakan\system\Model.php(330): CodeIgniter\Database\BaseBuilder->get()
#5 C:\xampp\htdocs\sistem_informasi_percetakan\system\BaseModel.php(715): CodeIgniter\Model->doFirst()
#6 C:\xampp\htdocs\sistem_informasi_percetakan\app\Controllers\AuthController.php(16): CodeIgniter\BaseModel->first()
#7 C:\xampp\htdocs\sistem_informasi_percetakan\system\CodeIgniter.php(933): App\Controllers\AuthController->attempt()
#8 C:\xampp\htdocs\sistem_informasi_percetakan\system\CodeIgniter.php(507): CodeIgniter\CodeIgniter->runController(Object(App\Controllers\AuthController))
#9 C:\xampp\htdocs\sistem_informasi_percetakan\system\CodeIgniter.php(354): CodeIgniter\CodeIgniter->handleRequest(NULL, Object(Config\Cache), false)
#10 C:\xampp\htdocs\sistem_informasi_percetakan\system\Boot.php(363): CodeIgniter\CodeIgniter->run()
#11 C:\xampp\htdocs\sistem_informasi_percetakan\system\Boot.php(68): CodeIgniter\Boot::runCodeIgniter(Object(CodeIgniter\CodeIgniter))
#12 C:\xampp\htdocs\sistem_informasi_percetakan\public\index.php(59): CodeIgniter\Boot::bootWeb(Object(Config\Paths))
#13 C:\xampp\htdocs\sistem_informasi_percetakan\system\rewrite.php(44): require_once('C:\\xampp\\htdocs...')
#14 {main}

Next CodeIgniter\Database\Exceptions\DatabaseException: Access denied for user ''@'localhost' (using password: NO) in C:\xampp\htdocs\sistem_informasi_percetakan\system\Database\MySQLi\Connection.php:246
Stack trace:
#0 C:\xampp\htdocs\sistem_informasi_percetakan\system\Database\BaseConnection.php(419): CodeIgniter\Database\MySQLi\Connection->connect(false)
#1 C:\xampp\htdocs\sistem_informasi_percetakan\system\Database\BaseConnection.php(614): CodeIgniter\Database\BaseConnection->initialize()
#2 C:\xampp\htdocs\sistem_informasi_percetakan\system\Database\BaseBuilder.php(1649): CodeIgniter\Database\BaseConnection->query('SELECT *\nFROM `...', Array, false)
#3 C:\xampp\htdocs\sistem_informasi_percetakan\system\Model.php(330): CodeIgniter\Database\BaseBuilder->get()
#4 C:\xampp\htdocs\sistem_informasi_percetakan\system\BaseModel.php(715): CodeIgniter\Model->doFirst()
#5 C:\xampp\htdocs\sistem_informasi_percetakan\app\Controllers\AuthController.php(16): CodeIgniter\BaseModel->first()
#6 C:\xampp\htdocs\sistem_informasi_percetakan\system\CodeIgniter.php(933): App\Controllers\AuthController->attempt()
#7 C:\xampp\htdocs\sistem_informasi_percetakan\system\CodeIgniter.php(507): CodeIgniter\CodeIgniter->runController(Object(App\Controllers\AuthController))
#8 C:\xampp\htdocs\sistem_informasi_percetakan\system\CodeIgniter.php(354): CodeIgniter\CodeIgniter->handleRequest(NULL, Object(Config\Cache), false)
#9 C:\xampp\htdocs\sistem_informasi_percetakan\system\Boot.php(363): CodeIgniter\CodeIgniter->run()
#10 C:\xampp\htdocs\sistem_informasi_percetakan\system\Boot.php(68): CodeIgniter\Boot::runCodeIgniter(Object(CodeIgniter\CodeIgniter))
#11 C:\xampp\htdocs\sistem_informasi_percetakan\public\index.php(59): CodeIgniter\Boot::bootWeb(Object(Config\Paths))
#12 C:\xampp\htdocs\sistem_informasi_percetakan\system\rewrite.php(44): require_once('C:\\xampp\\htdocs...')
#13 {main}
CRITICAL - 2025-12-25 05:38:46 --> CodeIgniter\Database\Exceptions\DatabaseException: Unable to connect to the database.
Main connection [MySQLi]: Access denied for user ''@'localhost' (using password: NO)
[Method: POST, Route: login]
in SYSTEMPATH\Database\BaseConnection.php on line 465.
 1 SYSTEMPATH\Database\BaseConnection.php(614): CodeIgniter\Database\BaseConnection->initialize()
 2 SYSTEMPATH\Database\BaseBuilder.php(1649): CodeIgniter\Database\BaseConnection->query('SELECT *
FROM `user_app`
WHERE `username` = :username:
 LIMIT 1', [...], false)
 3 SYSTEMPATH\Model.php(330): CodeIgniter\Database\BaseBuilder->get()
 4 SYSTEMPATH\BaseModel.php(715): CodeIgniter\Model->doFirst()
 5 APPPATH\Controllers\AuthController.php(16): CodeIgniter\BaseModel->first()
 6 SYSTEMPATH\CodeIgniter.php(933): App\Controllers\AuthController->attempt()
 7 SYSTEMPATH\CodeIgniter.php(507): CodeIgniter\CodeIgniter->runController(Object(App\Controllers\AuthController))
 8 SYSTEMPATH\CodeIgniter.php(354): CodeIgniter\CodeIgniter->handleRequest(null, Object(Config\Cache), false)
 9 SYSTEMPATH\Boot.php(363): CodeIgniter\CodeIgniter->run()
10 SYSTEMPATH\Boot.php(68): CodeIgniter\Boot::runCodeIgniter(Object(CodeIgniter\CodeIgniter))
11 FCPATH\index.php(59): CodeIgniter\Boot::bootWeb(Object(Config\Paths))
12 SYSTEMPATH\rewrite.php(44): require_once('C:\\xampp\\htdocs\\sistem_informasi_percetakan\\public\\index.php')
CRITICAL - 2025-12-25 05:41:46 --> ErrorException: Undefined variable $username
[Method: POST, Route: login]
in APPPATH\Config\Routes.php on line 11.
 1 APPPATH\Config\Routes.php(11): CodeIgniter\Debug\Exceptions->errorHandler(2, 'Undefined variable $username', 'C:\\xampp\\htdocs\\sistem_informasi_percetakan\\app\\Config\\Routes.php', 11)
 2 SYSTEMPATH\Router\RouteCollection.php(339): require('C:\\xampp\\htdocs\\sistem_informasi_percetakan\\app\\Config\\Routes.php')
 3 SYSTEMPATH\CodeIgniter.php(821): CodeIgniter\Router\RouteCollection->loadRoutes()
 4 SYSTEMPATH\CodeIgniter.php(455): CodeIgniter\CodeIgniter->tryToRouteIt(null)
 5 SYSTEMPATH\CodeIgniter.php(354): CodeIgniter\CodeIgniter->handleRequest(null, Object(Config\Cache), false)
 6 SYSTEMPATH\Boot.php(363): CodeIgniter\CodeIgniter->run()
 7 SYSTEMPATH\Boot.php(68): CodeIgniter\Boot::runCodeIgniter(Object(CodeIgniter\CodeIgniter))
 8 FCPATH\index.php(59): CodeIgniter\Boot::bootWeb(Object(Config\Paths))
 9 SYSTEMPATH\rewrite.php(44): require_once('C:\\xampp\\htdocs\\sistem_informasi_percetakan\\public\\index.php')
CRITICAL - 2025-12-25 05:43:42 --> ErrorException: Undefined variable $username
[Method: GET, Route: login]
in APPPATH\Config\Routes.php on line 11.
 1 APPPATH\Config\Routes.php(11): CodeIgniter\Debug\Exceptions->errorHandler(2, 'Undefined variable $username', 'C:\\xampp\\htdocs\\sistem_informasi_percetakan\\app\\Config\\Routes.php', 11)
 2 SYSTEMPATH\Router\RouteCollection.php(339): require('C:\\xampp\\htdocs\\sistem_informasi_percetakan\\app\\Config\\Routes.php')
 3 SYSTEMPATH\CodeIgniter.php(821): CodeIgniter\Router\RouteCollection->loadRoutes()
 4 SYSTEMPATH\CodeIgniter.php(455): CodeIgniter\CodeIgniter->tryToRouteIt(null)
 5 SYSTEMPATH\CodeIgniter.php(354): CodeIgniter\CodeIgniter->handleRequest(null, Object(Config\Cache), false)
 6 SYSTEMPATH\Boot.php(363): CodeIgniter\CodeIgniter->run()
 7 SYSTEMPATH\Boot.php(68): CodeIgniter\Boot::runCodeIgniter(Object(CodeIgniter\CodeIgniter))
 8 FCPATH\index.php(59): CodeIgniter\Boot::bootWeb(Object(Config\Paths))
 9 SYSTEMPATH\rewrite.php(44): require_once('C:\\xampp\\htdocs\\sistem_informasi_percetakan\\public\\index.php')
CRITICAL - 2025-12-25 05:43:44 --> ErrorException: Undefined variable $username
[Method: GET, Route: login]
in APPPATH\Config\Routes.php on line 11.
 1 APPPATH\Config\Routes.php(11): CodeIgniter\Debug\Exceptions->errorHandler(2, 'Undefined variable $username', 'C:\\xampp\\htdocs\\sistem_informasi_percetakan\\app\\Config\\Routes.php', 11)
 2 SYSTEMPATH\Router\RouteCollection.php(339): require('C:\\xampp\\htdocs\\sistem_informasi_percetakan\\app\\Config\\Routes.php')
 3 SYSTEMPATH\CodeIgniter.php(821): CodeIgniter\Router\RouteCollection->loadRoutes()
 4 SYSTEMPATH\CodeIgniter.php(455): CodeIgniter\CodeIgniter->tryToRouteIt(null)
 5 SYSTEMPATH\CodeIgniter.php(354): CodeIgniter\CodeIgniter->handleRequest(null, Object(Config\Cache), false)
 6 SYSTEMPATH\Boot.php(363): CodeIgniter\CodeIgniter->run()
 7 SYSTEMPATH\Boot.php(68): CodeIgniter\Boot::runCodeIgniter(Object(CodeIgniter\CodeIgniter))
 8 FCPATH\index.php(59): CodeIgniter\Boot::bootWeb(Object(Config\Paths))
 9 SYSTEMPATH\rewrite.php(44): require_once('C:\\xampp\\htdocs\\sistem_informasi_percetakan\\public\\index.php')
CRITICAL - 2025-12-25 05:43:45 --> ErrorException: Undefined variable $username
[Method: GET, Route: login]
in APPPATH\Config\Routes.php on line 11.
 1 APPPATH\Config\Routes.php(11): CodeIgniter\Debug\Exceptions->errorHandler(2, 'Undefined variable $username', 'C:\\xampp\\htdocs\\sistem_informasi_percetakan\\app\\Config\\Routes.php', 11)
 2 SYSTEMPATH\Router\RouteCollection.php(339): require('C:\\xampp\\htdocs\\sistem_informasi_percetakan\\app\\Config\\Routes.php')
 3 SYSTEMPATH\CodeIgniter.php(821): CodeIgniter\Router\RouteCollection->loadRoutes()
 4 SYSTEMPATH\CodeIgniter.php(455): CodeIgniter\CodeIgniter->tryToRouteIt(null)
 5 SYSTEMPATH\CodeIgniter.php(354): CodeIgniter\CodeIgniter->handleRequest(null, Object(Config\Cache), false)
 6 SYSTEMPATH\Boot.php(363): CodeIgniter\CodeIgniter->run()
 7 SYSTEMPATH\Boot.php(68): CodeIgniter\Boot::runCodeIgniter(Object(CodeIgniter\CodeIgniter))
 8 FCPATH\index.php(59): CodeIgniter\Boot::bootWeb(Object(Config\Paths))
 9 SYSTEMPATH\rewrite.php(44): require_once('C:\\xampp\\htdocs\\sistem_informasi_percetakan\\public\\index.php')
CRITICAL - 2025-12-25 05:43:46 --> ErrorException: Undefined variable $username
[Method: GET, Route: login]
in APPPATH\Config\Routes.php on line 11.
 1 APPPATH\Config\Routes.php(11): CodeIgniter\Debug\Exceptions->errorHandler(2, 'Undefined variable $username', 'C:\\xampp\\htdocs\\sistem_informasi_percetakan\\app\\Config\\Routes.php', 11)
 2 SYSTEMPATH\Router\RouteCollection.php(339): require('C:\\xampp\\htdocs\\sistem_informasi_percetakan\\app\\Config\\Routes.php')
 3 SYSTEMPATH\CodeIgniter.php(821): CodeIgniter\Router\RouteCollection->loadRoutes()
 4 SYSTEMPATH\CodeIgniter.php(455): CodeIgniter\CodeIgniter->tryToRouteIt(null)
 5 SYSTEMPATH\CodeIgniter.php(354): CodeIgniter\CodeIgniter->handleRequest(null, Object(Config\Cache), false)
 6 SYSTEMPATH\Boot.php(363): CodeIgniter\CodeIgniter->run()
 7 SYSTEMPATH\Boot.php(68): CodeIgniter\Boot::runCodeIgniter(Object(CodeIgniter\CodeIgniter))
 8 FCPATH\index.php(59): CodeIgniter\Boot::bootWeb(Object(Config\Paths))
 9 SYSTEMPATH\rewrite.php(44): require_once('C:\\xampp\\htdocs\\sistem_informasi_percetakan\\public\\index.php')
CRITICAL - 2025-12-25 05:44:12 --> ErrorException: Undefined variable $username
[Method: CLI, Route: serve]
in APPPATH\Config\Routes.php on line 11.
 1 APPPATH\Config\Routes.php(11): CodeIgniter\Debug\Exceptions->errorHandler(2, 'Undefined variable $username', 'C:\\xampp\\htdocs\\sistem_informasi_percetakan\\app\\Config\\Routes.php', 11)
 2 SYSTEMPATH\Router\RouteCollection.php(339): require('C:\\xampp\\htdocs\\sistem_informasi_percetakan\\app\\Config\\Routes.php')
 3 SYSTEMPATH\CLI\Console.php(41): CodeIgniter\Router\RouteCollection->loadRoutes()
 4 SYSTEMPATH\Boot.php(388): CodeIgniter\CLI\Console->run()
 5 SYSTEMPATH\Boot.php(133): CodeIgniter\Boot::runCommand(Object(CodeIgniter\CLI\Console))
 6 ROOTPATH\spark(87): CodeIgniter\Boot::bootSpark(Object(Config\Paths))
ERROR - 2025-12-25 05:45:05 --> Error connecting to the database: mysqli_sql_exception: Access denied for user ''@'localhost' (using password: NO) in C:\xampp\htdocs\sistem_informasi_percetakan\system\Database\MySQLi\Connection.php:201
Stack trace:
#0 C:\xampp\htdocs\sistem_informasi_percetakan\system\Database\MySQLi\Connection.php(201): mysqli->real_connect('localhost', '', Object(SensitiveParameterValue), 'sistem_informas...', 3306, '', 0)
#1 C:\xampp\htdocs\sistem_informasi_percetakan\system\Database\BaseConnection.php(419): CodeIgniter\Database\MySQLi\Connection->connect(false)
#2 C:\xampp\htdocs\sistem_informasi_percetakan\system\Database\BaseConnection.php(614): CodeIgniter\Database\BaseConnection->initialize()
#3 C:\xampp\htdocs\sistem_informasi_percetakan\system\Database\BaseBuilder.php(1649): CodeIgniter\Database\BaseConnection->query('SELECT *\nFROM `...', Array, false)
#4 C:\xampp\htdocs\sistem_informasi_percetakan\system\Model.php(330): CodeIgniter\Database\BaseBuilder->get()
#5 C:\xampp\htdocs\sistem_informasi_percetakan\system\BaseModel.php(715): CodeIgniter\Model->doFirst()
#6 C:\xampp\htdocs\sistem_informasi_percetakan\app\Controllers\AuthController.php(16): CodeIgniter\BaseModel->first()
#7 C:\xampp\htdocs\sistem_informasi_percetakan\system\CodeIgniter.php(933): App\Controllers\AuthController->attempt()
#8 C:\xampp\htdocs\sistem_informasi_percetakan\system\CodeIgniter.php(507): CodeIgniter\CodeIgniter->runController(Object(App\Controllers\AuthController))
#9 C:\xampp\htdocs\sistem_informasi_percetakan\system\CodeIgniter.php(354): CodeIgniter\CodeIgniter->handleRequest(NULL, Object(Config\Cache), false)
#10 C:\xampp\htdocs\sistem_informasi_percetakan\system\Boot.php(363): CodeIgniter\CodeIgniter->run()
#11 C:\xampp\htdocs\sistem_informasi_percetakan\system\Boot.php(68): CodeIgniter\Boot::runCodeIgniter(Object(CodeIgniter\CodeIgniter))
#12 C:\xampp\htdocs\sistem_informasi_percetakan\public\index.php(59): CodeIgniter\Boot::bootWeb(Object(Config\Paths))
#13 C:\xampp\htdocs\sistem_informasi_percetakan\system\rewrite.php(44): require_once('C:\\xampp\\htdocs...')
#14 {main}

Next CodeIgniter\Database\Exceptions\DatabaseException: Access denied for user ''@'localhost' (using password: NO) in C:\xampp\htdocs\sistem_informasi_percetakan\system\Database\MySQLi\Connection.php:246
Stack trace:
#0 C:\xampp\htdocs\sistem_informasi_percetakan\system\Database\BaseConnection.php(419): CodeIgniter\Database\MySQLi\Connection->connect(false)
#1 C:\xampp\htdocs\sistem_informasi_percetakan\system\Database\BaseConnection.php(614): CodeIgniter\Database\BaseConnection->initialize()
#2 C:\xampp\htdocs\sistem_informasi_percetakan\system\Database\BaseBuilder.php(1649): CodeIgniter\Database\BaseConnection->query('SELECT *\nFROM `...', Array, false)
#3 C:\xampp\htdocs\sistem_informasi_percetakan\system\Model.php(330): CodeIgniter\Database\BaseBuilder->get()
#4 C:\xampp\htdocs\sistem_informasi_percetakan\system\BaseModel.php(715): CodeIgniter\Model->doFirst()
#5 C:\xampp\htdocs\sistem_informasi_percetakan\app\Controllers\AuthController.php(16): CodeIgniter\BaseModel->first()
#6 C:\xampp\htdocs\sistem_informasi_percetakan\system\CodeIgniter.php(933): App\Controllers\AuthController->attempt()
#7 C:\xampp\htdocs\sistem_informasi_percetakan\system\CodeIgniter.php(507): CodeIgniter\CodeIgniter->runController(Object(App\Controllers\AuthController))
#8 C:\xampp\htdocs\sistem_informasi_percetakan\system\CodeIgniter.php(354): CodeIgniter\CodeIgniter->handleRequest(NULL, Object(Config\Cache), false)
#9 C:\xampp\htdocs\sistem_informasi_percetakan\system\Boot.php(363): CodeIgniter\CodeIgniter->run()
#10 C:\xampp\htdocs\sistem_informasi_percetakan\system\Boot.php(68): CodeIgniter\Boot::runCodeIgniter(Object(CodeIgniter\CodeIgniter))
#11 C:\xampp\htdocs\sistem_informasi_percetakan\public\index.php(59): CodeIgniter\Boot::bootWeb(Object(Config\Paths))
#12 C:\xampp\htdocs\sistem_informasi_percetakan\system\rewrite.php(44): require_once('C:\\xampp\\htdocs...')
#13 {main}
CRITICAL - 2025-12-25 05:45:05 --> CodeIgniter\Database\Exceptions\DatabaseException: Unable to connect to the database.
Main connection [MySQLi]: Access denied for user ''@'localhost' (using password: NO)
[Method: POST, Route: login]
in SYSTEMPATH\Database\BaseConnection.php on line 465.
 1 SYSTEMPATH\Database\BaseConnection.php(614): CodeIgniter\Database\BaseConnection->initialize()
 2 SYSTEMPATH\Database\BaseBuilder.php(1649): CodeIgniter\Database\BaseConnection->query('SELECT *
FROM `user_app`
WHERE `username` = :username:
 LIMIT 1', [...], false)
 3 SYSTEMPATH\Model.php(330): CodeIgniter\Database\BaseBuilder->get()
 4 SYSTEMPATH\BaseModel.php(715): CodeIgniter\Model->doFirst()
 5 APPPATH\Controllers\AuthController.php(16): CodeIgniter\BaseModel->first()
 6 SYSTEMPATH\CodeIgniter.php(933): App\Controllers\AuthController->attempt()
 7 SYSTEMPATH\CodeIgniter.php(507): CodeIgniter\CodeIgniter->runController(Object(App\Controllers\AuthController))
 8 SYSTEMPATH\CodeIgniter.php(354): CodeIgniter\CodeIgniter->handleRequest(null, Object(Config\Cache), false)
 9 SYSTEMPATH\Boot.php(363): CodeIgniter\CodeIgniter->run()
10 SYSTEMPATH\Boot.php(68): CodeIgniter\Boot::runCodeIgniter(Object(CodeIgniter\CodeIgniter))
11 FCPATH\index.php(59): CodeIgniter\Boot::bootWeb(Object(Config\Paths))
12 SYSTEMPATH\rewrite.php(44): require_once('C:\\xampp\\htdocs\\sistem_informasi_percetakan\\public\\index.php')
CRITICAL - 2025-12-25 05:47:55 --> ErrorException: Undefined array key "password_hash"
[Method: POST, Route: login]
in APPPATH\Controllers\AuthController.php on line 18.
 1 APPPATH\Controllers\AuthController.php(18): CodeIgniter\Debug\Exceptions->errorHandler(2, 'Undefined array key "password_hash"', 'C:\\xampp\\htdocs\\sistem_informasi_percetakan\\app\\Controllers\\AuthController.php', 18)
 2 SYSTEMPATH\CodeIgniter.php(933): App\Controllers\AuthController->attempt()
 3 SYSTEMPATH\CodeIgniter.php(507): CodeIgniter\CodeIgniter->runController(Object(App\Controllers\AuthController))
 4 SYSTEMPATH\CodeIgniter.php(354): CodeIgniter\CodeIgniter->handleRequest(null, Object(Config\Cache), false)
 5 SYSTEMPATH\Boot.php(363): CodeIgniter\CodeIgniter->run()
 6 SYSTEMPATH\Boot.php(68): CodeIgniter\Boot::runCodeIgniter(Object(CodeIgniter\CodeIgniter))
 7 FCPATH\index.php(59): CodeIgniter\Boot::bootWeb(Object(Config\Paths))
 8 SYSTEMPATH\rewrite.php(44): require_once('C:\\xampp\\htdocs\\sistem_informasi_percetakan\\public\\index.php')
CRITICAL - 2025-12-25 08:17:40 --> CodeIgniter\Filters\Exceptions\FilterException: "role" filter must have a matching alias defined.
[Method: GET, Route: admin/dashboard]
in SYSTEMPATH\Filters\Filters.php on line 590.
 1 SYSTEMPATH\Filters\Filters.php(590): CodeIgniter\Filters\Exceptions\FilterException::forNoAlias('role')
 2 SYSTEMPATH\Filters\Filters.php(641): CodeIgniter\Filters\Filters->enableFilter('role:admin', 'before')
 3 SYSTEMPATH\CodeIgniter.php(467): CodeIgniter\Filters\Filters->enableFilters([...], 'before')
 4 SYSTEMPATH\CodeIgniter.php(354): CodeIgniter\CodeIgniter->handleRequest(null, Object(Config\Cache), false)
 5 SYSTEMPATH\Boot.php(363): CodeIgniter\CodeIgniter->run()
 6 SYSTEMPATH\Boot.php(68): CodeIgniter\Boot::runCodeIgniter(Object(CodeIgniter\CodeIgniter))
 7 FCPATH\index.php(59): CodeIgniter\Boot::bootWeb(Object(Config\Paths))
 8 SYSTEMPATH\rewrite.php(44): require_once('C:\\xampp\\htdocs\\sistem_informasi_percetakan\\public\\index.php')
CRITICAL - 2025-12-25 08:20:38 --> CodeIgniter\Filters\Exceptions\FilterException: "role" filter must have a matching alias defined.
[Method: GET, Route: admin/dashboard]
in SYSTEMPATH\Filters\Filters.php on line 590.
 1 SYSTEMPATH\Filters\Filters.php(590): CodeIgniter\Filters\Exceptions\FilterException::forNoAlias('role')
 2 SYSTEMPATH\Filters\Filters.php(641): CodeIgniter\Filters\Filters->enableFilter('role:admin', 'before')
 3 SYSTEMPATH\CodeIgniter.php(467): CodeIgniter\Filters\Filters->enableFilters([...], 'before')
 4 SYSTEMPATH\CodeIgniter.php(354): CodeIgniter\CodeIgniter->handleRequest(null, Object(Config\Cache), false)
 5 SYSTEMPATH\Boot.php(363): CodeIgniter\CodeIgniter->run()
 6 SYSTEMPATH\Boot.php(68): CodeIgniter\Boot::runCodeIgniter(Object(CodeIgniter\CodeIgniter))
 7 FCPATH\index.php(59): CodeIgniter\Boot::bootWeb(Object(Config\Paths))
 8 SYSTEMPATH\rewrite.php(44): require_once('C:\\xampp\\htdocs\\sistem_informasi_percetakan\\public\\index.php')
CRITICAL - 2025-12-25 08:20:39 --> CodeIgniter\Filters\Exceptions\FilterException: "role" filter must have a matching alias defined.
[Method: GET, Route: admin/dashboard]
in SYSTEMPATH\Filters\Filters.php on line 590.
 1 SYSTEMPATH\Filters\Filters.php(590): CodeIgniter\Filters\Exceptions\FilterException::forNoAlias('role')
 2 SYSTEMPATH\Filters\Filters.php(641): CodeIgniter\Filters\Filters->enableFilter('role:admin', 'before')
 3 SYSTEMPATH\CodeIgniter.php(467): CodeIgniter\Filters\Filters->enableFilters([...], 'before')
 4 SYSTEMPATH\CodeIgniter.php(354): CodeIgniter\CodeIgniter->handleRequest(null, Object(Config\Cache), false)
 5 SYSTEMPATH\Boot.php(363): CodeIgniter\CodeIgniter->run()
 6 SYSTEMPATH\Boot.php(68): CodeIgniter\Boot::runCodeIgniter(Object(CodeIgniter\CodeIgniter))
 7 FCPATH\index.php(59): CodeIgniter\Boot::bootWeb(Object(Config\Paths))
 8 SYSTEMPATH\rewrite.php(44): require_once('C:\\xampp\\htdocs\\sistem_informasi_percetakan\\public\\index.php')
CRITICAL - 2025-12-25 08:22:49 --> CodeIgniter\Filters\Exceptions\FilterException: "role" filter must have a matching alias defined.
[Method: GET, Route: admin/dashboard]
in SYSTEMPATH\Filters\Filters.php on line 590.
 1 SYSTEMPATH\Filters\Filters.php(590): CodeIgniter\Filters\Exceptions\FilterException::forNoAlias('role')
 2 SYSTEMPATH\Filters\Filters.php(641): CodeIgniter\Filters\Filters->enableFilter('role:admin', 'before')
 3 SYSTEMPATH\CodeIgniter.php(467): CodeIgniter\Filters\Filters->enableFilters([...], 'before')
 4 SYSTEMPATH\CodeIgniter.php(354): CodeIgniter\CodeIgniter->handleRequest(null, Object(Config\Cache), false)
 5 SYSTEMPATH\Boot.php(363): CodeIgniter\CodeIgniter->run()
 6 SYSTEMPATH\Boot.php(68): CodeIgniter\Boot::runCodeIgniter(Object(CodeIgniter\CodeIgniter))
 7 FCPATH\index.php(59): CodeIgniter\Boot::bootWeb(Object(Config\Paths))
 8 SYSTEMPATH\rewrite.php(44): require_once('C:\\xampp\\htdocs\\sistem_informasi_percetakan\\public\\index.php')
CRITICAL - 2025-12-25 08:22:50 --> CodeIgniter\Filters\Exceptions\FilterException: "role" filter must have a matching alias defined.
[Method: GET, Route: admin/dashboard]
in SYSTEMPATH\Filters\Filters.php on line 590.
 1 SYSTEMPATH\Filters\Filters.php(590): CodeIgniter\Filters\Exceptions\FilterException::forNoAlias('role')
 2 SYSTEMPATH\Filters\Filters.php(641): CodeIgniter\Filters\Filters->enableFilter('role:admin', 'before')
 3 SYSTEMPATH\CodeIgniter.php(467): CodeIgniter\Filters\Filters->enableFilters([...], 'before')
 4 SYSTEMPATH\CodeIgniter.php(354): CodeIgniter\CodeIgniter->handleRequest(null, Object(Config\Cache), false)
 5 SYSTEMPATH\Boot.php(363): CodeIgniter\CodeIgniter->run()
 6 SYSTEMPATH\Boot.php(68): CodeIgniter\Boot::runCodeIgniter(Object(CodeIgniter\CodeIgniter))
 7 FCPATH\index.php(59): CodeIgniter\Boot::bootWeb(Object(Config\Paths))
 8 SYSTEMPATH\rewrite.php(44): require_once('C:\\xampp\\htdocs\\sistem_informasi_percetakan\\public\\index.php')
CRITICAL - 2025-12-25 08:26:34 --> CodeIgniter\View\Exceptions\ViewException: Invalid file: "admin/dashboard.php"
[Method: GET, Route: admin/dashboard]
in SYSTEMPATH\Exceptions\FrameworkException.php on line 39.
 1 SYSTEMPATH\View\View.php(214): CodeIgniter\Exceptions\FrameworkException::forInvalidFile('admin/dashboard.php')
 2 SYSTEMPATH\Common.php(1199): CodeIgniter\View\View->render('admin/dashboard', [], true)
 3 APPPATH\Controllers\Admin\DashboardController.php(17): view('admin/dashboard', [...])
 4 SYSTEMPATH\CodeIgniter.php(933): App\Controllers\Admin\DashboardController->index()
 5 SYSTEMPATH\CodeIgniter.php(507): CodeIgniter\CodeIgniter->runController(Object(App\Controllers\Admin\DashboardController))
 6 SYSTEMPATH\CodeIgniter.php(354): CodeIgniter\CodeIgniter->handleRequest(null, Object(Config\Cache), false)
 7 SYSTEMPATH\Boot.php(363): CodeIgniter\CodeIgniter->run()
 8 SYSTEMPATH\Boot.php(68): CodeIgniter\Boot::runCodeIgniter(Object(CodeIgniter\CodeIgniter))
 9 FCPATH\index.php(59): CodeIgniter\Boot::bootWeb(Object(Config\Paths))
10 SYSTEMPATH\rewrite.php(44): require_once('C:\\xampp\\htdocs\\sistem_informasi_percetakan\\public\\index.php')
CRITICAL - 2025-12-25 08:26:35 --> CodeIgniter\View\Exceptions\ViewException: Invalid file: "admin/dashboard.php"
[Method: GET, Route: admin/dashboard]
in SYSTEMPATH\Exceptions\FrameworkException.php on line 39.
 1 SYSTEMPATH\View\View.php(214): CodeIgniter\Exceptions\FrameworkException::forInvalidFile('admin/dashboard.php')
 2 SYSTEMPATH\Common.php(1199): CodeIgniter\View\View->render('admin/dashboard', [], true)
 3 APPPATH\Controllers\Admin\DashboardController.php(17): view('admin/dashboard', [...])
 4 SYSTEMPATH\CodeIgniter.php(933): App\Controllers\Admin\DashboardController->index()
 5 SYSTEMPATH\CodeIgniter.php(507): CodeIgniter\CodeIgniter->runController(Object(App\Controllers\Admin\DashboardController))
 6 SYSTEMPATH\CodeIgniter.php(354): CodeIgniter\CodeIgniter->handleRequest(null, Object(Config\Cache), false)
 7 SYSTEMPATH\Boot.php(363): CodeIgniter\CodeIgniter->run()
 8 SYSTEMPATH\Boot.php(68): CodeIgniter\Boot::runCodeIgniter(Object(CodeIgniter\CodeIgniter))
 9 FCPATH\index.php(59): CodeIgniter\Boot::bootWeb(Object(Config\Paths))
10 SYSTEMPATH\rewrite.php(44): require_once('C:\\xampp\\htdocs\\sistem_informasi_percetakan\\public\\index.php')
CRITICAL - 2025-12-25 08:31:56 --> CodeIgniter\View\Exceptions\ViewException: Invalid file: "dashboard/admin.php"
[Method: GET, Route: admin/dashboard]
in SYSTEMPATH\Exceptions\FrameworkException.php on line 39.
 1 SYSTEMPATH\View\View.php(214): CodeIgniter\Exceptions\FrameworkException::forInvalidFile('dashboard/admin.php')
 2 SYSTEMPATH\Common.php(1199): CodeIgniter\View\View->render('dashboard/admin', [], true)
 3 APPPATH\Controllers\Admin\DashboardController.php(17): view('dashboard/admin', [...])
 4 SYSTEMPATH\CodeIgniter.php(933): App\Controllers\Admin\DashboardController->index()
 5 SYSTEMPATH\CodeIgniter.php(507): CodeIgniter\CodeIgniter->runController(Object(App\Controllers\Admin\DashboardController))
 6 SYSTEMPATH\CodeIgniter.php(354): CodeIgniter\CodeIgniter->handleRequest(null, Object(Config\Cache), false)
 7 SYSTEMPATH\Boot.php(363): CodeIgniter\CodeIgniter->run()
 8 SYSTEMPATH\Boot.php(68): CodeIgniter\Boot::runCodeIgniter(Object(CodeIgniter\CodeIgniter))
 9 FCPATH\index.php(59): CodeIgniter\Boot::bootWeb(Object(Config\Paths))
10 SYSTEMPATH\rewrite.php(44): require_once('C:\\xampp\\htdocs\\sistem_informasi_percetakan\\public\\index.php')
CRITICAL - 2025-12-25 08:35:58 --> CodeIgniter\View\Exceptions\ViewException: Invalid file: "dashboard/admin.php"
[Method: GET, Route: admin/dashboard]
in SYSTEMPATH\Exceptions\FrameworkException.php on line 39.
 1 SYSTEMPATH\View\View.php(214): CodeIgniter\Exceptions\FrameworkException::forInvalidFile('dashboard/admin.php')
 2 SYSTEMPATH\Common.php(1199): CodeIgniter\View\View->render('dashboard/admin', [], true)
 3 APPPATH\Controllers\Admin\DashboardController.php(17): view('dashboard/admin', [...])
 4 SYSTEMPATH\CodeIgniter.php(933): App\Controllers\Admin\DashboardController->index()
 5 SYSTEMPATH\CodeIgniter.php(507): CodeIgniter\CodeIgniter->runController(Object(App\Controllers\Admin\DashboardController))
 6 SYSTEMPATH\CodeIgniter.php(354): CodeIgniter\CodeIgniter->handleRequest(null, Object(Config\Cache), false)
 7 SYSTEMPATH\Boot.php(363): CodeIgniter\CodeIgniter->run()
 8 SYSTEMPATH\Boot.php(68): CodeIgniter\Boot::runCodeIgniter(Object(CodeIgniter\CodeIgniter))
 9 FCPATH\index.php(59): CodeIgniter\Boot::bootWeb(Object(Config\Paths))
10 SYSTEMPATH\rewrite.php(44): require_once('C:\\xampp\\htdocs\\sistem_informasi_percetakan\\public\\index.php')
CRITICAL - 2025-12-25 08:35:59 --> CodeIgniter\View\Exceptions\ViewException: Invalid file: "dashboard/admin.php"
[Method: GET, Route: admin/dashboard]
in SYSTEMPATH\Exceptions\FrameworkException.php on line 39.
 1 SYSTEMPATH\View\View.php(214): CodeIgniter\Exceptions\FrameworkException::forInvalidFile('dashboard/admin.php')
 2 SYSTEMPATH\Common.php(1199): CodeIgniter\View\View->render('dashboard/admin', [], true)
 3 APPPATH\Controllers\Admin\DashboardController.php(17): view('dashboard/admin', [...])
 4 SYSTEMPATH\CodeIgniter.php(933): App\Controllers\Admin\DashboardController->index()
 5 SYSTEMPATH\CodeIgniter.php(507): CodeIgniter\CodeIgniter->runController(Object(App\Controllers\Admin\DashboardController))
 6 SYSTEMPATH\CodeIgniter.php(354): CodeIgniter\CodeIgniter->handleRequest(null, Object(Config\Cache), false)
 7 SYSTEMPATH\Boot.php(363): CodeIgniter\CodeIgniter->run()
 8 SYSTEMPATH\Boot.php(68): CodeIgniter\Boot::runCodeIgniter(Object(CodeIgniter\CodeIgniter))
 9 FCPATH\index.php(59): CodeIgniter\Boot::bootWeb(Object(Config\Paths))
10 SYSTEMPATH\rewrite.php(44): require_once('C:\\xampp\\htdocs\\sistem_informasi_percetakan\\public\\index.php')
CRITICAL - 2025-12-25 08:35:59 --> CodeIgniter\View\Exceptions\ViewException: Invalid file: "dashboard/admin.php"
[Method: GET, Route: admin/dashboard]
in SYSTEMPATH\Exceptions\FrameworkException.php on line 39.
 1 SYSTEMPATH\View\View.php(214): CodeIgniter\Exceptions\FrameworkException::forInvalidFile('dashboard/admin.php')
 2 SYSTEMPATH\Common.php(1199): CodeIgniter\View\View->render('dashboard/admin', [], true)
 3 APPPATH\Controllers\Admin\DashboardController.php(17): view('dashboard/admin', [...])
 4 SYSTEMPATH\CodeIgniter.php(933): App\Controllers\Admin\DashboardController->index()
 5 SYSTEMPATH\CodeIgniter.php(507): CodeIgniter\CodeIgniter->runController(Object(App\Controllers\Admin\DashboardController))
 6 SYSTEMPATH\CodeIgniter.php(354): CodeIgniter\CodeIgniter->handleRequest(null, Object(Config\Cache), false)
 7 SYSTEMPATH\Boot.php(363): CodeIgniter\CodeIgniter->run()
 8 SYSTEMPATH\Boot.php(68): CodeIgniter\Boot::runCodeIgniter(Object(CodeIgniter\CodeIgniter))
 9 FCPATH\index.php(59): CodeIgniter\Boot::bootWeb(Object(Config\Paths))
10 SYSTEMPATH\rewrite.php(44): require_once('C:\\xampp\\htdocs\\sistem_informasi_percetakan\\public\\index.php')
CRITICAL - 2025-12-25 08:36:00 --> CodeIgniter\View\Exceptions\ViewException: Invalid file: "dashboard/admin.php"
[Method: GET, Route: admin/dashboard]
in SYSTEMPATH\Exceptions\FrameworkException.php on line 39.
 1 SYSTEMPATH\View\View.php(214): CodeIgniter\Exceptions\FrameworkException::forInvalidFile('dashboard/admin.php')
 2 SYSTEMPATH\Common.php(1199): CodeIgniter\View\View->render('dashboard/admin', [], true)
 3 APPPATH\Controllers\Admin\DashboardController.php(17): view('dashboard/admin', [...])
 4 SYSTEMPATH\CodeIgniter.php(933): App\Controllers\Admin\DashboardController->index()
 5 SYSTEMPATH\CodeIgniter.php(507): CodeIgniter\CodeIgniter->runController(Object(App\Controllers\Admin\DashboardController))
 6 SYSTEMPATH\CodeIgniter.php(354): CodeIgniter\CodeIgniter->handleRequest(null, Object(Config\Cache), false)
 7 SYSTEMPATH\Boot.php(363): CodeIgniter\CodeIgniter->run()
 8 SYSTEMPATH\Boot.php(68): CodeIgniter\Boot::runCodeIgniter(Object(CodeIgniter\CodeIgniter))
 9 FCPATH\index.php(59): CodeIgniter\Boot::bootWeb(Object(Config\Paths))
10 SYSTEMPATH\rewrite.php(44): require_once('C:\\xampp\\htdocs\\sistem_informasi_percetakan\\public\\index.php')
CRITICAL - 2025-12-25 08:36:00 --> CodeIgniter\View\Exceptions\ViewException: Invalid file: "dashboard/admin.php"
[Method: GET, Route: admin/dashboard]
in SYSTEMPATH\Exceptions\FrameworkException.php on line 39.
 1 SYSTEMPATH\View\View.php(214): CodeIgniter\Exceptions\FrameworkException::forInvalidFile('dashboard/admin.php')
 2 SYSTEMPATH\Common.php(1199): CodeIgniter\View\View->render('dashboard/admin', [], true)
 3 APPPATH\Controllers\Admin\DashboardController.php(17): view('dashboard/admin', [...])
 4 SYSTEMPATH\CodeIgniter.php(933): App\Controllers\Admin\DashboardController->index()
 5 SYSTEMPATH\CodeIgniter.php(507): CodeIgniter\CodeIgniter->runController(Object(App\Controllers\Admin\DashboardController))
 6 SYSTEMPATH\CodeIgniter.php(354): CodeIgniter\CodeIgniter->handleRequest(null, Object(Config\Cache), false)
 7 SYSTEMPATH\Boot.php(363): CodeIgniter\CodeIgniter->run()
 8 SYSTEMPATH\Boot.php(68): CodeIgniter\Boot::runCodeIgniter(Object(CodeIgniter\CodeIgniter))
 9 FCPATH\index.php(59): CodeIgniter\Boot::bootWeb(Object(Config\Paths))
10 SYSTEMPATH\rewrite.php(44): require_once('C:\\xampp\\htdocs\\sistem_informasi_percetakan\\public\\index.php')
CRITICAL - 2025-12-25 08:36:00 --> CodeIgniter\View\Exceptions\ViewException: Invalid file: "dashboard/admin.php"
[Method: GET, Route: admin/dashboard]
in SYSTEMPATH\Exceptions\FrameworkException.php on line 39.
 1 SYSTEMPATH\View\View.php(214): CodeIgniter\Exceptions\FrameworkException::forInvalidFile('dashboard/admin.php')
 2 SYSTEMPATH\Common.php(1199): CodeIgniter\View\View->render('dashboard/admin', [], true)
 3 APPPATH\Controllers\Admin\DashboardController.php(17): view('dashboard/admin', [...])
 4 SYSTEMPATH\CodeIgniter.php(933): App\Controllers\Admin\DashboardController->index()
 5 SYSTEMPATH\CodeIgniter.php(507): CodeIgniter\CodeIgniter->runController(Object(App\Controllers\Admin\DashboardController))
 6 SYSTEMPATH\CodeIgniter.php(354): CodeIgniter\CodeIgniter->handleRequest(null, Object(Config\Cache), false)
 7 SYSTEMPATH\Boot.php(363): CodeIgniter\CodeIgniter->run()
 8 SYSTEMPATH\Boot.php(68): CodeIgniter\Boot::runCodeIgniter(Object(CodeIgniter\CodeIgniter))
 9 FCPATH\index.php(59): CodeIgniter\Boot::bootWeb(Object(Config\Paths))
10 SYSTEMPATH\rewrite.php(44): require_once('C:\\xampp\\htdocs\\sistem_informasi_percetakan\\public\\index.php')
CRITICAL - 2025-12-25 08:36:00 --> CodeIgniter\View\Exceptions\ViewException: Invalid file: "dashboard/admin.php"
[Method: GET, Route: admin/dashboard]
in SYSTEMPATH\Exceptions\FrameworkException.php on line 39.
 1 SYSTEMPATH\View\View.php(214): CodeIgniter\Exceptions\FrameworkException::forInvalidFile('dashboard/admin.php')
 2 SYSTEMPATH\Common.php(1199): CodeIgniter\View\View->render('dashboard/admin', [], true)
 3 APPPATH\Controllers\Admin\DashboardController.php(17): view('dashboard/admin', [...])
 4 SYSTEMPATH\CodeIgniter.php(933): App\Controllers\Admin\DashboardController->index()
 5 SYSTEMPATH\CodeIgniter.php(507): CodeIgniter\CodeIgniter->runController(Object(App\Controllers\Admin\DashboardController))
 6 SYSTEMPATH\CodeIgniter.php(354): CodeIgniter\CodeIgniter->handleRequest(null, Object(Config\Cache), false)
 7 SYSTEMPATH\Boot.php(363): CodeIgniter\CodeIgniter->run()
 8 SYSTEMPATH\Boot.php(68): CodeIgniter\Boot::runCodeIgniter(Object(CodeIgniter\CodeIgniter))
 9 FCPATH\index.php(59): CodeIgniter\Boot::bootWeb(Object(Config\Paths))
10 SYSTEMPATH\rewrite.php(44): require_once('C:\\xampp\\htdocs\\sistem_informasi_percetakan\\public\\index.php')
CRITICAL - 2025-12-25 08:36:00 --> CodeIgniter\View\Exceptions\ViewException: Invalid file: "dashboard/admin.php"
[Method: GET, Route: admin/dashboard]
in SYSTEMPATH\Exceptions\FrameworkException.php on line 39.
 1 SYSTEMPATH\View\View.php(214): CodeIgniter\Exceptions\FrameworkException::forInvalidFile('dashboard/admin.php')
 2 SYSTEMPATH\Common.php(1199): CodeIgniter\View\View->render('dashboard/admin', [], true)
 3 APPPATH\Controllers\Admin\DashboardController.php(17): view('dashboard/admin', [...])
 4 SYSTEMPATH\CodeIgniter.php(933): App\Controllers\Admin\DashboardController->index()
 5 SYSTEMPATH\CodeIgniter.php(507): CodeIgniter\CodeIgniter->runController(Object(App\Controllers\Admin\DashboardController))
 6 SYSTEMPATH\CodeIgniter.php(354): CodeIgniter\CodeIgniter->handleRequest(null, Object(Config\Cache), false)
 7 SYSTEMPATH\Boot.php(363): CodeIgniter\CodeIgniter->run()
 8 SYSTEMPATH\Boot.php(68): CodeIgniter\Boot::runCodeIgniter(Object(CodeIgniter\CodeIgniter))
 9 FCPATH\index.php(59): CodeIgniter\Boot::bootWeb(Object(Config\Paths))
10 SYSTEMPATH\rewrite.php(44): require_once('C:\\xampp\\htdocs\\sistem_informasi_percetakan\\public\\index.php')
CRITICAL - 2025-12-25 08:36:00 --> CodeIgniter\View\Exceptions\ViewException: Invalid file: "dashboard/admin.php"
[Method: GET, Route: admin/dashboard]
in SYSTEMPATH\Exceptions\FrameworkException.php on line 39.
 1 SYSTEMPATH\View\View.php(214): CodeIgniter\Exceptions\FrameworkException::forInvalidFile('dashboard/admin.php')
 2 SYSTEMPATH\Common.php(1199): CodeIgniter\View\View->render('dashboard/admin', [], true)
 3 APPPATH\Controllers\Admin\DashboardController.php(17): view('dashboard/admin', [...])
 4 SYSTEMPATH\CodeIgniter.php(933): App\Controllers\Admin\DashboardController->index()
 5 SYSTEMPATH\CodeIgniter.php(507): CodeIgniter\CodeIgniter->runController(Object(App\Controllers\Admin\DashboardController))
 6 SYSTEMPATH\CodeIgniter.php(354): CodeIgniter\CodeIgniter->handleRequest(null, Object(Config\Cache), false)
 7 SYSTEMPATH\Boot.php(363): CodeIgniter\CodeIgniter->run()
 8 SYSTEMPATH\Boot.php(68): CodeIgniter\Boot::runCodeIgniter(Object(CodeIgniter\CodeIgniter))
 9 FCPATH\index.php(59): CodeIgniter\Boot::bootWeb(Object(Config\Paths))
10 SYSTEMPATH\rewrite.php(44): require_once('C:\\xampp\\htdocs\\sistem_informasi_percetakan\\public\\index.php')
DEBUG - 2025-12-25 08:39:36 --> Session: Class initialized using 'CodeIgniter\Session\Handlers\FileHandler' driver.
CRITICAL - 2025-12-25 08:39:36 --> CodeIgniter\View\Exceptions\ViewException: Invalid file: "dashboard/admin.php"
[Method: GET, Route: admin/dashboard]
in SYSTEMPATH\Exceptions\FrameworkException.php on line 39.
 1 SYSTEMPATH\View\View.php(214): CodeIgniter\Exceptions\FrameworkException::forInvalidFile('dashboard/admin.php')
 2 SYSTEMPATH\Common.php(1199): CodeIgniter\View\View->render('dashboard/admin', [], true)
 3 APPPATH\Controllers\Admin\DashboardController.php(17): view('dashboard/admin', [...])
 4 SYSTEMPATH\CodeIgniter.php(933): App\Controllers\Admin\DashboardController->index()
 5 SYSTEMPATH\CodeIgniter.php(507): CodeIgniter\CodeIgniter->runController(Object(App\Controllers\Admin\DashboardController))
 6 SYSTEMPATH\CodeIgniter.php(354): CodeIgniter\CodeIgniter->handleRequest(null, Object(Config\Cache), false)
 7 SYSTEMPATH\Boot.php(363): CodeIgniter\CodeIgniter->run()
 8 SYSTEMPATH\Boot.php(68): CodeIgniter\Boot::runCodeIgniter(Object(CodeIgniter\CodeIgniter))
 9 FCPATH\index.php(59): CodeIgniter\Boot::bootWeb(Object(Config\Paths))
10 SYSTEMPATH\rewrite.php(44): require_once('C:\\xampp\\htdocs\\sistem_informasi_percetakan\\public\\index.php')
DEBUG - 2025-12-25 08:40:22 --> Session: Class initialized using 'CodeIgniter\Session\Handlers\FileHandler' driver.
CRITICAL - 2025-12-25 08:40:22 --> CodeIgniter\View\Exceptions\ViewException: Invalid file: "dashboard/admin.php"
[Method: GET, Route: admin/dashboard]
in SYSTEMPATH\Exceptions\FrameworkException.php on line 39.
 1 SYSTEMPATH\View\View.php(214): CodeIgniter\Exceptions\FrameworkException::forInvalidFile('dashboard/admin.php')
 2 SYSTEMPATH\Common.php(1199): CodeIgniter\View\View->render('dashboard/admin', [], true)
 3 APPPATH\Controllers\Admin\DashboardController.php(17): view('dashboard/admin', [...])
 4 SYSTEMPATH\CodeIgniter.php(933): App\Controllers\Admin\DashboardController->index()
 5 SYSTEMPATH\CodeIgniter.php(507): CodeIgniter\CodeIgniter->runController(Object(App\Controllers\Admin\DashboardController))
 6 SYSTEMPATH\CodeIgniter.php(354): CodeIgniter\CodeIgniter->handleRequest(null, Object(Config\Cache), false)
 7 SYSTEMPATH\Boot.php(363): CodeIgniter\CodeIgniter->run()
 8 SYSTEMPATH\Boot.php(68): CodeIgniter\Boot::runCodeIgniter(Object(CodeIgniter\CodeIgniter))
 9 FCPATH\index.php(59): CodeIgniter\Boot::bootWeb(Object(Config\Paths))
10 SYSTEMPATH\rewrite.php(44): require_once('C:\\xampp\\htdocs\\sistem_informasi_percetakan\\public\\index.php')
DEBUG - 2025-12-25 08:40:23 --> Session: Class initialized using 'CodeIgniter\Session\Handlers\FileHandler' driver.
CRITICAL - 2025-12-25 08:40:23 --> CodeIgniter\View\Exceptions\ViewException: Invalid file: "dashboard/admin.php"
[Method: GET, Route: admin/dashboard]
in SYSTEMPATH\Exceptions\FrameworkException.php on line 39.
 1 SYSTEMPATH\View\View.php(214): CodeIgniter\Exceptions\FrameworkException::forInvalidFile('dashboard/admin.php')
 2 SYSTEMPATH\Common.php(1199): CodeIgniter\View\View->render('dashboard/admin', [], true)
 3 APPPATH\Controllers\Admin\DashboardController.php(17): view('dashboard/admin', [...])
 4 SYSTEMPATH\CodeIgniter.php(933): App\Controllers\Admin\DashboardController->index()
 5 SYSTEMPATH\CodeIgniter.php(507): CodeIgniter\CodeIgniter->runController(Object(App\Controllers\Admin\DashboardController))
 6 SYSTEMPATH\CodeIgniter.php(354): CodeIgniter\CodeIgniter->handleRequest(null, Object(Config\Cache), false)
 7 SYSTEMPATH\Boot.php(363): CodeIgniter\CodeIgniter->run()
 8 SYSTEMPATH\Boot.php(68): CodeIgniter\Boot::runCodeIgniter(Object(CodeIgniter\CodeIgniter))
 9 FCPATH\index.php(59): CodeIgniter\Boot::bootWeb(Object(Config\Paths))
10 SYSTEMPATH\rewrite.php(44): require_once('C:\\xampp\\htdocs\\sistem_informasi_percetakan\\public\\index.php')
DEBUG - 2025-12-25 08:42:37 --> Session: Class initialized using 'CodeIgniter\Session\Handlers\FileHandler' driver.
DEBUG - 2025-12-25 08:47:45 --> Session: Class initialized using 'CodeIgniter\Session\Handlers\FileHandler' driver.
DEBUG - 2025-12-25 08:47:56 --> Session: Class initialized using 'CodeIgniter\Session\Handlers\FileHandler' driver.
DEBUG - 2025-12-25 08:48:01 --> Session: Class initialized using 'CodeIgniter\Session\Handlers\FileHandler' driver.
DEBUG - 2025-12-25 08:48:06 --> Session: Class initialized using 'CodeIgniter\Session\Handlers\FileHandler' driver.
DEBUG - 2025-12-25 08:48:07 --> Session: Class initialized using 'CodeIgniter\Session\Handlers\FileHandler' driver.
DEBUG - 2025-12-25 08:48:25 --> Session: Class initialized using 'CodeIgniter\Session\Handlers\FileHandler' driver.
DEBUG - 2025-12-25 08:48:25 --> Session: Class initialized using 'CodeIgniter\Session\Handlers\FileHandler' driver.
DEBUG - 2025-12-25 08:48:31 --> Session: Class initialized using 'CodeIgniter\Session\Handlers\FileHandler' driver.
DEBUG - 2025-12-25 08:48:42 --> Session: Class initialized using 'CodeIgniter\Session\Handlers\FileHandler' driver.
DEBUG - 2025-12-25 08:48:45 --> Session: Class initialized using 'CodeIgniter\Session\Handlers\FileHandler' driver.
DEBUG - 2025-12-25 08:48:50 --> Session: Class initialized using 'CodeIgniter\Session\Handlers\FileHandler' driver.
DEBUG - 2025-12-25 08:48:50 --> Session: Class initialized using 'CodeIgniter\Session\Handlers\FileHandler' driver.
DEBUG - 2025-12-25 08:49:01 --> Session: Class initialized using 'CodeIgniter\Session\Handlers\FileHandler' driver.
DEBUG - 2025-12-25 08:49:01 --> Session: Class initialized using 'CodeIgniter\Session\Handlers\FileHandler' driver.
DEBUG - 2025-12-25 08:49:57 --> Session: Class initialized using 'CodeIgniter\Session\Handlers\FileHandler' driver.
DEBUG - 2025-12-25 08:49:58 --> Session: Class initialized using 'CodeIgniter\Session\Handlers\FileHandler' driver.
DEBUG - 2025-12-25 08:50:10 --> Session: Class initialized using 'CodeIgniter\Session\Handlers\FileHandler' driver.
DEBUG - 2025-12-25 08:50:10 --> Session: Class initialized using 'CodeIgniter\Session\Handlers\FileHandler' driver.
DEBUG - 2025-12-25 08:53:45 --> Session: Class initialized using 'CodeIgniter\Session\Handlers\FileHandler' driver.
DEBUG - 2025-12-25 08:53:46 --> Session: Class initialized using 'CodeIgniter\Session\Handlers\FileHandler' driver.
DEBUG - 2025-12-25 08:54:28 --> Session: Class initialized using 'CodeIgniter\Session\Handlers\FileHandler' driver.
DEBUG - 2025-12-25 08:54:29 --> Session: Class initialized using 'CodeIgniter\Session\Handlers\FileHandler' driver.
DEBUG - 2025-12-25 08:58:34 --> Session: Class initialized using 'CodeIgniter\Session\Handlers\FileHandler' driver.
DEBUG - 2025-12-25 08:58:34 --> Session: Class initialized using 'CodeIgniter\Session\Handlers\FileHandler' driver.
DEBUG - 2025-12-25 08:58:45 --> Session: Class initialized using 'CodeIgniter\Session\Handlers\FileHandler' driver.
DEBUG - 2025-12-25 08:58:45 --> Session: Class initialized using 'CodeIgniter\Session\Handlers\FileHandler' driver.
DEBUG - 2025-12-25 09:20:24 --> Session: Class initialized using 'CodeIgniter\Session\Handlers\FileHandler' driver.
DEBUG - 2025-12-25 09:20:24 --> Session: Class initialized using 'CodeIgniter\Session\Handlers\FileHandler' driver.
DEBUG - 2025-12-25 09:20:29 --> Session: Class initialized using 'CodeIgniter\Session\Handlers\FileHandler' driver.
DEBUG - 2025-12-25 09:20:31 --> Session: Class initialized using 'CodeIgniter\Session\Handlers\FileHandler' driver.
DEBUG - 2025-12-25 09:20:35 --> Session: Class initialized using 'CodeIgniter\Session\Handlers\FileHandler' driver.
DEBUG - 2025-12-25 09:20:41 --> Session: Class initialized using 'CodeIgniter\Session\Handlers\FileHandler' driver.
DEBUG - 2025-12-25 09:20:44 --> Session: Class initialized using 'CodeIgniter\Session\Handlers\FileHandler' driver.
DEBUG - 2025-12-25 09:20:46 --> Session: Class initialized using 'CodeIgniter\Session\Handlers\FileHandler' driver.
DEBUG - 2025-12-25 09:20:47 --> Session: Class initialized using 'CodeIgniter\Session\Handlers\FileHandler' driver.
DEBUG - 2025-12-25 09:20:49 --> Session: Class initialized using 'CodeIgniter\Session\Handlers\FileHandler' driver.
DEBUG - 2025-12-25 09:20:51 --> Session: Class initialized using 'CodeIgniter\Session\Handlers\FileHandler' driver.
DEBUG - 2025-12-25 09:20:53 --> Session: Class initialized using 'CodeIgniter\Session\Handlers\FileHandler' driver.
DEBUG - 2025-12-25 09:20:55 --> Session: Class initialized using 'CodeIgniter\Session\Handlers\FileHandler' driver.
DEBUG - 2025-12-25 09:21:00 --> Session: Class initialized using 'CodeIgniter\Session\Handlers\FileHandler' driver.
DEBUG - 2025-12-25 09:21:01 --> Session: Class initialized using 'CodeIgniter\Session\Handlers\FileHandler' driver.
DEBUG - 2025-12-25 09:21:15 --> Session: Class initialized using 'CodeIgniter\Session\Handlers\FileHandler' driver.
DEBUG - 2025-12-25 09:21:15 --> Session: Class initialized using 'CodeIgniter\Session\Handlers\FileHandler' driver.
DEBUG - 2025-12-25 09:21:19 --> Session: Class initialized using 'CodeIgniter\Session\Handlers\FileHandler' driver.
DEBUG - 2025-12-25 09:21:21 --> Session: Class initialized using 'CodeIgniter\Session\Handlers\FileHandler' driver.
DEBUG - 2025-12-25 09:23:16 --> Session: Class initialized using 'CodeIgniter\Session\Handlers\FileHandler' driver.
DEBUG - 2025-12-25 09:23:48 --> Session: Class initialized using 'CodeIgniter\Session\Handlers\FileHandler' driver.
DEBUG - 2025-12-25 09:23:52 --> Session: Class initialized using 'CodeIgniter\Session\Handlers\FileHandler' driver.
DEBUG - 2025-12-25 09:23:55 --> Session: Class initialized using 'CodeIgniter\Session\Handlers\FileHandler' driver.
DEBUG - 2025-12-25 09:23:57 --> Session: Class initialized using 'CodeIgniter\Session\Handlers\FileHandler' driver.
DEBUG - 2025-12-25 09:26:22 --> Session: Class initialized using 'CodeIgniter\Session\Handlers\FileHandler' driver.
DEBUG - 2025-12-25 09:26:22 --> Session: Class initialized using 'CodeIgniter\Session\Handlers\FileHandler' driver.
DEBUG - 2025-12-25 09:26:31 --> Session: Class initialized using 'CodeIgniter\Session\Handlers\FileHandler' driver.
DEBUG - 2025-12-25 09:26:32 --> Session: Class initialized using 'CodeIgniter\Session\Handlers\FileHandler' driver.
DEBUG - 2025-12-25 09:26:43 --> Session: Class initialized using 'CodeIgniter\Session\Handlers\FileHandler' driver.
DEBUG - 2025-12-25 09:26:54 --> Session: Class initialized using 'CodeIgniter\Session\Handlers\FileHandler' driver.
DEBUG - 2025-12-25 09:27:14 --> Session: Class initialized using 'CodeIgniter\Session\Handlers\FileHandler' driver.
DEBUG - 2025-12-25 09:27:23 --> Session: Class initialized using 'CodeIgniter\Session\Handlers\FileHandler' driver.
DEBUG - 2025-12-25 09:27:29 --> Session: Class initialized using 'CodeIgniter\Session\Handlers\FileHandler' driver.
DEBUG - 2025-12-25 09:27:37 --> Session: Class initialized using 'CodeIgniter\Session\Handlers\FileHandler' driver.
DEBUG - 2025-12-25 09:27:38 --> Session: Class initialized using 'CodeIgniter\Session\Handlers\FileHandler' driver.
DEBUG - 2025-12-25 09:28:00 --> Session: Class initialized using 'CodeIgniter\Session\Handlers\FileHandler' driver.
DEBUG - 2025-12-25 09:28:03 --> Session: Class initialized using 'CodeIgniter\Session\Handlers\FileHandler' driver.
DEBUG - 2025-12-25 09:28:05 --> Session: Class initialized using 'CodeIgniter\Session\Handlers\FileHandler' driver.
DEBUG - 2025-12-25 09:28:06 --> Session: Class initialized using 'CodeIgniter\Session\Handlers\FileHandler' driver.
DEBUG - 2025-12-25 09:28:15 --> Session: Class initialized using 'CodeIgniter\Session\Handlers\FileHandler' driver.
DEBUG - 2025-12-25 09:28:15 --> Session: Class initialized using 'CodeIgniter\Session\Handlers\FileHandler' driver.
DEBUG - 2025-12-25 09:28:30 --> Session: Class initialized using 'CodeIgniter\Session\Handlers\FileHandler' driver.
DEBUG - 2025-12-25 09:28:34 --> Session: Class initialized using 'CodeIgniter\Session\Handlers\FileHandler' driver.
DEBUG - 2025-12-25 09:28:51 --> Session: Class initialized using 'CodeIgniter\Session\Handlers\FileHandler' driver.
DEBUG - 2025-12-25 09:28:55 --> Session: Class initialized using 'CodeIgniter\Session\Handlers\FileHandler' driver.
DEBUG - 2025-12-25 09:28:57 --> Session: Class initialized using 'CodeIgniter\Session\Handlers\FileHandler' driver.
DEBUG - 2025-12-25 09:28:59 --> Session: Class initialized using 'CodeIgniter\Session\Handlers\FileHandler' driver.
DEBUG - 2025-12-25 09:30:24 --> Session: Class initialized using 'CodeIgniter\Session\Handlers\FileHandler' driver.
DEBUG - 2025-12-25 09:30:27 --> Session: Class initialized using 'CodeIgniter\Session\Handlers\FileHandler' driver.
DEBUG - 2025-12-25 09:30:27 --> Session: Class initialized using 'CodeIgniter\Session\Handlers\FileHandler' driver.
DEBUG - 2025-12-25 09:30:36 --> Session: Class initialized using 'CodeIgniter\Session\Handlers\FileHandler' driver.
DEBUG - 2025-12-25 09:30:36 --> Session: Class initialized using 'CodeIgniter\Session\Handlers\FileHandler' driver.
DEBUG - 2025-12-25 09:30:39 --> Session: Class initialized using 'CodeIgniter\Session\Handlers\FileHandler' driver.
DEBUG - 2025-12-25 09:36:36 --> Session: Class initialized using 'CodeIgniter\Session\Handlers\FileHandler' driver.
DEBUG - 2025-12-25 09:37:15 --> Session: Class initialized using 'CodeIgniter\Session\Handlers\FileHandler' driver.
ERROR - 2025-12-25 09:37:15 --> mysqli_sql_exception: Cannot add or update a child row: a foreign key constraint fails (`sistem_informasi_percetakan`.`transaksi`, CONSTRAINT `transaksi_ibfk_1` FOREIGN KEY (`pelanggan_id`) REFERENCES `pelanggan` (`id`)) in C:\xampp\htdocs\sistem_informasi_percetakan\system\Database\MySQLi\Connection.php:327
Stack trace:
#0 C:\xampp\htdocs\sistem_informasi_percetakan\system\Database\MySQLi\Connection.php(327): mysqli->query('INSERT INTO `tr...', 0)
#1 C:\xampp\htdocs\sistem_informasi_percetakan\system\Database\BaseConnection.php(729): CodeIgniter\Database\MySQLi\Connection->execute('INSERT INTO `tr...')
#2 C:\xampp\htdocs\sistem_informasi_percetakan\system\Database\BaseConnection.php(646): CodeIgniter\Database\BaseConnection->simpleQuery('INSERT INTO `tr...')
#3 C:\xampp\htdocs\sistem_informasi_percetakan\system\Database\BaseBuilder.php(2345): CodeIgniter\Database\BaseConnection->query('INSERT INTO `tr...', Array, false)
#4 C:\xampp\htdocs\sistem_informasi_percetakan\system\Model.php(394): CodeIgniter\Database\BaseBuilder->insert()
#5 C:\xampp\htdocs\sistem_informasi_percetakan\system\BaseModel.php(838): CodeIgniter\Model->doInsert(Array)
#6 C:\xampp\htdocs\sistem_informasi_percetakan\system\Model.php(797): CodeIgniter\BaseModel->insert(Array, true)
#7 C:\xampp\htdocs\sistem_informasi_percetakan\app\Controllers\BaseResourceController.php(23): CodeIgniter\Model->insert(Array)
#8 C:\xampp\htdocs\sistem_informasi_percetakan\system\CodeIgniter.php(933): App\Controllers\BaseResourceController->create()
#9 C:\xampp\htdocs\sistem_informasi_percetakan\system\CodeIgniter.php(507): CodeIgniter\CodeIgniter->runController(Object(App\Controllers\Karyawan\TransaksiController))
#10 C:\xampp\htdocs\sistem_informasi_percetakan\system\CodeIgniter.php(354): CodeIgniter\CodeIgniter->handleRequest(NULL, Object(Config\Cache), false)
#11 C:\xampp\htdocs\sistem_informasi_percetakan\system\Boot.php(363): CodeIgniter\CodeIgniter->run()
#12 C:\xampp\htdocs\sistem_informasi_percetakan\system\Boot.php(68): CodeIgniter\Boot::runCodeIgniter(Object(CodeIgniter\CodeIgniter))
#13 C:\xampp\htdocs\sistem_informasi_percetakan\public\index.php(59): CodeIgniter\Boot::bootWeb(Object(Config\Paths))
#14 C:\xampp\htdocs\sistem_informasi_percetakan\system\rewrite.php(44): require_once('C:\\xampp\\htdocs...')
#15 {main}
CRITICAL - 2025-12-25 09:37:15 --> CodeIgniter\Database\Exceptions\DatabaseException: Cannot add or update a child row: a foreign key constraint fails (`sistem_informasi_percetakan`.`transaksi`, CONSTRAINT `transaksi_ibfk_1` FOREIGN KEY (`pelanggan_id`) REFERENCES `pelanggan` (`id`))
[Method: POST, Route: karyawan/transaksi]
in SYSTEMPATH\Database\BaseConnection.php on line 684.
 1 SYSTEMPATH\Database\BaseBuilder.php(2345): CodeIgniter\Database\BaseConnection->query('INSERT INTO `transaksi` (`kode`, `pelanggan_id`, `tanggal`, `status`, `catatan`, `created_at`, `updated_at`) VALUES (:kode:, :pelanggan_id:, :tanggal:, :status:, :catatan:, :created_at:, :updated_at:)', [...], false)
 2 SYSTEMPATH\Model.php(394): CodeIgniter\Database\BaseBuilder->insert()
 3 SYSTEMPATH\BaseModel.php(838): CodeIgniter\Model->doInsert([...])
 4 SYSTEMPATH\Model.php(797): CodeIgniter\BaseModel->insert([...], true)
 5 APPPATH\Controllers\BaseResourceController.php(23): CodeIgniter\Model->insert([...])
 6 SYSTEMPATH\CodeIgniter.php(933): App\Controllers\BaseResourceController->create()
 7 SYSTEMPATH\CodeIgniter.php(507): CodeIgniter\CodeIgniter->runController(Object(App\Controllers\Karyawan\TransaksiController))
 8 SYSTEMPATH\CodeIgniter.php(354): CodeIgniter\CodeIgniter->handleRequest(null, Object(Config\Cache), false)
 9 SYSTEMPATH\Boot.php(363): CodeIgniter\CodeIgniter->run()
10 SYSTEMPATH\Boot.php(68): CodeIgniter\Boot::runCodeIgniter(Object(CodeIgniter\CodeIgniter))
11 FCPATH\index.php(59): CodeIgniter\Boot::bootWeb(Object(Config\Paths))
12 SYSTEMPATH\rewrite.php(44): require_once('C:\\xampp\\htdocs\\sistem_informasi_percetakan\\public\\index.php')
CRITICAL - 2025-12-25 09:37:15 --> [Caused by] CodeIgniter\Database\Exceptions\DatabaseException: Cannot add or update a child row: a foreign key constraint fails (`sistem_informasi_percetakan`.`transaksi`, CONSTRAINT `transaksi_ibfk_1` FOREIGN KEY (`pelanggan_id`) REFERENCES `pelanggan` (`id`))
in SYSTEMPATH\Database\MySQLi\Connection.php on line 332.
 1 SYSTEMPATH\Database\BaseConnection.php(729): CodeIgniter\Database\MySQLi\Connection->execute('INSERT INTO `transaksi` (`kode`, `pelanggan_id`, `tanggal`, `status`, `catatan`, `created_at`, `updated_at`) VALUES (\'0008\', \'0909\', \'2025-12-17T19:38\', \'proses\', \'seger\', \'2025-12-25 09:37:15\', \'2025-12-25 09:37:15\')')
 2 SYSTEMPATH\Database\BaseConnection.php(646): CodeIgniter\Database\BaseConnection->simpleQuery('INSERT INTO `transaksi` (`kode`, `pelanggan_id`, `tanggal`, `status`, `catatan`, `created_at`, `updated_at`) VALUES (\'0008\', \'0909\', \'2025-12-17T19:38\', \'proses\', \'seger\', \'2025-12-25 09:37:15\', \'2025-12-25 09:37:15\')')
 3 SYSTEMPATH\Database\BaseBuilder.php(2345): CodeIgniter\Database\BaseConnection->query('INSERT INTO `transaksi` (`kode`, `pelanggan_id`, `tanggal`, `status`, `catatan`, `created_at`, `updated_at`) VALUES (:kode:, :pelanggan_id:, :tanggal:, :status:, :catatan:, :created_at:, :updated_at:)', [...], false)
 4 SYSTEMPATH\Model.php(394): CodeIgniter\Database\BaseBuilder->insert()
 5 SYSTEMPATH\BaseModel.php(838): CodeIgniter\Model->doInsert([...])
 6 SYSTEMPATH\Model.php(797): CodeIgniter\BaseModel->insert([...], true)
 7 APPPATH\Controllers\BaseResourceController.php(23): CodeIgniter\Model->insert([...])
 8 SYSTEMPATH\CodeIgniter.php(933): App\Controllers\BaseResourceController->create()
 9 SYSTEMPATH\CodeIgniter.php(507): CodeIgniter\CodeIgniter->runController(Object(App\Controllers\Karyawan\TransaksiController))
10 SYSTEMPATH\CodeIgniter.php(354): CodeIgniter\CodeIgniter->handleRequest(null, Object(Config\Cache), false)
11 SYSTEMPATH\Boot.php(363): CodeIgniter\CodeIgniter->run()
12 SYSTEMPATH\Boot.php(68): CodeIgniter\Boot::runCodeIgniter(Object(CodeIgniter\CodeIgniter))
13 FCPATH\index.php(59): CodeIgniter\Boot::bootWeb(Object(Config\Paths))
14 SYSTEMPATH\rewrite.php(44): require_once('C:\\xampp\\htdocs\\sistem_informasi_percetakan\\public\\index.php')
CRITICAL - 2025-12-25 09:37:15 --> [Caused by] mysqli_sql_exception: Cannot add or update a child row: a foreign key constraint fails (`sistem_informasi_percetakan`.`transaksi`, CONSTRAINT `transaksi_ibfk_1` FOREIGN KEY (`pelanggan_id`) REFERENCES `pelanggan` (`id`))
in SYSTEMPATH\Database\MySQLi\Connection.php on line 327.
 1 SYSTEMPATH\Database\MySQLi\Connection.php(327): mysqli->query('INSERT INTO `transaksi` (`kode`, `pelanggan_id`, `tanggal`, `status`, `catatan`, `created_at`, `updated_at`) VALUES (\'0008\', \'0909\', \'2025-12-17T19:38\', \'proses\', \'seger\', \'2025-12-25 09:37:15\', \'2025-12-25 09:37:15\')', 0)
 2 SYSTEMPATH\Database\BaseConnection.php(729): CodeIgniter\Database\MySQLi\Connection->execute('INSERT INTO `transaksi` (`kode`, `pelanggan_id`, `tanggal`, `status`, `catatan`, `created_at`, `updated_at`) VALUES (\'0008\', \'0909\', \'2025-12-17T19:38\', \'proses\', \'seger\', \'2025-12-25 09:37:15\', \'2025-12-25 09:37:15\')')
 3 SYSTEMPATH\Database\BaseConnection.php(646): CodeIgniter\Database\BaseConnection->simpleQuery('INSERT INTO `transaksi` (`kode`, `pelanggan_id`, `tanggal`, `status`, `catatan`, `created_at`, `updated_at`) VALUES (\'0008\', \'0909\', \'2025-12-17T19:38\', \'proses\', \'seger\', \'2025-12-25 09:37:15\', \'2025-12-25 09:37:15\')')
 4 SYSTEMPATH\Database\BaseBuilder.php(2345): CodeIgniter\Database\BaseConnection->query('INSERT INTO `transaksi` (`kode`, `pelanggan_id`, `tanggal`, `status`, `catatan`, `created_at`, `updated_at`) VALUES (:kode:, :pelanggan_id:, :tanggal:, :status:, :catatan:, :created_at:, :updated_at:)', [...], false)
 5 SYSTEMPATH\Model.php(394): CodeIgniter\Database\BaseBuilder->insert()
 6 SYSTEMPATH\BaseModel.php(838): CodeIgniter\Model->doInsert([...])
 7 SYSTEMPATH\Model.php(797): CodeIgniter\BaseModel->insert([...], true)
 8 APPPATH\Controllers\BaseResourceController.php(23): CodeIgniter\Model->insert([...])
 9 SYSTEMPATH\CodeIgniter.php(933): App\Controllers\BaseResourceController->create()
10 SYSTEMPATH\CodeIgniter.php(507): CodeIgniter\CodeIgniter->runController(Object(App\Controllers\Karyawan\TransaksiController))
11 SYSTEMPATH\CodeIgniter.php(354): CodeIgniter\CodeIgniter->handleRequest(null, Object(Config\Cache), false)
12 SYSTEMPATH\Boot.php(363): CodeIgniter\CodeIgniter->run()
13 SYSTEMPATH\Boot.php(68): CodeIgniter\Boot::runCodeIgniter(Object(CodeIgniter\CodeIgniter))
14 FCPATH\index.php(59): CodeIgniter\Boot::bootWeb(Object(Config\Paths))
15 SYSTEMPATH\rewrite.php(44): require_once('C:\\xampp\\htdocs\\sistem_informasi_percetakan\\public\\index.php')
DEBUG - 2025-12-25 09:38:41 --> Session: Class initialized using 'CodeIgniter\Session\Handlers\FileHandler' driver.
ERROR - 2025-12-25 09:38:41 --> mysqli_sql_exception: Cannot add or update a child row: a foreign key constraint fails (`sistem_informasi_percetakan`.`transaksi`, CONSTRAINT `transaksi_ibfk_1` FOREIGN KEY (`pelanggan_id`) REFERENCES `pelanggan` (`id`)) in C:\xampp\htdocs\sistem_informasi_percetakan\system\Database\MySQLi\Connection.php:327
Stack trace:
#0 C:\xampp\htdocs\sistem_informasi_percetakan\system\Database\MySQLi\Connection.php(327): mysqli->query('INSERT INTO `tr...', 0)
#1 C:\xampp\htdocs\sistem_informasi_percetakan\system\Database\BaseConnection.php(729): CodeIgniter\Database\MySQLi\Connection->execute('INSERT INTO `tr...')
#2 C:\xampp\htdocs\sistem_informasi_percetakan\system\Database\BaseConnection.php(646): CodeIgniter\Database\BaseConnection->simpleQuery('INSERT INTO `tr...')
#3 C:\xampp\htdocs\sistem_informasi_percetakan\system\Database\BaseBuilder.php(2345): CodeIgniter\Database\BaseConnection->query('INSERT INTO `tr...', Array, false)
#4 C:\xampp\htdocs\sistem_informasi_percetakan\system\Model.php(394): CodeIgniter\Database\BaseBuilder->insert()
#5 C:\xampp\htdocs\sistem_informasi_percetakan\system\BaseModel.php(838): CodeIgniter\Model->doInsert(Array)
#6 C:\xampp\htdocs\sistem_informasi_percetakan\system\Model.php(797): CodeIgniter\BaseModel->insert(Array, true)
#7 C:\xampp\htdocs\sistem_informasi_percetakan\app\Controllers\BaseResourceController.php(23): CodeIgniter\Model->insert(Array)
#8 C:\xampp\htdocs\sistem_informasi_percetakan\system\CodeIgniter.php(933): App\Controllers\BaseResourceController->create()
#9 C:\xampp\htdocs\sistem_informasi_percetakan\system\CodeIgniter.php(507): CodeIgniter\CodeIgniter->runController(Object(App\Controllers\Karyawan\TransaksiController))
#10 C:\xampp\htdocs\sistem_informasi_percetakan\system\CodeIgniter.php(354): CodeIgniter\CodeIgniter->handleRequest(NULL, Object(Config\Cache), false)
#11 C:\xampp\htdocs\sistem_informasi_percetakan\system\Boot.php(363): CodeIgniter\CodeIgniter->run()
#12 C:\xampp\htdocs\sistem_informasi_percetakan\system\Boot.php(68): CodeIgniter\Boot::runCodeIgniter(Object(CodeIgniter\CodeIgniter))
#13 C:\xampp\htdocs\sistem_informasi_percetakan\public\index.php(59): CodeIgniter\Boot::bootWeb(Object(Config\Paths))
#14 C:\xampp\htdocs\sistem_informasi_percetakan\system\rewrite.php(44): require_once('C:\\xampp\\htdocs...')
#15 {main}
CRITICAL - 2025-12-25 09:38:41 --> CodeIgniter\Database\Exceptions\DatabaseException: Cannot add or update a child row: a foreign key constraint fails (`sistem_informasi_percetakan`.`transaksi`, CONSTRAINT `transaksi_ibfk_1` FOREIGN KEY (`pelanggan_id`) REFERENCES `pelanggan` (`id`))
[Method: POST, Route: karyawan/transaksi]
in SYSTEMPATH\Database\BaseConnection.php on line 684.
 1 SYSTEMPATH\Database\BaseBuilder.php(2345): CodeIgniter\Database\BaseConnection->query('INSERT INTO `transaksi` (`kode`, `pelanggan_id`, `tanggal`, `status`, `catatan`, `created_at`, `updated_at`) VALUES (:kode:, :pelanggan_id:, :tanggal:, :status:, :catatan:, :created_at:, :updated_at:)', [...], false)
 2 SYSTEMPATH\Model.php(394): CodeIgniter\Database\BaseBuilder->insert()
 3 SYSTEMPATH\BaseModel.php(838): CodeIgniter\Model->doInsert([...])
 4 SYSTEMPATH\Model.php(797): CodeIgniter\BaseModel->insert([...], true)
 5 APPPATH\Controllers\BaseResourceController.php(23): CodeIgniter\Model->insert([...])
 6 SYSTEMPATH\CodeIgniter.php(933): App\Controllers\BaseResourceController->create()
 7 SYSTEMPATH\CodeIgniter.php(507): CodeIgniter\CodeIgniter->runController(Object(App\Controllers\Karyawan\TransaksiController))
 8 SYSTEMPATH\CodeIgniter.php(354): CodeIgniter\CodeIgniter->handleRequest(null, Object(Config\Cache), false)
 9 SYSTEMPATH\Boot.php(363): CodeIgniter\CodeIgniter->run()
10 SYSTEMPATH\Boot.php(68): CodeIgniter\Boot::runCodeIgniter(Object(CodeIgniter\CodeIgniter))
11 FCPATH\index.php(59): CodeIgniter\Boot::bootWeb(Object(Config\Paths))
12 SYSTEMPATH\rewrite.php(44): require_once('C:\\xampp\\htdocs\\sistem_informasi_percetakan\\public\\index.php')
CRITICAL - 2025-12-25 09:38:41 --> [Caused by] CodeIgniter\Database\Exceptions\DatabaseException: Cannot add or update a child row: a foreign key constraint fails (`sistem_informasi_percetakan`.`transaksi`, CONSTRAINT `transaksi_ibfk_1` FOREIGN KEY (`pelanggan_id`) REFERENCES `pelanggan` (`id`))
in SYSTEMPATH\Database\MySQLi\Connection.php on line 332.
 1 SYSTEMPATH\Database\BaseConnection.php(729): CodeIgniter\Database\MySQLi\Connection->execute('INSERT INTO `transaksi` (`kode`, `pelanggan_id`, `tanggal`, `status`, `catatan`, `created_at`, `updated_at`) VALUES (\'0008\', \'0909\', \'2025-12-17T19:38\', \'proses\', \'seger\', \'2025-12-25 09:38:41\', \'2025-12-25 09:38:41\')')
 2 SYSTEMPATH\Database\BaseConnection.php(646): CodeIgniter\Database\BaseConnection->simpleQuery('INSERT INTO `transaksi` (`kode`, `pelanggan_id`, `tanggal`, `status`, `catatan`, `created_at`, `updated_at`) VALUES (\'0008\', \'0909\', \'2025-12-17T19:38\', \'proses\', \'seger\', \'2025-12-25 09:38:41\', \'2025-12-25 09:38:41\')')
 3 SYSTEMPATH\Database\BaseBuilder.php(2345): CodeIgniter\Database\BaseConnection->query('INSERT INTO `transaksi` (`kode`, `pelanggan_id`, `tanggal`, `status`, `catatan`, `created_at`, `updated_at`) VALUES (:kode:, :pelanggan_id:, :tanggal:, :status:, :catatan:, :created_at:, :updated_at:)', [...], false)
 4 SYSTEMPATH\Model.php(394): CodeIgniter\Database\BaseBuilder->insert()
 5 SYSTEMPATH\BaseModel.php(838): CodeIgniter\Model->doInsert([...])
 6 SYSTEMPATH\Model.php(797): CodeIgniter\BaseModel->insert([...], true)
 7 APPPATH\Controllers\BaseResourceController.php(23): CodeIgniter\Model->insert([...])
 8 SYSTEMPATH\CodeIgniter.php(933): App\Controllers\BaseResourceController->create()
 9 SYSTEMPATH\CodeIgniter.php(507): CodeIgniter\CodeIgniter->runController(Object(App\Controllers\Karyawan\TransaksiController))
10 SYSTEMPATH\CodeIgniter.php(354): CodeIgniter\CodeIgniter->handleRequest(null, Object(Config\Cache), false)
11 SYSTEMPATH\Boot.php(363): CodeIgniter\CodeIgniter->run()
12 SYSTEMPATH\Boot.php(68): CodeIgniter\Boot::runCodeIgniter(Object(CodeIgniter\CodeIgniter))
13 FCPATH\index.php(59): CodeIgniter\Boot::bootWeb(Object(Config\Paths))
14 SYSTEMPATH\rewrite.php(44): require_once('C:\\xampp\\htdocs\\sistem_informasi_percetakan\\public\\index.php')
CRITICAL - 2025-12-25 09:38:41 --> [Caused by] mysqli_sql_exception: Cannot add or update a child row: a foreign key constraint fails (`sistem_informasi_percetakan`.`transaksi`, CONSTRAINT `transaksi_ibfk_1` FOREIGN KEY (`pelanggan_id`) REFERENCES `pelanggan` (`id`))
in SYSTEMPATH\Database\MySQLi\Connection.php on line 327.
 1 SYSTEMPATH\Database\MySQLi\Connection.php(327): mysqli->query('INSERT INTO `transaksi` (`kode`, `pelanggan_id`, `tanggal`, `status`, `catatan`, `created_at`, `updated_at`) VALUES (\'0008\', \'0909\', \'2025-12-17T19:38\', \'proses\', \'seger\', \'2025-12-25 09:38:41\', \'2025-12-25 09:38:41\')', 0)
 2 SYSTEMPATH\Database\BaseConnection.php(729): CodeIgniter\Database\MySQLi\Connection->execute('INSERT INTO `transaksi` (`kode`, `pelanggan_id`, `tanggal`, `status`, `catatan`, `created_at`, `updated_at`) VALUES (\'0008\', \'0909\', \'2025-12-17T19:38\', \'proses\', \'seger\', \'2025-12-25 09:38:41\', \'2025-12-25 09:38:41\')')
 3 SYSTEMPATH\Database\BaseConnection.php(646): CodeIgniter\Database\BaseConnection->simpleQuery('INSERT INTO `transaksi` (`kode`, `pelanggan_id`, `tanggal`, `status`, `catatan`, `created_at`, `updated_at`) VALUES (\'0008\', \'0909\', \'2025-12-17T19:38\', \'proses\', \'seger\', \'2025-12-25 09:38:41\', \'2025-12-25 09:38:41\')')
 4 SYSTEMPATH\Database\BaseBuilder.php(2345): CodeIgniter\Database\BaseConnection->query('INSERT INTO `transaksi` (`kode`, `pelanggan_id`, `tanggal`, `status`, `catatan`, `created_at`, `updated_at`) VALUES (:kode:, :pelanggan_id:, :tanggal:, :status:, :catatan:, :created_at:, :updated_at:)', [...], false)
 5 SYSTEMPATH\Model.php(394): CodeIgniter\Database\BaseBuilder->insert()
 6 SYSTEMPATH\BaseModel.php(838): CodeIgniter\Model->doInsert([...])
 7 SYSTEMPATH\Model.php(797): CodeIgniter\BaseModel->insert([...], true)
 8 APPPATH\Controllers\BaseResourceController.php(23): CodeIgniter\Model->insert([...])
 9 SYSTEMPATH\CodeIgniter.php(933): App\Controllers\BaseResourceController->create()
10 SYSTEMPATH\CodeIgniter.php(507): CodeIgniter\CodeIgniter->runController(Object(App\Controllers\Karyawan\TransaksiController))
11 SYSTEMPATH\CodeIgniter.php(354): CodeIgniter\CodeIgniter->handleRequest(null, Object(Config\Cache), false)
12 SYSTEMPATH\Boot.php(363): CodeIgniter\CodeIgniter->run()
13 SYSTEMPATH\Boot.php(68): CodeIgniter\Boot::runCodeIgniter(Object(CodeIgniter\CodeIgniter))
14 FCPATH\index.php(59): CodeIgniter\Boot::bootWeb(Object(Config\Paths))
15 SYSTEMPATH\rewrite.php(44): require_once('C:\\xampp\\htdocs\\sistem_informasi_percetakan\\public\\index.php')
DEBUG - 2025-12-25 09:40:26 --> Session: Class initialized using 'CodeIgniter\Session\Handlers\FileHandler' driver.
DEBUG - 2025-12-25 09:40:29 --> Session: Class initialized using 'CodeIgniter\Session\Handlers\FileHandler' driver.
DEBUG - 2025-12-25 09:40:31 --> Session: Class initialized using 'CodeIgniter\Session\Handlers\FileHandler' driver.
DEBUG - 2025-12-25 09:40:55 --> Session: Class initialized using 'CodeIgniter\Session\Handlers\FileHandler' driver.
ERROR - 2025-12-25 09:40:55 --> mysqli_sql_exception: Cannot add or update a child row: a foreign key constraint fails (`sistem_informasi_percetakan`.`pembayaran`, CONSTRAINT `pembayaran_ibfk_1` FOREIGN KEY (`transaksi_id`) REFERENCES `transaksi` (`id`) ON DELETE CASCADE) in C:\xampp\htdocs\sistem_informasi_percetakan\system\Database\MySQLi\Connection.php:327
Stack trace:
#0 C:\xampp\htdocs\sistem_informasi_percetakan\system\Database\MySQLi\Connection.php(327): mysqli->query('INSERT INTO `pe...', 0)
#1 C:\xampp\htdocs\sistem_informasi_percetakan\system\Database\BaseConnection.php(729): CodeIgniter\Database\MySQLi\Connection->execute('INSERT INTO `pe...')
#2 C:\xampp\htdocs\sistem_informasi_percetakan\system\Database\BaseConnection.php(646): CodeIgniter\Database\BaseConnection->simpleQuery('INSERT INTO `pe...')
#3 C:\xampp\htdocs\sistem_informasi_percetakan\system\Database\BaseBuilder.php(2345): CodeIgniter\Database\BaseConnection->query('INSERT INTO `pe...', Array, false)
#4 C:\xampp\htdocs\sistem_informasi_percetakan\system\Model.php(394): CodeIgniter\Database\BaseBuilder->insert()
#5 C:\xampp\htdocs\sistem_informasi_percetakan\system\BaseModel.php(838): CodeIgniter\Model->doInsert(Array)
#6 C:\xampp\htdocs\sistem_informasi_percetakan\system\Model.php(797): CodeIgniter\BaseModel->insert(Array, true)
#7 C:\xampp\htdocs\sistem_informasi_percetakan\app\Controllers\BaseResourceController.php(23): CodeIgniter\Model->insert(Array)
#8 C:\xampp\htdocs\sistem_informasi_percetakan\system\CodeIgniter.php(933): App\Controllers\BaseResourceController->create()
#9 C:\xampp\htdocs\sistem_informasi_percetakan\system\CodeIgniter.php(507): CodeIgniter\CodeIgniter->runController(Object(App\Controllers\Karyawan\PembayaranController))
#10 C:\xampp\htdocs\sistem_informasi_percetakan\system\CodeIgniter.php(354): CodeIgniter\CodeIgniter->handleRequest(NULL, Object(Config\Cache), false)
#11 C:\xampp\htdocs\sistem_informasi_percetakan\system\Boot.php(363): CodeIgniter\CodeIgniter->run()
#12 C:\xampp\htdocs\sistem_informasi_percetakan\system\Boot.php(68): CodeIgniter\Boot::runCodeIgniter(Object(CodeIgniter\CodeIgniter))
#13 C:\xampp\htdocs\sistem_informasi_percetakan\public\index.php(59): CodeIgniter\Boot::bootWeb(Object(Config\Paths))
#14 C:\xampp\htdocs\sistem_informasi_percetakan\system\rewrite.php(44): require_once('C:\\xampp\\htdocs...')
#15 {main}
CRITICAL - 2025-12-25 09:40:55 --> CodeIgniter\Database\Exceptions\DatabaseException: Cannot add or update a child row: a foreign key constraint fails (`sistem_informasi_percetakan`.`pembayaran`, CONSTRAINT `pembayaran_ibfk_1` FOREIGN KEY (`transaksi_id`) REFERENCES `transaksi` (`id`) ON DELETE CASCADE)
[Method: POST, Route: karyawan/pembayaran]
in SYSTEMPATH\Database\BaseConnection.php on line 684.
 1 SYSTEMPATH\Database\BaseBuilder.php(2345): CodeIgniter\Database\BaseConnection->query('INSERT INTO `pembayaran` (`transaksi_id`, `tanggal`, `metode`, `nominal`, `keterangan`) VALUES (:transaksi_id:, :tanggal:, :metode:, :nominal:, :keterangan:)', [...], false)
 2 SYSTEMPATH\Model.php(394): CodeIgniter\Database\BaseBuilder->insert()
 3 SYSTEMPATH\BaseModel.php(838): CodeIgniter\Model->doInsert([...])
 4 SYSTEMPATH\Model.php(797): CodeIgniter\BaseModel->insert([...], true)
 5 APPPATH\Controllers\BaseResourceController.php(23): CodeIgniter\Model->insert([...])
 6 SYSTEMPATH\CodeIgniter.php(933): App\Controllers\BaseResourceController->create()
 7 SYSTEMPATH\CodeIgniter.php(507): CodeIgniter\CodeIgniter->runController(Object(App\Controllers\Karyawan\PembayaranController))
 8 SYSTEMPATH\CodeIgniter.php(354): CodeIgniter\CodeIgniter->handleRequest(null, Object(Config\Cache), false)
 9 SYSTEMPATH\Boot.php(363): CodeIgniter\CodeIgniter->run()
10 SYSTEMPATH\Boot.php(68): CodeIgniter\Boot::runCodeIgniter(Object(CodeIgniter\CodeIgniter))
11 FCPATH\index.php(59): CodeIgniter\Boot::bootWeb(Object(Config\Paths))
12 SYSTEMPATH\rewrite.php(44): require_once('C:\\xampp\\htdocs\\sistem_informasi_percetakan\\public\\index.php')
CRITICAL - 2025-12-25 09:40:55 --> [Caused by] CodeIgniter\Database\Exceptions\DatabaseException: Cannot add or update a child row: a foreign key constraint fails (`sistem_informasi_percetakan`.`pembayaran`, CONSTRAINT `pembayaran_ibfk_1` FOREIGN KEY (`transaksi_id`) REFERENCES `transaksi` (`id`) ON DELETE CASCADE)
in SYSTEMPATH\Database\MySQLi\Connection.php on line 332.
 1 SYSTEMPATH\Database\BaseConnection.php(729): CodeIgniter\Database\MySQLi\Connection->execute('INSERT INTO `pembayaran` (`transaksi_id`, `tanggal`, `metode`, `nominal`, `keterangan`) VALUES (\'1\', \'2025-12-12T16:40\', \'transfer\', \'2500000\', \'segera ya pak\')')
 2 SYSTEMPATH\Database\BaseConnection.php(646): CodeIgniter\Database\BaseConnection->simpleQuery('INSERT INTO `pembayaran` (`transaksi_id`, `tanggal`, `metode`, `nominal`, `keterangan`) VALUES (\'1\', \'2025-12-12T16:40\', \'transfer\', \'2500000\', \'segera ya pak\')')
 3 SYSTEMPATH\Database\BaseBuilder.php(2345): CodeIgniter\Database\BaseConnection->query('INSERT INTO `pembayaran` (`transaksi_id`, `tanggal`, `metode`, `nominal`, `keterangan`) VALUES (:transaksi_id:, :tanggal:, :metode:, :nominal:, :keterangan:)', [...], false)
 4 SYSTEMPATH\Model.php(394): CodeIgniter\Database\BaseBuilder->insert()
 5 SYSTEMPATH\BaseModel.php(838): CodeIgniter\Model->doInsert([...])
 6 SYSTEMPATH\Model.php(797): CodeIgniter\BaseModel->insert([...], true)
 7 APPPATH\Controllers\BaseResourceController.php(23): CodeIgniter\Model->insert([...])
 8 SYSTEMPATH\CodeIgniter.php(933): App\Controllers\BaseResourceController->create()
 9 SYSTEMPATH\CodeIgniter.php(507): CodeIgniter\CodeIgniter->runController(Object(App\Controllers\Karyawan\PembayaranController))
10 SYSTEMPATH\CodeIgniter.php(354): CodeIgniter\CodeIgniter->handleRequest(null, Object(Config\Cache), false)
11 SYSTEMPATH\Boot.php(363): CodeIgniter\CodeIgniter->run()
12 SYSTEMPATH\Boot.php(68): CodeIgniter\Boot::runCodeIgniter(Object(CodeIgniter\CodeIgniter))
13 FCPATH\index.php(59): CodeIgniter\Boot::bootWeb(Object(Config\Paths))
14 SYSTEMPATH\rewrite.php(44): require_once('C:\\xampp\\htdocs\\sistem_informasi_percetakan\\public\\index.php')
CRITICAL - 2025-12-25 09:40:55 --> [Caused by] mysqli_sql_exception: Cannot add or update a child row: a foreign key constraint fails (`sistem_informasi_percetakan`.`pembayaran`, CONSTRAINT `pembayaran_ibfk_1` FOREIGN KEY (`transaksi_id`) REFERENCES `transaksi` (`id`) ON DELETE CASCADE)
in SYSTEMPATH\Database\MySQLi\Connection.php on line 327.
 1 SYSTEMPATH\Database\MySQLi\Connection.php(327): mysqli->query('INSERT INTO `pembayaran` (`transaksi_id`, `tanggal`, `metode`, `nominal`, `keterangan`) VALUES (\'1\', \'2025-12-12T16:40\', \'transfer\', \'2500000\', \'segera ya pak\')', 0)
 2 SYSTEMPATH\Database\BaseConnection.php(729): CodeIgniter\Database\MySQLi\Connection->execute('INSERT INTO `pembayaran` (`transaksi_id`, `tanggal`, `metode`, `nominal`, `keterangan`) VALUES (\'1\', \'2025-12-12T16:40\', \'transfer\', \'2500000\', \'segera ya pak\')')
 3 SYSTEMPATH\Database\BaseConnection.php(646): CodeIgniter\Database\BaseConnection->simpleQuery('INSERT INTO `pembayaran` (`transaksi_id`, `tanggal`, `metode`, `nominal`, `keterangan`) VALUES (\'1\', \'2025-12-12T16:40\', \'transfer\', \'2500000\', \'segera ya pak\')')
 4 SYSTEMPATH\Database\BaseBuilder.php(2345): CodeIgniter\Database\BaseConnection->query('INSERT INTO `pembayaran` (`transaksi_id`, `tanggal`, `metode`, `nominal`, `keterangan`) VALUES (:transaksi_id:, :tanggal:, :metode:, :nominal:, :keterangan:)', [...], false)
 5 SYSTEMPATH\Model.php(394): CodeIgniter\Database\BaseBuilder->insert()
 6 SYSTEMPATH\BaseModel.php(838): CodeIgniter\Model->doInsert([...])
 7 SYSTEMPATH\Model.php(797): CodeIgniter\BaseModel->insert([...], true)
 8 APPPATH\Controllers\BaseResourceController.php(23): CodeIgniter\Model->insert([...])
 9 SYSTEMPATH\CodeIgniter.php(933): App\Controllers\BaseResourceController->create()
10 SYSTEMPATH\CodeIgniter.php(507): CodeIgniter\CodeIgniter->runController(Object(App\Controllers\Karyawan\PembayaranController))
11 SYSTEMPATH\CodeIgniter.php(354): CodeIgniter\CodeIgniter->handleRequest(null, Object(Config\Cache), false)
12 SYSTEMPATH\Boot.php(363): CodeIgniter\CodeIgniter->run()
13 SYSTEMPATH\Boot.php(68): CodeIgniter\Boot::runCodeIgniter(Object(CodeIgniter\CodeIgniter))
14 FCPATH\index.php(59): CodeIgniter\Boot::bootWeb(Object(Config\Paths))
15 SYSTEMPATH\rewrite.php(44): require_once('C:\\xampp\\htdocs\\sistem_informasi_percetakan\\public\\index.php')
DEBUG - 2025-12-25 09:41:54 --> Session: Class initialized using 'CodeIgniter\Session\Handlers\FileHandler' driver.
ERROR - 2025-12-25 09:41:54 --> mysqli_sql_exception: Cannot add or update a child row: a foreign key constraint fails (`sistem_informasi_percetakan`.`pembayaran`, CONSTRAINT `pembayaran_ibfk_1` FOREIGN KEY (`transaksi_id`) REFERENCES `transaksi` (`id`) ON DELETE CASCADE) in C:\xampp\htdocs\sistem_informasi_percetakan\system\Database\MySQLi\Connection.php:327
Stack trace:
#0 C:\xampp\htdocs\sistem_informasi_percetakan\system\Database\MySQLi\Connection.php(327): mysqli->query('INSERT INTO `pe...', 0)
#1 C:\xampp\htdocs\sistem_informasi_percetakan\system\Database\BaseConnection.php(729): CodeIgniter\Database\MySQLi\Connection->execute('INSERT INTO `pe...')
#2 C:\xampp\htdocs\sistem_informasi_percetakan\system\Database\BaseConnection.php(646): CodeIgniter\Database\BaseConnection->simpleQuery('INSERT INTO `pe...')
#3 C:\xampp\htdocs\sistem_informasi_percetakan\system\Database\BaseBuilder.php(2345): CodeIgniter\Database\BaseConnection->query('INSERT INTO `pe...', Array, false)
#4 C:\xampp\htdocs\sistem_informasi_percetakan\system\Model.php(394): CodeIgniter\Database\BaseBuilder->insert()
#5 C:\xampp\htdocs\sistem_informasi_percetakan\system\BaseModel.php(838): CodeIgniter\Model->doInsert(Array)
#6 C:\xampp\htdocs\sistem_informasi_percetakan\system\Model.php(797): CodeIgniter\BaseModel->insert(Array, true)
#7 C:\xampp\htdocs\sistem_informasi_percetakan\app\Controllers\BaseResourceController.php(23): CodeIgniter\Model->insert(Array)
#8 C:\xampp\htdocs\sistem_informasi_percetakan\system\CodeIgniter.php(933): App\Controllers\BaseResourceController->create()
#9 C:\xampp\htdocs\sistem_informasi_percetakan\system\CodeIgniter.php(507): CodeIgniter\CodeIgniter->runController(Object(App\Controllers\Karyawan\PembayaranController))
#10 C:\xampp\htdocs\sistem_informasi_percetakan\system\CodeIgniter.php(354): CodeIgniter\CodeIgniter->handleRequest(NULL, Object(Config\Cache), false)
#11 C:\xampp\htdocs\sistem_informasi_percetakan\system\Boot.php(363): CodeIgniter\CodeIgniter->run()
#12 C:\xampp\htdocs\sistem_informasi_percetakan\system\Boot.php(68): CodeIgniter\Boot::runCodeIgniter(Object(CodeIgniter\CodeIgniter))
#13 C:\xampp\htdocs\sistem_informasi_percetakan\public\index.php(59): CodeIgniter\Boot::bootWeb(Object(Config\Paths))
#14 C:\xampp\htdocs\sistem_informasi_percetakan\system\rewrite.php(44): require_once('C:\\xampp\\htdocs...')
#15 {main}
CRITICAL - 2025-12-25 09:41:54 --> CodeIgniter\Database\Exceptions\DatabaseException: Cannot add or update a child row: a foreign key constraint fails (`sistem_informasi_percetakan`.`pembayaran`, CONSTRAINT `pembayaran_ibfk_1` FOREIGN KEY (`transaksi_id`) REFERENCES `transaksi` (`id`) ON DELETE CASCADE)
[Method: POST, Route: karyawan/pembayaran]
in SYSTEMPATH\Database\BaseConnection.php on line 684.
 1 SYSTEMPATH\Database\BaseBuilder.php(2345): CodeIgniter\Database\BaseConnection->query('INSERT INTO `pembayaran` (`transaksi_id`, `tanggal`, `metode`, `nominal`, `keterangan`) VALUES (:transaksi_id:, :tanggal:, :metode:, :nominal:, :keterangan:)', [...], false)
 2 SYSTEMPATH\Model.php(394): CodeIgniter\Database\BaseBuilder->insert()
 3 SYSTEMPATH\BaseModel.php(838): CodeIgniter\Model->doInsert([...])
 4 SYSTEMPATH\Model.php(797): CodeIgniter\BaseModel->insert([...], true)
 5 APPPATH\Controllers\BaseResourceController.php(23): CodeIgniter\Model->insert([...])
 6 SYSTEMPATH\CodeIgniter.php(933): App\Controllers\BaseResourceController->create()
 7 SYSTEMPATH\CodeIgniter.php(507): CodeIgniter\CodeIgniter->runController(Object(App\Controllers\Karyawan\PembayaranController))
 8 SYSTEMPATH\CodeIgniter.php(354): CodeIgniter\CodeIgniter->handleRequest(null, Object(Config\Cache), false)
 9 SYSTEMPATH\Boot.php(363): CodeIgniter\CodeIgniter->run()
10 SYSTEMPATH\Boot.php(68): CodeIgniter\Boot::runCodeIgniter(Object(CodeIgniter\CodeIgniter))
11 FCPATH\index.php(59): CodeIgniter\Boot::bootWeb(Object(Config\Paths))
12 SYSTEMPATH\rewrite.php(44): require_once('C:\\xampp\\htdocs\\sistem_informasi_percetakan\\public\\index.php')
CRITICAL - 2025-12-25 09:41:54 --> [Caused by] CodeIgniter\Database\Exceptions\DatabaseException: Cannot add or update a child row: a foreign key constraint fails (`sistem_informasi_percetakan`.`pembayaran`, CONSTRAINT `pembayaran_ibfk_1` FOREIGN KEY (`transaksi_id`) REFERENCES `transaksi` (`id`) ON DELETE CASCADE)
in SYSTEMPATH\Database\MySQLi\Connection.php on line 332.
 1 SYSTEMPATH\Database\BaseConnection.php(729): CodeIgniter\Database\MySQLi\Connection->execute('INSERT INTO `pembayaran` (`transaksi_id`, `tanggal`, `metode`, `nominal`, `keterangan`) VALUES (\'1\', \'2025-12-12T16:40\', \'transfer\', \'2500000\', \'segera ya pak\')')
 2 SYSTEMPATH\Database\BaseConnection.php(646): CodeIgniter\Database\BaseConnection->simpleQuery('INSERT INTO `pembayaran` (`transaksi_id`, `tanggal`, `metode`, `nominal`, `keterangan`) VALUES (\'1\', \'2025-12-12T16:40\', \'transfer\', \'2500000\', \'segera ya pak\')')
 3 SYSTEMPATH\Database\BaseBuilder.php(2345): CodeIgniter\Database\BaseConnection->query('INSERT INTO `pembayaran` (`transaksi_id`, `tanggal`, `metode`, `nominal`, `keterangan`) VALUES (:transaksi_id:, :tanggal:, :metode:, :nominal:, :keterangan:)', [...], false)
 4 SYSTEMPATH\Model.php(394): CodeIgniter\Database\BaseBuilder->insert()
 5 SYSTEMPATH\BaseModel.php(838): CodeIgniter\Model->doInsert([...])
 6 SYSTEMPATH\Model.php(797): CodeIgniter\BaseModel->insert([...], true)
 7 APPPATH\Controllers\BaseResourceController.php(23): CodeIgniter\Model->insert([...])
 8 SYSTEMPATH\CodeIgniter.php(933): App\Controllers\BaseResourceController->create()
 9 SYSTEMPATH\CodeIgniter.php(507): CodeIgniter\CodeIgniter->runController(Object(App\Controllers\Karyawan\PembayaranController))
10 SYSTEMPATH\CodeIgniter.php(354): CodeIgniter\CodeIgniter->handleRequest(null, Object(Config\Cache), false)
11 SYSTEMPATH\Boot.php(363): CodeIgniter\CodeIgniter->run()
12 SYSTEMPATH\Boot.php(68): CodeIgniter\Boot::runCodeIgniter(Object(CodeIgniter\CodeIgniter))
13 FCPATH\index.php(59): CodeIgniter\Boot::bootWeb(Object(Config\Paths))
14 SYSTEMPATH\rewrite.php(44): require_once('C:\\xampp\\htdocs\\sistem_informasi_percetakan\\public\\index.php')
CRITICAL - 2025-12-25 09:41:54 --> [Caused by] mysqli_sql_exception: Cannot add or update a child row: a foreign key constraint fails (`sistem_informasi_percetakan`.`pembayaran`, CONSTRAINT `pembayaran_ibfk_1` FOREIGN KEY (`transaksi_id`) REFERENCES `transaksi` (`id`) ON DELETE CASCADE)
in SYSTEMPATH\Database\MySQLi\Connection.php on line 327.
 1 SYSTEMPATH\Database\MySQLi\Connection.php(327): mysqli->query('INSERT INTO `pembayaran` (`transaksi_id`, `tanggal`, `metode`, `nominal`, `keterangan`) VALUES (\'1\', \'2025-12-12T16:40\', \'transfer\', \'2500000\', \'segera ya pak\')', 0)
 2 SYSTEMPATH\Database\BaseConnection.php(729): CodeIgniter\Database\MySQLi\Connection->execute('INSERT INTO `pembayaran` (`transaksi_id`, `tanggal`, `metode`, `nominal`, `keterangan`) VALUES (\'1\', \'2025-12-12T16:40\', \'transfer\', \'2500000\', \'segera ya pak\')')
 3 SYSTEMPATH\Database\BaseConnection.php(646): CodeIgniter\Database\BaseConnection->simpleQuery('INSERT INTO `pembayaran` (`transaksi_id`, `tanggal`, `metode`, `nominal`, `keterangan`) VALUES (\'1\', \'2025-12-12T16:40\', \'transfer\', \'2500000\', \'segera ya pak\')')
 4 SYSTEMPATH\Database\BaseBuilder.php(2345): CodeIgniter\Database\BaseConnection->query('INSERT INTO `pembayaran` (`transaksi_id`, `tanggal`, `metode`, `nominal`, `keterangan`) VALUES (:transaksi_id:, :tanggal:, :metode:, :nominal:, :keterangan:)', [...], false)
 5 SYSTEMPATH\Model.php(394): CodeIgniter\Database\BaseBuilder->insert()
 6 SYSTEMPATH\BaseModel.php(838): CodeIgniter\Model->doInsert([...])
 7 SYSTEMPATH\Model.php(797): CodeIgniter\BaseModel->insert([...], true)
 8 APPPATH\Controllers\BaseResourceController.php(23): CodeIgniter\Model->insert([...])
 9 SYSTEMPATH\CodeIgniter.php(933): App\Controllers\BaseResourceController->create()
10 SYSTEMPATH\CodeIgniter.php(507): CodeIgniter\CodeIgniter->runController(Object(App\Controllers\Karyawan\PembayaranController))
11 SYSTEMPATH\CodeIgniter.php(354): CodeIgniter\CodeIgniter->handleRequest(null, Object(Config\Cache), false)
12 SYSTEMPATH\Boot.php(363): CodeIgniter\CodeIgniter->run()
13 SYSTEMPATH\Boot.php(68): CodeIgniter\Boot::runCodeIgniter(Object(CodeIgniter\CodeIgniter))
14 FCPATH\index.php(59): CodeIgniter\Boot::bootWeb(Object(Config\Paths))
15 SYSTEMPATH\rewrite.php(44): require_once('C:\\xampp\\htdocs\\sistem_informasi_percetakan\\public\\index.php')
DEBUG - 2025-12-25 15:23:10 --> Session: Class initialized using 'CodeIgniter\Session\Handlers\FileHandler' driver.
DEBUG - 2025-12-25 15:23:23 --> Session: Class initialized using 'CodeIgniter\Session\Handlers\FileHandler' driver.
DEBUG - 2025-12-25 15:23:23 --> Session: Class initialized using 'CodeIgniter\Session\Handlers\FileHandler' driver.
DEBUG - 2025-12-25 15:27:37 --> Session: Class initialized using 'CodeIgniter\Session\Handlers\FileHandler' driver.
DEBUG - 2025-12-25 15:27:37 --> Session: Class initialized using 'CodeIgniter\Session\Handlers\FileHandler' driver.
DEBUG - 2025-12-25 15:28:16 --> Session: Class initialized using 'CodeIgniter\Session\Handlers\FileHandler' driver.
DEBUG - 2025-12-25 15:28:16 --> Session: Class initialized using 'CodeIgniter\Session\Handlers\FileHandler' driver.
DEBUG - 2025-12-25 15:28:22 --> Session: Class initialized using 'CodeIgniter\Session\Handlers\FileHandler' driver.
DEBUG - 2025-12-25 15:28:40 --> Session: Class initialized using 'CodeIgniter\Session\Handlers\FileHandler' driver.
DEBUG - 2025-12-25 15:28:45 --> Session: Class initialized using 'CodeIgniter\Session\Handlers\FileHandler' driver.
DEBUG - 2025-12-25 15:31:26 --> Session: Class initialized using 'CodeIgniter\Session\Handlers\FileHandler' driver.
DEBUG - 2025-12-25 15:31:32 --> Session: Class initialized using 'CodeIgniter\Session\Handlers\FileHandler' driver.
DEBUG - 2025-12-25 15:31:38 --> Session: Class initialized using 'CodeIgniter\Session\Handlers\FileHandler' driver.
DEBUG - 2025-12-25 15:31:39 --> Session: Class initialized using 'CodeIgniter\Session\Handlers\FileHandler' driver.
DEBUG - 2025-12-25 15:31:40 --> Session: Class initialized using 'CodeIgniter\Session\Handlers\FileHandler' driver.
DEBUG - 2025-12-25 15:31:46 --> Session: Class initialized using 'CodeIgniter\Session\Handlers\FileHandler' driver.
DEBUG - 2025-12-25 15:32:40 --> Session: Class initialized using 'CodeIgniter\Session\Handlers\FileHandler' driver.
DEBUG - 2025-12-25 15:32:43 --> Session: Class initialized using 'CodeIgniter\Session\Handlers\FileHandler' driver.
DEBUG - 2025-12-25 15:32:55 --> Session: Class initialized using 'CodeIgniter\Session\Handlers\FileHandler' driver.
DEBUG - 2025-12-25 15:32:57 --> Session: Class initialized using 'CodeIgniter\Session\Handlers\FileHandler' driver.
DEBUG - 2025-12-25 15:32:58 --> Session: Class initialized using 'CodeIgniter\Session\Handlers\FileHandler' driver.
DEBUG - 2025-12-25 15:33:13 --> Session: Class initialized using 'CodeIgniter\Session\Handlers\FileHandler' driver.
DEBUG - 2025-12-25 15:33:14 --> Session: Class initialized using 'CodeIgniter\Session\Handlers\FileHandler' driver.
DEBUG - 2025-12-25 15:33:18 --> Session: Class initialized using 'CodeIgniter\Session\Handlers\FileHandler' driver.
DEBUG - 2025-12-25 15:33:20 --> Session: Class initialized using 'CodeIgniter\Session\Handlers\FileHandler' driver.
DEBUG - 2025-12-25 15:33:23 --> Session: Class initialized using 'CodeIgniter\Session\Handlers\FileHandler' driver.
DEBUG - 2025-12-25 15:33:24 --> Session: Class initialized using 'CodeIgniter\Session\Handlers\FileHandler' driver.
CRITICAL - 2025-12-25 15:33:24 --> CodeIgniter\View\Exceptions\ViewException: Invalid file: "modules/pembayaranindex.php"
[Method: GET, Route: admin/pembayaran]
in SYSTEMPATH\Exceptions\FrameworkException.php on line 39.
 1 SYSTEMPATH\View\View.php(214): CodeIgniter\Exceptions\FrameworkException::forInvalidFile('modules/pembayaranindex.php')
 2 SYSTEMPATH\Common.php(1199): CodeIgniter\View\View->render('modules/pembayaranindex', [], true)
 3 APPPATH\Controllers\BaseResourceController.php(15): view('modules/pembayaranindex', [...])
 4 SYSTEMPATH\CodeIgniter.php(933): App\Controllers\BaseResourceController->index()
 5 SYSTEMPATH\CodeIgniter.php(507): CodeIgniter\CodeIgniter->runController(Object(App\Controllers\Admin\PembayaranController))
 6 SYSTEMPATH\CodeIgniter.php(354): CodeIgniter\CodeIgniter->handleRequest(null, Object(Config\Cache), false)
 7 SYSTEMPATH\Boot.php(363): CodeIgniter\CodeIgniter->run()
 8 SYSTEMPATH\Boot.php(68): CodeIgniter\Boot::runCodeIgniter(Object(CodeIgniter\CodeIgniter))
 9 FCPATH\index.php(59): CodeIgniter\Boot::bootWeb(Object(Config\Paths))
10 SYSTEMPATH\rewrite.php(44): require_once('C:\\xampp\\htdocs\\sistem_informasi_percetakan\\public\\index.php')
DEBUG - 2025-12-25 15:33:31 --> Session: Class initialized using 'CodeIgniter\Session\Handlers\FileHandler' driver.
CRITICAL - 2025-12-25 15:33:31 --> CodeIgniter\View\Exceptions\ViewException: Invalid file: "modules/pembayaranindex.php"
[Method: GET, Route: admin/pembayaran]
in SYSTEMPATH\Exceptions\FrameworkException.php on line 39.
 1 SYSTEMPATH\View\View.php(214): CodeIgniter\Exceptions\FrameworkException::forInvalidFile('modules/pembayaranindex.php')
 2 SYSTEMPATH\Common.php(1199): CodeIgniter\View\View->render('modules/pembayaranindex', [], true)
 3 APPPATH\Controllers\BaseResourceController.php(15): view('modules/pembayaranindex', [...])
 4 SYSTEMPATH\CodeIgniter.php(933): App\Controllers\BaseResourceController->index()
 5 SYSTEMPATH\CodeIgniter.php(507): CodeIgniter\CodeIgniter->runController(Object(App\Controllers\Admin\PembayaranController))
 6 SYSTEMPATH\CodeIgniter.php(354): CodeIgniter\CodeIgniter->handleRequest(null, Object(Config\Cache), false)
 7 SYSTEMPATH\Boot.php(363): CodeIgniter\CodeIgniter->run()
 8 SYSTEMPATH\Boot.php(68): CodeIgniter\Boot::runCodeIgniter(Object(CodeIgniter\CodeIgniter))
 9 FCPATH\index.php(59): CodeIgniter\Boot::bootWeb(Object(Config\Paths))
10 SYSTEMPATH\rewrite.php(44): require_once('C:\\xampp\\htdocs\\sistem_informasi_percetakan\\public\\index.php')
DEBUG - 2025-12-25 15:49:44 --> Session: Class initialized using 'CodeIgniter\Session\Handlers\FileHandler' driver.
DEBUG - 2025-12-25 15:49:46 --> Session: Class initialized using 'CodeIgniter\Session\Handlers\FileHandler' driver.
DEBUG - 2025-12-25 15:49:47 --> Session: Class initialized using 'CodeIgniter\Session\Handlers\FileHandler' driver.
DEBUG - 2025-12-25 15:49:49 --> Session: Class initialized using 'CodeIgniter\Session\Handlers\FileHandler' driver.
DEBUG - 2025-12-25 15:49:50 --> Session: Class initialized using 'CodeIgniter\Session\Handlers\FileHandler' driver.
DEBUG - 2025-12-25 15:49:53 --> Session: Class initialized using 'CodeIgniter\Session\Handlers\FileHandler' driver.
CRITICAL - 2025-12-25 15:49:53 --> CodeIgniter\View\Exceptions\ViewException: Invalid file: "modules/pembayaranindex.php"
[Method: GET, Route: admin/pembayaran]
in SYSTEMPATH\Exceptions\FrameworkException.php on line 39.
 1 SYSTEMPATH\View\View.php(214): CodeIgniter\Exceptions\FrameworkException::forInvalidFile('modules/pembayaranindex.php')
 2 SYSTEMPATH\Common.php(1199): CodeIgniter\View\View->render('modules/pembayaranindex', [], true)
 3 APPPATH\Controllers\BaseResourceController.php(15): view('modules/pembayaranindex', [...])
 4 SYSTEMPATH\CodeIgniter.php(933): App\Controllers\BaseResourceController->index()
 5 SYSTEMPATH\CodeIgniter.php(507): CodeIgniter\CodeIgniter->runController(Object(App\Controllers\Admin\PembayaranController))
 6 SYSTEMPATH\CodeIgniter.php(354): CodeIgniter\CodeIgniter->handleRequest(null, Object(Config\Cache), false)
 7 SYSTEMPATH\Boot.php(363): CodeIgniter\CodeIgniter->run()
 8 SYSTEMPATH\Boot.php(68): CodeIgniter\Boot::runCodeIgniter(Object(CodeIgniter\CodeIgniter))
 9 FCPATH\index.php(59): CodeIgniter\Boot::bootWeb(Object(Config\Paths))
10 SYSTEMPATH\rewrite.php(44): require_once('C:\\xampp\\htdocs\\sistem_informasi_percetakan\\public\\index.php')
