DEBUG - 2025-12-26 14:32:25 --> Session: Class initialized using 'CodeIgniter\Session\Handlers\FileHandler' driver.
DEBUG - 2025-12-26 14:32:35 --> Session: Class initialized using 'CodeIgniter\Session\Handlers\FileHandler' driver.
DEBUG - 2025-12-26 14:32:35 --> Session: Class initialized using 'CodeIgniter\Session\Handlers\FileHandler' driver.
DEBUG - 2025-12-26 14:32:45 --> Session: Class initialized using 'CodeIgniter\Session\Handlers\FileHandler' driver.
DEBUG - 2025-12-26 14:32:51 --> Session: Class initialized using 'CodeIgniter\Session\Handlers\FileHandler' driver.
DEBUG - 2025-12-26 14:32:53 --> Session: Class initialized using 'CodeIgniter\Session\Handlers\FileHandler' driver.
CRITICAL - 2025-12-26 14:32:53 --> CodeIgniter\View\Exceptions\ViewException: Invalid file: "modules/pembayaranindex.php"
[Method: GET, Route: admin/pembayaran]
in SYSTEMPATH\Exceptions\FrameworkException.php on line 39.
 1 SYSTEMPATH\View\View.php(214): CodeIgniter\Exceptions\FrameworkException::forInvalidFile('modules/pembayaranindex.php')
 2 SYSTEMPATH\Common.php(1199): CodeIgniter\View\View->render('modules/pembayaranindex', [], true)
 3 APPPATH\Controllers\BaseResourceController.php(15): view('modules/pembayaranindex', [...])
 4 SYSTEMPATH\CodeIgniter.php(933): App\Controllers\BaseResourceController->index()
 5 SYSTEMPATH\CodeIgniter.php(507): CodeIgniter\CodeIgniter->runController(Object(App\Controllers\Admin\PembayaranController))
 6 SYSTEMPATH\CodeIgniter.php(354): CodeIgniter\CodeIgniter->handleRequest(null, Object(Config\Cache), false)
 7 SYSTEMPATH\Boot.php(363): CodeIgniter\CodeIgniter->run()
 8 SYSTEMPATH\Boot.php(68): CodeIgniter\Boot::runCodeIgniter(Object(CodeIgniter\CodeIgniter))
 9 FCPATH\index.php(59): CodeIgniter\Boot::bootWeb(Object(Config\Paths))
10 SYSTEMPATH\rewrite.php(44): require_once('C:\\xampp\\htdocs\\sistem_informasi_percetakan\\public\\index.php')
DEBUG - 2025-12-26 14:35:49 --> Session: Class initialized using 'CodeIgniter\Session\Handlers\FileHandler' driver.
CRITICAL - 2025-12-26 14:35:49 --> CodeIgniter\View\Exceptions\ViewException: Invalid file: "modules/pembayaran/indexindex.php"
[Method: GET, Route: admin/pembayaran]
in SYSTEMPATH\Exceptions\FrameworkException.php on line 39.
 1 SYSTEMPATH\View\View.php(214): CodeIgniter\Exceptions\FrameworkException::forInvalidFile('modules/pembayaran/indexindex.php')
 2 SYSTEMPATH\Common.php(1199): CodeIgniter\View\View->render('modules/pembayaran/indexindex', [], true)
 3 APPPATH\Controllers\BaseResourceController.php(15): view('modules/pembayaran/indexindex', [...])
 4 SYSTEMPATH\CodeIgniter.php(933): App\Controllers\BaseResourceController->index()
 5 SYSTEMPATH\CodeIgniter.php(507): CodeIgniter\CodeIgniter->runController(Object(App\Controllers\Admin\PembayaranController))
 6 SYSTEMPATH\CodeIgniter.php(354): CodeIgniter\CodeIgniter->handleRequest(null, Object(Config\Cache), false)
 7 SYSTEMPATH\Boot.php(363): CodeIgniter\CodeIgniter->run()
 8 SYSTEMPATH\Boot.php(68): CodeIgniter\Boot::runCodeIgniter(Object(CodeIgniter\CodeIgniter))
 9 FCPATH\index.php(59): CodeIgniter\Boot::bootWeb(Object(Config\Paths))
10 SYSTEMPATH\rewrite.php(44): require_once('C:\\xampp\\htdocs\\sistem_informasi_percetakan\\public\\index.php')
DEBUG - 2025-12-26 14:35:52 --> Session: Class initialized using 'CodeIgniter\Session\Handlers\FileHandler' driver.
CRITICAL - 2025-12-26 14:35:52 --> CodeIgniter\View\Exceptions\ViewException: Invalid file: "modules/pembayaran/indexindex.php"
[Method: GET, Route: admin/pembayaran]
in SYSTEMPATH\Exceptions\FrameworkException.php on line 39.
 1 SYSTEMPATH\View\View.php(214): CodeIgniter\Exceptions\FrameworkException::forInvalidFile('modules/pembayaran/indexindex.php')
 2 SYSTEMPATH\Common.php(1199): CodeIgniter\View\View->render('modules/pembayaran/indexindex', [], true)
 3 APPPATH\Controllers\BaseResourceController.php(15): view('modules/pembayaran/indexindex', [...])
 4 SYSTEMPATH\CodeIgniter.php(933): App\Controllers\BaseResourceController->index()
 5 SYSTEMPATH\CodeIgniter.php(507): CodeIgniter\CodeIgniter->runController(Object(App\Controllers\Admin\PembayaranController))
 6 SYSTEMPATH\CodeIgniter.php(354): CodeIgniter\CodeIgniter->handleRequest(null, Object(Config\Cache), false)
 7 SYSTEMPATH\Boot.php(363): CodeIgniter\CodeIgniter->run()
 8 SYSTEMPATH\Boot.php(68): CodeIgniter\Boot::runCodeIgniter(Object(CodeIgniter\CodeIgniter))
 9 FCPATH\index.php(59): CodeIgniter\Boot::bootWeb(Object(Config\Paths))
10 SYSTEMPATH\rewrite.php(44): require_once('C:\\xampp\\htdocs\\sistem_informasi_percetakan\\public\\index.php')
DEBUG - 2025-12-26 14:43:13 --> Session: Class initialized using 'CodeIgniter\Session\Handlers\FileHandler' driver.
CRITICAL - 2025-12-26 14:43:13 --> ErrorException: Undefined variable $pager
[Method: GET, Route: admin/pembayaran]
in APPPATH\Views\modules\pembayaran\index.php on line 31.
 1 APPPATH\Views\modules\pembayaran\index.php(31): CodeIgniter\Debug\Exceptions->errorHandler(2, 'Undefined variable $pager', 'C:\\xampp\\htdocs\\sistem_informasi_percetakan\\app\\Views\\modules\\pembayaran\\index.php', 31)
 2 SYSTEMPATH\View\View.php(226): include('C:\\xampp\\htdocs\\sistem_informasi_percetakan\\app\\Views\\modules\\pembayaran\\index.php')
 3 SYSTEMPATH\View\View.php(229): CodeIgniter\View\View->CodeIgniter\View\{closure}()
 4 SYSTEMPATH\Common.php(1199): CodeIgniter\View\View->render('modules/pembayaran/index', [], true)
 5 APPPATH\Controllers\Admin\PembayaranController.php(14): view('modules/pembayaran/index', [...])
 6 SYSTEMPATH\CodeIgniter.php(933): App\Controllers\Admin\PembayaranController->index()
 7 SYSTEMPATH\CodeIgniter.php(507): CodeIgniter\CodeIgniter->runController(Object(App\Controllers\Admin\PembayaranController))
 8 SYSTEMPATH\CodeIgniter.php(354): CodeIgniter\CodeIgniter->handleRequest(null, Object(Config\Cache), false)
 9 SYSTEMPATH\Boot.php(363): CodeIgniter\CodeIgniter->run()
10 SYSTEMPATH\Boot.php(68): CodeIgniter\Boot::runCodeIgniter(Object(CodeIgniter\CodeIgniter))
11 FCPATH\index.php(59): CodeIgniter\Boot::bootWeb(Object(Config\Paths))
12 SYSTEMPATH\rewrite.php(44): require_once('C:\\xampp\\htdocs\\sistem_informasi_percetakan\\public\\index.php')
DEBUG - 2025-12-26 14:43:16 --> Session: Class initialized using 'CodeIgniter\Session\Handlers\FileHandler' driver.
DEBUG - 2025-12-26 14:43:19 --> Session: Class initialized using 'CodeIgniter\Session\Handlers\FileHandler' driver.
CRITICAL - 2025-12-26 14:43:19 --> ErrorException: Undefined variable $pager
[Method: GET, Route: admin/pembayaran]
in APPPATH\Views\modules\pembayaran\index.php on line 31.
 1 APPPATH\Views\modules\pembayaran\index.php(31): CodeIgniter\Debug\Exceptions->errorHandler(2, 'Undefined variable $pager', 'C:\\xampp\\htdocs\\sistem_informasi_percetakan\\app\\Views\\modules\\pembayaran\\index.php', 31)
 2 SYSTEMPATH\View\View.php(226): include('C:\\xampp\\htdocs\\sistem_informasi_percetakan\\app\\Views\\modules\\pembayaran\\index.php')
 3 SYSTEMPATH\View\View.php(229): CodeIgniter\View\View->CodeIgniter\View\{closure}()
 4 SYSTEMPATH\Common.php(1199): CodeIgniter\View\View->render('modules/pembayaran/index', [], true)
 5 APPPATH\Controllers\Admin\PembayaranController.php(14): view('modules/pembayaran/index', [...])
 6 SYSTEMPATH\CodeIgniter.php(933): App\Controllers\Admin\PembayaranController->index()
 7 SYSTEMPATH\CodeIgniter.php(507): CodeIgniter\CodeIgniter->runController(Object(App\Controllers\Admin\PembayaranController))
 8 SYSTEMPATH\CodeIgniter.php(354): CodeIgniter\CodeIgniter->handleRequest(null, Object(Config\Cache), false)
 9 SYSTEMPATH\Boot.php(363): CodeIgniter\CodeIgniter->run()
10 SYSTEMPATH\Boot.php(68): CodeIgniter\Boot::runCodeIgniter(Object(CodeIgniter\CodeIgniter))
11 FCPATH\index.php(59): CodeIgniter\Boot::bootWeb(Object(Config\Paths))
12 SYSTEMPATH\rewrite.php(44): require_once('C:\\xampp\\htdocs\\sistem_informasi_percetakan\\public\\index.php')
DEBUG - 2025-12-26 14:48:33 --> Session: Class initialized using 'CodeIgniter\Session\Handlers\FileHandler' driver.
CRITICAL - 2025-12-26 14:48:35 --> ErrorException: Undefined variable $pager
[Method: GET, Route: admin/pembayaran]
in APPPATH\Views\modules\pembayaran\index.php on line 31.
 1 APPPATH\Views\modules\pembayaran\index.php(31): CodeIgniter\Debug\Exceptions->errorHandler(2, 'Undefined variable $pager', 'C:\\xampp\\htdocs\\sistem_informasi_percetakan\\app\\Views\\modules\\pembayaran\\index.php', 31)
 2 SYSTEMPATH\View\View.php(226): include('C:\\xampp\\htdocs\\sistem_informasi_percetakan\\app\\Views\\modules\\pembayaran\\index.php')
 3 SYSTEMPATH\View\View.php(229): CodeIgniter\View\View->CodeIgniter\View\{closure}()
 4 SYSTEMPATH\Common.php(1199): CodeIgniter\View\View->render('modules/pembayaran/index', [], true)
 5 APPPATH\Controllers\Admin\PembayaranController.php(14): view('modules/pembayaran/index', [...])
 6 SYSTEMPATH\CodeIgniter.php(933): App\Controllers\Admin\PembayaranController->index()
 7 SYSTEMPATH\CodeIgniter.php(507): CodeIgniter\CodeIgniter->runController(Object(App\Controllers\Admin\PembayaranController))
 8 SYSTEMPATH\CodeIgniter.php(354): CodeIgniter\CodeIgniter->handleRequest(null, Object(Config\Cache), false)
 9 SYSTEMPATH\Boot.php(363): CodeIgniter\CodeIgniter->run()
10 SYSTEMPATH\Boot.php(68): CodeIgniter\Boot::runCodeIgniter(Object(CodeIgniter\CodeIgniter))
11 FCPATH\index.php(59): CodeIgniter\Boot::bootWeb(Object(Config\Paths))
12 SYSTEMPATH\rewrite.php(44): require_once('C:\\xampp\\htdocs\\sistem_informasi_percetakan\\public\\index.php')
DEBUG - 2025-12-26 14:49:43 --> Session: Class initialized using 'CodeIgniter\Session\Handlers\FileHandler' driver.
CRITICAL - 2025-12-26 14:49:43 --> ErrorException: Undefined variable $pager
[Method: GET, Route: admin/pembayaran]
in APPPATH\Views\modules\pembayaran\index.php on line 31.
 1 APPPATH\Views\modules\pembayaran\index.php(31): CodeIgniter\Debug\Exceptions->errorHandler(2, 'Undefined variable $pager', 'C:\\xampp\\htdocs\\sistem_informasi_percetakan\\app\\Views\\modules\\pembayaran\\index.php', 31)
 2 SYSTEMPATH\View\View.php(226): include('C:\\xampp\\htdocs\\sistem_informasi_percetakan\\app\\Views\\modules\\pembayaran\\index.php')
 3 SYSTEMPATH\View\View.php(229): CodeIgniter\View\View->CodeIgniter\View\{closure}()
 4 SYSTEMPATH\Common.php(1199): CodeIgniter\View\View->render('modules/pembayaran/index', [], true)
 5 APPPATH\Controllers\Admin\PembayaranController.php(14): view('modules/pembayaran/index', [...])
 6 SYSTEMPATH\CodeIgniter.php(933): App\Controllers\Admin\PembayaranController->index()
 7 SYSTEMPATH\CodeIgniter.php(507): CodeIgniter\CodeIgniter->runController(Object(App\Controllers\Admin\PembayaranController))
 8 SYSTEMPATH\CodeIgniter.php(354): CodeIgniter\CodeIgniter->handleRequest(null, Object(Config\Cache), false)
 9 SYSTEMPATH\Boot.php(363): CodeIgniter\CodeIgniter->run()
10 SYSTEMPATH\Boot.php(68): CodeIgniter\Boot::runCodeIgniter(Object(CodeIgniter\CodeIgniter))
11 FCPATH\index.php(59): CodeIgniter\Boot::bootWeb(Object(Config\Paths))
12 SYSTEMPATH\rewrite.php(44): require_once('C:\\xampp\\htdocs\\sistem_informasi_percetakan\\public\\index.php')
DEBUG - 2025-12-26 14:49:45 --> Session: Class initialized using 'CodeIgniter\Session\Handlers\FileHandler' driver.
DEBUG - 2025-12-26 14:49:52 --> Session: Class initialized using 'CodeIgniter\Session\Handlers\FileHandler' driver.
DEBUG - 2025-12-26 14:49:52 --> Session: Class initialized using 'CodeIgniter\Session\Handlers\FileHandler' driver.
DEBUG - 2025-12-26 14:49:52 --> Session: Class initialized using 'CodeIgniter\Session\Handlers\FileHandler' driver.
DEBUG - 2025-12-26 14:49:59 --> Session: Class initialized using 'CodeIgniter\Session\Handlers\FileHandler' driver.
DEBUG - 2025-12-26 14:50:00 --> Session: Class initialized using 'CodeIgniter\Session\Handlers\FileHandler' driver.
DEBUG - 2025-12-26 14:50:03 --> Session: Class initialized using 'CodeIgniter\Session\Handlers\FileHandler' driver.
DEBUG - 2025-12-26 14:50:05 --> Session: Class initialized using 'CodeIgniter\Session\Handlers\FileHandler' driver.
CRITICAL - 2025-12-26 14:50:05 --> ErrorException: Undefined variable $pager
[Method: GET, Route: admin/pembayaran]
in APPPATH\Views\modules\pembayaran\index.php on line 31.
 1 APPPATH\Views\modules\pembayaran\index.php(31): CodeIgniter\Debug\Exceptions->errorHandler(2, 'Undefined variable $pager', 'C:\\xampp\\htdocs\\sistem_informasi_percetakan\\app\\Views\\modules\\pembayaran\\index.php', 31)
 2 SYSTEMPATH\View\View.php(226): include('C:\\xampp\\htdocs\\sistem_informasi_percetakan\\app\\Views\\modules\\pembayaran\\index.php')
 3 SYSTEMPATH\View\View.php(229): CodeIgniter\View\View->CodeIgniter\View\{closure}()
 4 SYSTEMPATH\Common.php(1199): CodeIgniter\View\View->render('modules/pembayaran/index', [], true)
 5 APPPATH\Controllers\Admin\PembayaranController.php(14): view('modules/pembayaran/index', [...])
 6 SYSTEMPATH\CodeIgniter.php(933): App\Controllers\Admin\PembayaranController->index()
 7 SYSTEMPATH\CodeIgniter.php(507): CodeIgniter\CodeIgniter->runController(Object(App\Controllers\Admin\PembayaranController))
 8 SYSTEMPATH\CodeIgniter.php(354): CodeIgniter\CodeIgniter->handleRequest(null, Object(Config\Cache), false)
 9 SYSTEMPATH\Boot.php(363): CodeIgniter\CodeIgniter->run()
10 SYSTEMPATH\Boot.php(68): CodeIgniter\Boot::runCodeIgniter(Object(CodeIgniter\CodeIgniter))
11 FCPATH\index.php(59): CodeIgniter\Boot::bootWeb(Object(Config\Paths))
12 SYSTEMPATH\rewrite.php(44): require_once('C:\\xampp\\htdocs\\sistem_informasi_percetakan\\public\\index.php')
DEBUG - 2025-12-26 14:51:45 --> Session: Class initialized using 'CodeIgniter\Session\Handlers\FileHandler' driver.
ERROR - 2025-12-26 14:51:45 --> mysqli_sql_exception: Unknown column 'transaksi.kode_transaksi' in 'field list' in C:\xampp\htdocs\sistem_informasi_percetakan\system\Database\MySQLi\Connection.php:327
Stack trace:
#0 C:\xampp\htdocs\sistem_informasi_percetakan\system\Database\MySQLi\Connection.php(327): mysqli->query('SELECT `pembaya...', 0)
#1 C:\xampp\htdocs\sistem_informasi_percetakan\system\Database\BaseConnection.php(729): CodeIgniter\Database\MySQLi\Connection->execute('SELECT `pembaya...')
#2 C:\xampp\htdocs\sistem_informasi_percetakan\system\Database\BaseConnection.php(646): CodeIgniter\Database\BaseConnection->simpleQuery('SELECT `pembaya...')
#3 C:\xampp\htdocs\sistem_informasi_percetakan\system\Database\BaseBuilder.php(1649): CodeIgniter\Database\BaseConnection->query('SELECT `pembaya...', Array, false)
#4 C:\xampp\htdocs\sistem_informasi_percetakan\system\Model.php(286): CodeIgniter\Database\BaseBuilder->get()
#5 C:\xampp\htdocs\sistem_informasi_percetakan\system\BaseModel.php(677): CodeIgniter\Model->doFindAll(0, 0)
#6 C:\xampp\htdocs\sistem_informasi_percetakan\app\Controllers\Admin\PembayaranController.php(20): CodeIgniter\BaseModel->findAll()
#7 C:\xampp\htdocs\sistem_informasi_percetakan\system\CodeIgniter.php(933): App\Controllers\Admin\PembayaranController->index()
#8 C:\xampp\htdocs\sistem_informasi_percetakan\system\CodeIgniter.php(507): CodeIgniter\CodeIgniter->runController(Object(App\Controllers\Admin\PembayaranController))
#9 C:\xampp\htdocs\sistem_informasi_percetakan\system\CodeIgniter.php(354): CodeIgniter\CodeIgniter->handleRequest(NULL, Object(Config\Cache), false)
#10 C:\xampp\htdocs\sistem_informasi_percetakan\system\Boot.php(363): CodeIgniter\CodeIgniter->run()
#11 C:\xampp\htdocs\sistem_informasi_percetakan\system\Boot.php(68): CodeIgniter\Boot::runCodeIgniter(Object(CodeIgniter\CodeIgniter))
#12 C:\xampp\htdocs\sistem_informasi_percetakan\public\index.php(59): CodeIgniter\Boot::bootWeb(Object(Config\Paths))
#13 C:\xampp\htdocs\sistem_informasi_percetakan\system\rewrite.php(44): require_once('C:\\xampp\\htdocs...')
#14 {main}
CRITICAL - 2025-12-26 14:51:46 --> CodeIgniter\Database\Exceptions\DatabaseException: Unknown column 'transaksi.kode_transaksi' in 'field list'
[Method: GET, Route: admin/pembayaran]
in SYSTEMPATH\Database\BaseConnection.php on line 684.
 1 SYSTEMPATH\Database\BaseBuilder.php(1649): CodeIgniter\Database\BaseConnection->query('SELECT `pembayaran`.*, `transaksi`.`kode_transaksi`
FROM `pembayaran`
JOIN `transaksi` ON `transaksi`.`id` = `pembayaran`.`transaksi_id`', [], false)
 2 SYSTEMPATH\Model.php(286): CodeIgniter\Database\BaseBuilder->get()
 3 SYSTEMPATH\BaseModel.php(677): CodeIgniter\Model->doFindAll(0, 0)
 4 APPPATH\Controllers\Admin\PembayaranController.php(20): CodeIgniter\BaseModel->findAll()
 5 SYSTEMPATH\CodeIgniter.php(933): App\Controllers\Admin\PembayaranController->index()
 6 SYSTEMPATH\CodeIgniter.php(507): CodeIgniter\CodeIgniter->runController(Object(App\Controllers\Admin\PembayaranController))
 7 SYSTEMPATH\CodeIgniter.php(354): CodeIgniter\CodeIgniter->handleRequest(null, Object(Config\Cache), false)
 8 SYSTEMPATH\Boot.php(363): CodeIgniter\CodeIgniter->run()
 9 SYSTEMPATH\Boot.php(68): CodeIgniter\Boot::runCodeIgniter(Object(CodeIgniter\CodeIgniter))
10 FCPATH\index.php(59): CodeIgniter\Boot::bootWeb(Object(Config\Paths))
11 SYSTEMPATH\rewrite.php(44): require_once('C:\\xampp\\htdocs\\sistem_informasi_percetakan\\public\\index.php')
CRITICAL - 2025-12-26 14:51:46 --> [Caused by] CodeIgniter\Database\Exceptions\DatabaseException: Unknown column 'transaksi.kode_transaksi' in 'field list'
in SYSTEMPATH\Database\MySQLi\Connection.php on line 332.
 1 SYSTEMPATH\Database\BaseConnection.php(729): CodeIgniter\Database\MySQLi\Connection->execute('SELECT `pembayaran`.*, `transaksi`.`kode_transaksi`
FROM `pembayaran`
JOIN `transaksi` ON `transaksi`.`id` = `pembayaran`.`transaksi_id`')
 2 SYSTEMPATH\Database\BaseConnection.php(646): CodeIgniter\Database\BaseConnection->simpleQuery('SELECT `pembayaran`.*, `transaksi`.`kode_transaksi`
FROM `pembayaran`
JOIN `transaksi` ON `transaksi`.`id` = `pembayaran`.`transaksi_id`')
 3 SYSTEMPATH\Database\BaseBuilder.php(1649): CodeIgniter\Database\BaseConnection->query('SELECT `pembayaran`.*, `transaksi`.`kode_transaksi`
FROM `pembayaran`
JOIN `transaksi` ON `transaksi`.`id` = `pembayaran`.`transaksi_id`', [], false)
 4 SYSTEMPATH\Model.php(286): CodeIgniter\Database\BaseBuilder->get()
 5 SYSTEMPATH\BaseModel.php(677): CodeIgniter\Model->doFindAll(0, 0)
 6 APPPATH\Controllers\Admin\PembayaranController.php(20): CodeIgniter\BaseModel->findAll()
 7 SYSTEMPATH\CodeIgniter.php(933): App\Controllers\Admin\PembayaranController->index()
 8 SYSTEMPATH\CodeIgniter.php(507): CodeIgniter\CodeIgniter->runController(Object(App\Controllers\Admin\PembayaranController))
 9 SYSTEMPATH\CodeIgniter.php(354): CodeIgniter\CodeIgniter->handleRequest(null, Object(Config\Cache), false)
10 SYSTEMPATH\Boot.php(363): CodeIgniter\CodeIgniter->run()
11 SYSTEMPATH\Boot.php(68): CodeIgniter\Boot::runCodeIgniter(Object(CodeIgniter\CodeIgniter))
12 FCPATH\index.php(59): CodeIgniter\Boot::bootWeb(Object(Config\Paths))
13 SYSTEMPATH\rewrite.php(44): require_once('C:\\xampp\\htdocs\\sistem_informasi_percetakan\\public\\index.php')
CRITICAL - 2025-12-26 14:51:46 --> [Caused by] mysqli_sql_exception: Unknown column 'transaksi.kode_transaksi' in 'field list'
in SYSTEMPATH\Database\MySQLi\Connection.php on line 327.
 1 SYSTEMPATH\Database\MySQLi\Connection.php(327): mysqli->query('SELECT `pembayaran`.*, `transaksi`.`kode_transaksi`
FROM `pembayaran`
JOIN `transaksi` ON `transaksi`.`id` = `pembayaran`.`transaksi_id`', 0)
 2 SYSTEMPATH\Database\BaseConnection.php(729): CodeIgniter\Database\MySQLi\Connection->execute('SELECT `pembayaran`.*, `transaksi`.`kode_transaksi`
FROM `pembayaran`
JOIN `transaksi` ON `transaksi`.`id` = `pembayaran`.`transaksi_id`')
 3 SYSTEMPATH\Database\BaseConnection.php(646): CodeIgniter\Database\BaseConnection->simpleQuery('SELECT `pembayaran`.*, `transaksi`.`kode_transaksi`
FROM `pembayaran`
JOIN `transaksi` ON `transaksi`.`id` = `pembayaran`.`transaksi_id`')
 4 SYSTEMPATH\Database\BaseBuilder.php(1649): CodeIgniter\Database\BaseConnection->query('SELECT `pembayaran`.*, `transaksi`.`kode_transaksi`
FROM `pembayaran`
JOIN `transaksi` ON `transaksi`.`id` = `pembayaran`.`transaksi_id`', [], false)
 5 SYSTEMPATH\Model.php(286): CodeIgniter\Database\BaseBuilder->get()
 6 SYSTEMPATH\BaseModel.php(677): CodeIgniter\Model->doFindAll(0, 0)
 7 APPPATH\Controllers\Admin\PembayaranController.php(20): CodeIgniter\BaseModel->findAll()
 8 SYSTEMPATH\CodeIgniter.php(933): App\Controllers\Admin\PembayaranController->index()
 9 SYSTEMPATH\CodeIgniter.php(507): CodeIgniter\CodeIgniter->runController(Object(App\Controllers\Admin\PembayaranController))
10 SYSTEMPATH\CodeIgniter.php(354): CodeIgniter\CodeIgniter->handleRequest(null, Object(Config\Cache), false)
11 SYSTEMPATH\Boot.php(363): CodeIgniter\CodeIgniter->run()
12 SYSTEMPATH\Boot.php(68): CodeIgniter\Boot::runCodeIgniter(Object(CodeIgniter\CodeIgniter))
13 FCPATH\index.php(59): CodeIgniter\Boot::bootWeb(Object(Config\Paths))
14 SYSTEMPATH\rewrite.php(44): require_once('C:\\xampp\\htdocs\\sistem_informasi_percetakan\\public\\index.php')
DEBUG - 2025-12-26 14:51:53 --> Session: Class initialized using 'CodeIgniter\Session\Handlers\FileHandler' driver.
ERROR - 2025-12-26 14:51:53 --> mysqli_sql_exception: Unknown column 'transaksi.kode_transaksi' in 'field list' in C:\xampp\htdocs\sistem_informasi_percetakan\system\Database\MySQLi\Connection.php:327
Stack trace:
#0 C:\xampp\htdocs\sistem_informasi_percetakan\system\Database\MySQLi\Connection.php(327): mysqli->query('SELECT `pembaya...', 0)
#1 C:\xampp\htdocs\sistem_informasi_percetakan\system\Database\BaseConnection.php(729): CodeIgniter\Database\MySQLi\Connection->execute('SELECT `pembaya...')
#2 C:\xampp\htdocs\sistem_informasi_percetakan\system\Database\BaseConnection.php(646): CodeIgniter\Database\BaseConnection->simpleQuery('SELECT `pembaya...')
#3 C:\xampp\htdocs\sistem_informasi_percetakan\system\Database\BaseBuilder.php(1649): CodeIgniter\Database\BaseConnection->query('SELECT `pembaya...', Array, false)
#4 C:\xampp\htdocs\sistem_informasi_percetakan\system\Model.php(286): CodeIgniter\Database\BaseBuilder->get()
#5 C:\xampp\htdocs\sistem_informasi_percetakan\system\BaseModel.php(677): CodeIgniter\Model->doFindAll(0, 0)
#6 C:\xampp\htdocs\sistem_informasi_percetakan\app\Controllers\Admin\PembayaranController.php(20): CodeIgniter\BaseModel->findAll()
#7 C:\xampp\htdocs\sistem_informasi_percetakan\system\CodeIgniter.php(933): App\Controllers\Admin\PembayaranController->index()
#8 C:\xampp\htdocs\sistem_informasi_percetakan\system\CodeIgniter.php(507): CodeIgniter\CodeIgniter->runController(Object(App\Controllers\Admin\PembayaranController))
#9 C:\xampp\htdocs\sistem_informasi_percetakan\system\CodeIgniter.php(354): CodeIgniter\CodeIgniter->handleRequest(NULL, Object(Config\Cache), false)
#10 C:\xampp\htdocs\sistem_informasi_percetakan\system\Boot.php(363): CodeIgniter\CodeIgniter->run()
#11 C:\xampp\htdocs\sistem_informasi_percetakan\system\Boot.php(68): CodeIgniter\Boot::runCodeIgniter(Object(CodeIgniter\CodeIgniter))
#12 C:\xampp\htdocs\sistem_informasi_percetakan\public\index.php(59): CodeIgniter\Boot::bootWeb(Object(Config\Paths))
#13 C:\xampp\htdocs\sistem_informasi_percetakan\system\rewrite.php(44): require_once('C:\\xampp\\htdocs...')
#14 {main}
CRITICAL - 2025-12-26 14:51:53 --> CodeIgniter\Database\Exceptions\DatabaseException: Unknown column 'transaksi.kode_transaksi' in 'field list'
[Method: GET, Route: admin/pembayaran]
in SYSTEMPATH\Database\BaseConnection.php on line 684.
 1 SYSTEMPATH\Database\BaseBuilder.php(1649): CodeIgniter\Database\BaseConnection->query('SELECT `pembayaran`.*, `transaksi`.`kode_transaksi`
FROM `pembayaran`
JOIN `transaksi` ON `transaksi`.`id` = `pembayaran`.`transaksi_id`', [], false)
 2 SYSTEMPATH\Model.php(286): CodeIgniter\Database\BaseBuilder->get()
 3 SYSTEMPATH\BaseModel.php(677): CodeIgniter\Model->doFindAll(0, 0)
 4 APPPATH\Controllers\Admin\PembayaranController.php(20): CodeIgniter\BaseModel->findAll()
 5 SYSTEMPATH\CodeIgniter.php(933): App\Controllers\Admin\PembayaranController->index()
 6 SYSTEMPATH\CodeIgniter.php(507): CodeIgniter\CodeIgniter->runController(Object(App\Controllers\Admin\PembayaranController))
 7 SYSTEMPATH\CodeIgniter.php(354): CodeIgniter\CodeIgniter->handleRequest(null, Object(Config\Cache), false)
 8 SYSTEMPATH\Boot.php(363): CodeIgniter\CodeIgniter->run()
 9 SYSTEMPATH\Boot.php(68): CodeIgniter\Boot::runCodeIgniter(Object(CodeIgniter\CodeIgniter))
10 FCPATH\index.php(59): CodeIgniter\Boot::bootWeb(Object(Config\Paths))
11 SYSTEMPATH\rewrite.php(44): require_once('C:\\xampp\\htdocs\\sistem_informasi_percetakan\\public\\index.php')
CRITICAL - 2025-12-26 14:51:53 --> [Caused by] CodeIgniter\Database\Exceptions\DatabaseException: Unknown column 'transaksi.kode_transaksi' in 'field list'
in SYSTEMPATH\Database\MySQLi\Connection.php on line 332.
 1 SYSTEMPATH\Database\BaseConnection.php(729): CodeIgniter\Database\MySQLi\Connection->execute('SELECT `pembayaran`.*, `transaksi`.`kode_transaksi`
FROM `pembayaran`
JOIN `transaksi` ON `transaksi`.`id` = `pembayaran`.`transaksi_id`')
 2 SYSTEMPATH\Database\BaseConnection.php(646): CodeIgniter\Database\BaseConnection->simpleQuery('SELECT `pembayaran`.*, `transaksi`.`kode_transaksi`
FROM `pembayaran`
JOIN `transaksi` ON `transaksi`.`id` = `pembayaran`.`transaksi_id`')
 3 SYSTEMPATH\Database\BaseBuilder.php(1649): CodeIgniter\Database\BaseConnection->query('SELECT `pembayaran`.*, `transaksi`.`kode_transaksi`
FROM `pembayaran`
JOIN `transaksi` ON `transaksi`.`id` = `pembayaran`.`transaksi_id`', [], false)
 4 SYSTEMPATH\Model.php(286): CodeIgniter\Database\BaseBuilder->get()
 5 SYSTEMPATH\BaseModel.php(677): CodeIgniter\Model->doFindAll(0, 0)
 6 APPPATH\Controllers\Admin\PembayaranController.php(20): CodeIgniter\BaseModel->findAll()
 7 SYSTEMPATH\CodeIgniter.php(933): App\Controllers\Admin\PembayaranController->index()
 8 SYSTEMPATH\CodeIgniter.php(507): CodeIgniter\CodeIgniter->runController(Object(App\Controllers\Admin\PembayaranController))
 9 SYSTEMPATH\CodeIgniter.php(354): CodeIgniter\CodeIgniter->handleRequest(null, Object(Config\Cache), false)
10 SYSTEMPATH\Boot.php(363): CodeIgniter\CodeIgniter->run()
11 SYSTEMPATH\Boot.php(68): CodeIgniter\Boot::runCodeIgniter(Object(CodeIgniter\CodeIgniter))
12 FCPATH\index.php(59): CodeIgniter\Boot::bootWeb(Object(Config\Paths))
13 SYSTEMPATH\rewrite.php(44): require_once('C:\\xampp\\htdocs\\sistem_informasi_percetakan\\public\\index.php')
CRITICAL - 2025-12-26 14:51:53 --> [Caused by] mysqli_sql_exception: Unknown column 'transaksi.kode_transaksi' in 'field list'
in SYSTEMPATH\Database\MySQLi\Connection.php on line 327.
 1 SYSTEMPATH\Database\MySQLi\Connection.php(327): mysqli->query('SELECT `pembayaran`.*, `transaksi`.`kode_transaksi`
FROM `pembayaran`
JOIN `transaksi` ON `transaksi`.`id` = `pembayaran`.`transaksi_id`', 0)
 2 SYSTEMPATH\Database\BaseConnection.php(729): CodeIgniter\Database\MySQLi\Connection->execute('SELECT `pembayaran`.*, `transaksi`.`kode_transaksi`
FROM `pembayaran`
JOIN `transaksi` ON `transaksi`.`id` = `pembayaran`.`transaksi_id`')
 3 SYSTEMPATH\Database\BaseConnection.php(646): CodeIgniter\Database\BaseConnection->simpleQuery('SELECT `pembayaran`.*, `transaksi`.`kode_transaksi`
FROM `pembayaran`
JOIN `transaksi` ON `transaksi`.`id` = `pembayaran`.`transaksi_id`')
 4 SYSTEMPATH\Database\BaseBuilder.php(1649): CodeIgniter\Database\BaseConnection->query('SELECT `pembayaran`.*, `transaksi`.`kode_transaksi`
FROM `pembayaran`
JOIN `transaksi` ON `transaksi`.`id` = `pembayaran`.`transaksi_id`', [], false)
 5 SYSTEMPATH\Model.php(286): CodeIgniter\Database\BaseBuilder->get()
 6 SYSTEMPATH\BaseModel.php(677): CodeIgniter\Model->doFindAll(0, 0)
 7 APPPATH\Controllers\Admin\PembayaranController.php(20): CodeIgniter\BaseModel->findAll()
 8 SYSTEMPATH\CodeIgniter.php(933): App\Controllers\Admin\PembayaranController->index()
 9 SYSTEMPATH\CodeIgniter.php(507): CodeIgniter\CodeIgniter->runController(Object(App\Controllers\Admin\PembayaranController))
10 SYSTEMPATH\CodeIgniter.php(354): CodeIgniter\CodeIgniter->handleRequest(null, Object(Config\Cache), false)
11 SYSTEMPATH\Boot.php(363): CodeIgniter\CodeIgniter->run()
12 SYSTEMPATH\Boot.php(68): CodeIgniter\Boot::runCodeIgniter(Object(CodeIgniter\CodeIgniter))
13 FCPATH\index.php(59): CodeIgniter\Boot::bootWeb(Object(Config\Paths))
14 SYSTEMPATH\rewrite.php(44): require_once('C:\\xampp\\htdocs\\sistem_informasi_percetakan\\public\\index.php')
DEBUG - 2025-12-26 14:56:13 --> Session: Class initialized using 'CodeIgniter\Session\Handlers\FileHandler' driver.
CRITICAL - 2025-12-26 14:56:13 --> ErrorException: Undefined variable $pager
[Method: GET, Route: admin/pembayaran]
in APPPATH\Views\modules\pembayaran\index.php on line 31.
 1 APPPATH\Views\modules\pembayaran\index.php(31): CodeIgniter\Debug\Exceptions->errorHandler(2, 'Undefined variable $pager', 'C:\\xampp\\htdocs\\sistem_informasi_percetakan\\app\\Views\\modules\\pembayaran\\index.php', 31)
 2 SYSTEMPATH\View\View.php(226): include('C:\\xampp\\htdocs\\sistem_informasi_percetakan\\app\\Views\\modules\\pembayaran\\index.php')
 3 SYSTEMPATH\View\View.php(229): CodeIgniter\View\View->CodeIgniter\View\{closure}()
 4 SYSTEMPATH\Common.php(1199): CodeIgniter\View\View->render('modules/pembayaran/index', [], true)
 5 APPPATH\Controllers\Admin\PembayaranController.php(17): view('modules/pembayaran/index', [...])
 6 SYSTEMPATH\CodeIgniter.php(933): App\Controllers\Admin\PembayaranController->index()
 7 SYSTEMPATH\CodeIgniter.php(507): CodeIgniter\CodeIgniter->runController(Object(App\Controllers\Admin\PembayaranController))
 8 SYSTEMPATH\CodeIgniter.php(354): CodeIgniter\CodeIgniter->handleRequest(null, Object(Config\Cache), false)
 9 SYSTEMPATH\Boot.php(363): CodeIgniter\CodeIgniter->run()
10 SYSTEMPATH\Boot.php(68): CodeIgniter\Boot::runCodeIgniter(Object(CodeIgniter\CodeIgniter))
11 FCPATH\index.php(59): CodeIgniter\Boot::bootWeb(Object(Config\Paths))
12 SYSTEMPATH\rewrite.php(44): require_once('C:\\xampp\\htdocs\\sistem_informasi_percetakan\\public\\index.php')
DEBUG - 2025-12-26 14:56:16 --> Session: Class initialized using 'CodeIgniter\Session\Handlers\FileHandler' driver.
DEBUG - 2025-12-26 14:56:18 --> Session: Class initialized using 'CodeIgniter\Session\Handlers\FileHandler' driver.
CRITICAL - 2025-12-26 14:56:18 --> ErrorException: Undefined variable $pager
[Method: GET, Route: admin/pembayaran]
in APPPATH\Views\modules\pembayaran\index.php on line 31.
 1 APPPATH\Views\modules\pembayaran\index.php(31): CodeIgniter\Debug\Exceptions->errorHandler(2, 'Undefined variable $pager', 'C:\\xampp\\htdocs\\sistem_informasi_percetakan\\app\\Views\\modules\\pembayaran\\index.php', 31)
 2 SYSTEMPATH\View\View.php(226): include('C:\\xampp\\htdocs\\sistem_informasi_percetakan\\app\\Views\\modules\\pembayaran\\index.php')
 3 SYSTEMPATH\View\View.php(229): CodeIgniter\View\View->CodeIgniter\View\{closure}()
 4 SYSTEMPATH\Common.php(1199): CodeIgniter\View\View->render('modules/pembayaran/index', [], true)
 5 APPPATH\Controllers\Admin\PembayaranController.php(17): view('modules/pembayaran/index', [...])
 6 SYSTEMPATH\CodeIgniter.php(933): App\Controllers\Admin\PembayaranController->index()
 7 SYSTEMPATH\CodeIgniter.php(507): CodeIgniter\CodeIgniter->runController(Object(App\Controllers\Admin\PembayaranController))
 8 SYSTEMPATH\CodeIgniter.php(354): CodeIgniter\CodeIgniter->handleRequest(null, Object(Config\Cache), false)
 9 SYSTEMPATH\Boot.php(363): CodeIgniter\CodeIgniter->run()
10 SYSTEMPATH\Boot.php(68): CodeIgniter\Boot::runCodeIgniter(Object(CodeIgniter\CodeIgniter))
11 FCPATH\index.php(59): CodeIgniter\Boot::bootWeb(Object(Config\Paths))
12 SYSTEMPATH\rewrite.php(44): require_once('C:\\xampp\\htdocs\\sistem_informasi_percetakan\\public\\index.php')
DEBUG - 2025-12-26 14:58:09 --> Session: Class initialized using 'CodeIgniter\Session\Handlers\FileHandler' driver.
DEBUG - 2025-12-26 14:58:15 --> Session: Class initialized using 'CodeIgniter\Session\Handlers\FileHandler' driver.
CRITICAL - 2025-12-26 14:58:15 --> CodeIgniter\View\Exceptions\ViewException: Invalid file: "modules/pembayarancreate.php"
[Method: GET, Route: admin/pembayaran/new]
in SYSTEMPATH\Exceptions\FrameworkException.php on line 39.
 1 SYSTEMPATH\View\View.php(214): CodeIgniter\Exceptions\FrameworkException::forInvalidFile('modules/pembayarancreate.php')
 2 SYSTEMPATH\Common.php(1199): CodeIgniter\View\View->render('modules/pembayarancreate', [], true)
 3 APPPATH\Controllers\BaseResourceController.php(18): view('modules/pembayarancreate')
 4 SYSTEMPATH\CodeIgniter.php(933): App\Controllers\BaseResourceController->new()
 5 SYSTEMPATH\CodeIgniter.php(507): CodeIgniter\CodeIgniter->runController(Object(App\Controllers\Admin\PembayaranController))
 6 SYSTEMPATH\CodeIgniter.php(354): CodeIgniter\CodeIgniter->handleRequest(null, Object(Config\Cache), false)
 7 SYSTEMPATH\Boot.php(363): CodeIgniter\CodeIgniter->run()
 8 SYSTEMPATH\Boot.php(68): CodeIgniter\Boot::runCodeIgniter(Object(CodeIgniter\CodeIgniter))
 9 FCPATH\index.php(59): CodeIgniter\Boot::bootWeb(Object(Config\Paths))
10 SYSTEMPATH\rewrite.php(44): require_once('C:\\xampp\\htdocs\\sistem_informasi_percetakan\\public\\index.php')
DEBUG - 2025-12-26 14:59:58 --> Session: Class initialized using 'CodeIgniter\Session\Handlers\FileHandler' driver.
CRITICAL - 2025-12-26 14:59:58 --> CodeIgniter\View\Exceptions\ViewException: Invalid file: "modules/pembayarancreate.php"
[Method: GET, Route: admin/pembayaran/new]
in SYSTEMPATH\Exceptions\FrameworkException.php on line 39.
 1 SYSTEMPATH\View\View.php(214): CodeIgniter\Exceptions\FrameworkException::forInvalidFile('modules/pembayarancreate.php')
 2 SYSTEMPATH\Common.php(1199): CodeIgniter\View\View->render('modules/pembayarancreate', [], true)
 3 APPPATH\Controllers\BaseResourceController.php(18): view('modules/pembayarancreate')
 4 SYSTEMPATH\CodeIgniter.php(933): App\Controllers\BaseResourceController->new()
 5 SYSTEMPATH\CodeIgniter.php(507): CodeIgniter\CodeIgniter->runController(Object(App\Controllers\Admin\PembayaranController))
 6 SYSTEMPATH\CodeIgniter.php(354): CodeIgniter\CodeIgniter->handleRequest(null, Object(Config\Cache), false)
 7 SYSTEMPATH\Boot.php(363): CodeIgniter\CodeIgniter->run()
 8 SYSTEMPATH\Boot.php(68): CodeIgniter\Boot::runCodeIgniter(Object(CodeIgniter\CodeIgniter))
 9 FCPATH\index.php(59): CodeIgniter\Boot::bootWeb(Object(Config\Paths))
10 SYSTEMPATH\rewrite.php(44): require_once('C:\\xampp\\htdocs\\sistem_informasi_percetakan\\public\\index.php')
DEBUG - 2025-12-26 15:00:01 --> Session: Class initialized using 'CodeIgniter\Session\Handlers\FileHandler' driver.
CRITICAL - 2025-12-26 15:00:01 --> CodeIgniter\View\Exceptions\ViewException: Invalid file: "modules/pembayarancreate.php"
[Method: GET, Route: admin/pembayaran/new]
in SYSTEMPATH\Exceptions\FrameworkException.php on line 39.
 1 SYSTEMPATH\View\View.php(214): CodeIgniter\Exceptions\FrameworkException::forInvalidFile('modules/pembayarancreate.php')
 2 SYSTEMPATH\Common.php(1199): CodeIgniter\View\View->render('modules/pembayarancreate', [], true)
 3 APPPATH\Controllers\BaseResourceController.php(18): view('modules/pembayarancreate')
 4 SYSTEMPATH\CodeIgniter.php(933): App\Controllers\BaseResourceController->new()
 5 SYSTEMPATH\CodeIgniter.php(507): CodeIgniter\CodeIgniter->runController(Object(App\Controllers\Admin\PembayaranController))
 6 SYSTEMPATH\CodeIgniter.php(354): CodeIgniter\CodeIgniter->handleRequest(null, Object(Config\Cache), false)
 7 SYSTEMPATH\Boot.php(363): CodeIgniter\CodeIgniter->run()
 8 SYSTEMPATH\Boot.php(68): CodeIgniter\Boot::runCodeIgniter(Object(CodeIgniter\CodeIgniter))
 9 FCPATH\index.php(59): CodeIgniter\Boot::bootWeb(Object(Config\Paths))
10 SYSTEMPATH\rewrite.php(44): require_once('C:\\xampp\\htdocs\\sistem_informasi_percetakan\\public\\index.php')
DEBUG - 2025-12-26 15:00:23 --> Session: Class initialized using 'CodeIgniter\Session\Handlers\FileHandler' driver.
CRITICAL - 2025-12-26 15:00:23 --> CodeIgniter\View\Exceptions\ViewException: Invalid file: "modules/pembayarancreate.php"
[Method: GET, Route: admin/pembayaran/new]
in SYSTEMPATH\Exceptions\FrameworkException.php on line 39.
 1 SYSTEMPATH\View\View.php(214): CodeIgniter\Exceptions\FrameworkException::forInvalidFile('modules/pembayarancreate.php')
 2 SYSTEMPATH\Common.php(1199): CodeIgniter\View\View->render('modules/pembayarancreate', [], true)
 3 APPPATH\Controllers\BaseResourceController.php(18): view('modules/pembayarancreate')
 4 SYSTEMPATH\CodeIgniter.php(933): App\Controllers\BaseResourceController->new()
 5 SYSTEMPATH\CodeIgniter.php(507): CodeIgniter\CodeIgniter->runController(Object(App\Controllers\Admin\PembayaranController))
 6 SYSTEMPATH\CodeIgniter.php(354): CodeIgniter\CodeIgniter->handleRequest(null, Object(Config\Cache), false)
 7 SYSTEMPATH\Boot.php(363): CodeIgniter\CodeIgniter->run()
 8 SYSTEMPATH\Boot.php(68): CodeIgniter\Boot::runCodeIgniter(Object(CodeIgniter\CodeIgniter))
 9 FCPATH\index.php(59): CodeIgniter\Boot::bootWeb(Object(Config\Paths))
10 SYSTEMPATH\rewrite.php(44): require_once('C:\\xampp\\htdocs\\sistem_informasi_percetakan\\public\\index.php')
DEBUG - 2025-12-26 15:00:26 --> Session: Class initialized using 'CodeIgniter\Session\Handlers\FileHandler' driver.
CRITICAL - 2025-12-26 15:00:26 --> CodeIgniter\View\Exceptions\ViewException: Invalid file: "modules/pembayarancreate.php"
[Method: GET, Route: admin/pembayaran/new]
in SYSTEMPATH\Exceptions\FrameworkException.php on line 39.
 1 SYSTEMPATH\View\View.php(214): CodeIgniter\Exceptions\FrameworkException::forInvalidFile('modules/pembayarancreate.php')
 2 SYSTEMPATH\Common.php(1199): CodeIgniter\View\View->render('modules/pembayarancreate', [], true)
 3 APPPATH\Controllers\BaseResourceController.php(18): view('modules/pembayarancreate')
 4 SYSTEMPATH\CodeIgniter.php(933): App\Controllers\BaseResourceController->new()
 5 SYSTEMPATH\CodeIgniter.php(507): CodeIgniter\CodeIgniter->runController(Object(App\Controllers\Admin\PembayaranController))
 6 SYSTEMPATH\CodeIgniter.php(354): CodeIgniter\CodeIgniter->handleRequest(null, Object(Config\Cache), false)
 7 SYSTEMPATH\Boot.php(363): CodeIgniter\CodeIgniter->run()
 8 SYSTEMPATH\Boot.php(68): CodeIgniter\Boot::runCodeIgniter(Object(CodeIgniter\CodeIgniter))
 9 FCPATH\index.php(59): CodeIgniter\Boot::bootWeb(Object(Config\Paths))
10 SYSTEMPATH\rewrite.php(44): require_once('C:\\xampp\\htdocs\\sistem_informasi_percetakan\\public\\index.php')
DEBUG - 2025-12-26 15:05:39 --> Session: Class initialized using 'CodeIgniter\Session\Handlers\FileHandler' driver.
CRITICAL - 2025-12-26 15:05:39 --> CodeIgniter\View\Exceptions\ViewException: Invalid file: "modules/pembayarancreate.php"
[Method: GET, Route: admin/pembayaran/new]
in SYSTEMPATH\Exceptions\FrameworkException.php on line 39.
 1 SYSTEMPATH\View\View.php(214): CodeIgniter\Exceptions\FrameworkException::forInvalidFile('modules/pembayarancreate.php')
 2 SYSTEMPATH\Common.php(1199): CodeIgniter\View\View->render('modules/pembayarancreate', [], true)
 3 APPPATH\Controllers\BaseResourceController.php(18): view('modules/pembayarancreate')
 4 SYSTEMPATH\CodeIgniter.php(933): App\Controllers\BaseResourceController->new()
 5 SYSTEMPATH\CodeIgniter.php(507): CodeIgniter\CodeIgniter->runController(Object(App\Controllers\Admin\PembayaranController))
 6 SYSTEMPATH\CodeIgniter.php(354): CodeIgniter\CodeIgniter->handleRequest(null, Object(Config\Cache), false)
 7 SYSTEMPATH\Boot.php(363): CodeIgniter\CodeIgniter->run()
 8 SYSTEMPATH\Boot.php(68): CodeIgniter\Boot::runCodeIgniter(Object(CodeIgniter\CodeIgniter))
 9 FCPATH\index.php(59): CodeIgniter\Boot::bootWeb(Object(Config\Paths))
10 SYSTEMPATH\rewrite.php(44): require_once('C:\\xampp\\htdocs\\sistem_informasi_percetakan\\public\\index.php')
DEBUG - 2025-12-26 15:05:40 --> Session: Class initialized using 'CodeIgniter\Session\Handlers\FileHandler' driver.
DEBUG - 2025-12-26 15:05:42 --> Session: Class initialized using 'CodeIgniter\Session\Handlers\FileHandler' driver.
CRITICAL - 2025-12-26 15:05:42 --> CodeIgniter\View\Exceptions\ViewException: Invalid file: "modules/pembayarancreate.php"
[Method: GET, Route: admin/pembayaran/new]
in SYSTEMPATH\Exceptions\FrameworkException.php on line 39.
 1 SYSTEMPATH\View\View.php(214): CodeIgniter\Exceptions\FrameworkException::forInvalidFile('modules/pembayarancreate.php')
 2 SYSTEMPATH\Common.php(1199): CodeIgniter\View\View->render('modules/pembayarancreate', [], true)
 3 APPPATH\Controllers\BaseResourceController.php(18): view('modules/pembayarancreate')
 4 SYSTEMPATH\CodeIgniter.php(933): App\Controllers\BaseResourceController->new()
 5 SYSTEMPATH\CodeIgniter.php(507): CodeIgniter\CodeIgniter->runController(Object(App\Controllers\Admin\PembayaranController))
 6 SYSTEMPATH\CodeIgniter.php(354): CodeIgniter\CodeIgniter->handleRequest(null, Object(Config\Cache), false)
 7 SYSTEMPATH\Boot.php(363): CodeIgniter\CodeIgniter->run()
 8 SYSTEMPATH\Boot.php(68): CodeIgniter\Boot::runCodeIgniter(Object(CodeIgniter\CodeIgniter))
 9 FCPATH\index.php(59): CodeIgniter\Boot::bootWeb(Object(Config\Paths))
10 SYSTEMPATH\rewrite.php(44): require_once('C:\\xampp\\htdocs\\sistem_informasi_percetakan\\public\\index.php')
DEBUG - 2025-12-26 15:07:54 --> Session: Class initialized using 'CodeIgniter\Session\Handlers\FileHandler' driver.
CRITICAL - 2025-12-26 15:07:54 --> CodeIgniter\View\Exceptions\ViewException: Invalid file: "modules/pembayarancreate.php"
[Method: GET, Route: admin/pembayaran/new]
in SYSTEMPATH\Exceptions\FrameworkException.php on line 39.
 1 SYSTEMPATH\View\View.php(214): CodeIgniter\Exceptions\FrameworkException::forInvalidFile('modules/pembayarancreate.php')
 2 SYSTEMPATH\Common.php(1199): CodeIgniter\View\View->render('modules/pembayarancreate', [], true)
 3 APPPATH\Controllers\BaseResourceController.php(18): view('modules/pembayarancreate')
 4 SYSTEMPATH\CodeIgniter.php(933): App\Controllers\BaseResourceController->new()
 5 SYSTEMPATH\CodeIgniter.php(507): CodeIgniter\CodeIgniter->runController(Object(App\Controllers\Admin\PembayaranController))
 6 SYSTEMPATH\CodeIgniter.php(354): CodeIgniter\CodeIgniter->handleRequest(null, Object(Config\Cache), false)
 7 SYSTEMPATH\Boot.php(363): CodeIgniter\CodeIgniter->run()
 8 SYSTEMPATH\Boot.php(68): CodeIgniter\Boot::runCodeIgniter(Object(CodeIgniter\CodeIgniter))
 9 FCPATH\index.php(59): CodeIgniter\Boot::bootWeb(Object(Config\Paths))
10 SYSTEMPATH\rewrite.php(44): require_once('C:\\xampp\\htdocs\\sistem_informasi_percetakan\\public\\index.php')
DEBUG - 2025-12-26 15:07:56 --> Session: Class initialized using 'CodeIgniter\Session\Handlers\FileHandler' driver.
DEBUG - 2025-12-26 15:08:00 --> Session: Class initialized using 'CodeIgniter\Session\Handlers\FileHandler' driver.
DEBUG - 2025-12-26 15:08:02 --> Session: Class initialized using 'CodeIgniter\Session\Handlers\FileHandler' driver.
CRITICAL - 2025-12-26 15:08:02 --> CodeIgniter\View\Exceptions\ViewException: Invalid file: "modules/pembayarancreate.php"
[Method: GET, Route: admin/pembayaran/new]
in SYSTEMPATH\Exceptions\FrameworkException.php on line 39.
 1 SYSTEMPATH\View\View.php(214): CodeIgniter\Exceptions\FrameworkException::forInvalidFile('modules/pembayarancreate.php')
 2 SYSTEMPATH\Common.php(1199): CodeIgniter\View\View->render('modules/pembayarancreate', [], true)
 3 APPPATH\Controllers\BaseResourceController.php(18): view('modules/pembayarancreate')
 4 SYSTEMPATH\CodeIgniter.php(933): App\Controllers\BaseResourceController->new()
 5 SYSTEMPATH\CodeIgniter.php(507): CodeIgniter\CodeIgniter->runController(Object(App\Controllers\Admin\PembayaranController))
 6 SYSTEMPATH\CodeIgniter.php(354): CodeIgniter\CodeIgniter->handleRequest(null, Object(Config\Cache), false)
 7 SYSTEMPATH\Boot.php(363): CodeIgniter\CodeIgniter->run()
 8 SYSTEMPATH\Boot.php(68): CodeIgniter\Boot::runCodeIgniter(Object(CodeIgniter\CodeIgniter))
 9 FCPATH\index.php(59): CodeIgniter\Boot::bootWeb(Object(Config\Paths))
10 SYSTEMPATH\rewrite.php(44): require_once('C:\\xampp\\htdocs\\sistem_informasi_percetakan\\public\\index.php')
DEBUG - 2025-12-26 15:09:38 --> Session: Class initialized using 'CodeIgniter\Session\Handlers\FileHandler' driver.
CRITICAL - 2025-12-26 15:09:38 --> CodeIgniter\View\Exceptions\ViewException: Invalid file: "modules/pembayarancreate.php"
[Method: GET, Route: admin/pembayaran/new]
in SYSTEMPATH\Exceptions\FrameworkException.php on line 39.
 1 SYSTEMPATH\View\View.php(214): CodeIgniter\Exceptions\FrameworkException::forInvalidFile('modules/pembayarancreate.php')
 2 SYSTEMPATH\Common.php(1199): CodeIgniter\View\View->render('modules/pembayarancreate', [], true)
 3 APPPATH\Controllers\BaseResourceController.php(18): view('modules/pembayarancreate')
 4 SYSTEMPATH\CodeIgniter.php(933): App\Controllers\BaseResourceController->new()
 5 SYSTEMPATH\CodeIgniter.php(507): CodeIgniter\CodeIgniter->runController(Object(App\Controllers\Admin\PembayaranController))
 6 SYSTEMPATH\CodeIgniter.php(354): CodeIgniter\CodeIgniter->handleRequest(null, Object(Config\Cache), false)
 7 SYSTEMPATH\Boot.php(363): CodeIgniter\CodeIgniter->run()
 8 SYSTEMPATH\Boot.php(68): CodeIgniter\Boot::runCodeIgniter(Object(CodeIgniter\CodeIgniter))
 9 FCPATH\index.php(59): CodeIgniter\Boot::bootWeb(Object(Config\Paths))
10 SYSTEMPATH\rewrite.php(44): require_once('C:\\xampp\\htdocs\\sistem_informasi_percetakan\\public\\index.php')
DEBUG - 2025-12-26 15:09:41 --> Session: Class initialized using 'CodeIgniter\Session\Handlers\FileHandler' driver.
CRITICAL - 2025-12-26 15:09:41 --> CodeIgniter\View\Exceptions\ViewException: Invalid file: "modules/pembayarancreate.php"
[Method: GET, Route: admin/pembayaran/new]
in SYSTEMPATH\Exceptions\FrameworkException.php on line 39.
 1 SYSTEMPATH\View\View.php(214): CodeIgniter\Exceptions\FrameworkException::forInvalidFile('modules/pembayarancreate.php')
 2 SYSTEMPATH\Common.php(1199): CodeIgniter\View\View->render('modules/pembayarancreate', [], true)
 3 APPPATH\Controllers\BaseResourceController.php(18): view('modules/pembayarancreate')
 4 SYSTEMPATH\CodeIgniter.php(933): App\Controllers\BaseResourceController->new()
 5 SYSTEMPATH\CodeIgniter.php(507): CodeIgniter\CodeIgniter->runController(Object(App\Controllers\Admin\PembayaranController))
 6 SYSTEMPATH\CodeIgniter.php(354): CodeIgniter\CodeIgniter->handleRequest(null, Object(Config\Cache), false)
 7 SYSTEMPATH\Boot.php(363): CodeIgniter\CodeIgniter->run()
 8 SYSTEMPATH\Boot.php(68): CodeIgniter\Boot::runCodeIgniter(Object(CodeIgniter\CodeIgniter))
 9 FCPATH\index.php(59): CodeIgniter\Boot::bootWeb(Object(Config\Paths))
10 SYSTEMPATH\rewrite.php(44): require_once('C:\\xampp\\htdocs\\sistem_informasi_percetakan\\public\\index.php')
DEBUG - 2025-12-26 15:10:38 --> Session: Class initialized using 'CodeIgniter\Session\Handlers\FileHandler' driver.
CRITICAL - 2025-12-26 15:10:38 --> CodeIgniter\View\Exceptions\ViewException: Invalid file: "modules/pembayarancreate.php"
[Method: GET, Route: admin/pembayaran/new]
in SYSTEMPATH\Exceptions\FrameworkException.php on line 39.
 1 SYSTEMPATH\View\View.php(214): CodeIgniter\Exceptions\FrameworkException::forInvalidFile('modules/pembayarancreate.php')
 2 SYSTEMPATH\Common.php(1199): CodeIgniter\View\View->render('modules/pembayarancreate', [], true)
 3 APPPATH\Controllers\BaseResourceController.php(18): view('modules/pembayarancreate')
 4 SYSTEMPATH\CodeIgniter.php(933): App\Controllers\BaseResourceController->new()
 5 SYSTEMPATH\CodeIgniter.php(507): CodeIgniter\CodeIgniter->runController(Object(App\Controllers\Admin\PembayaranController))
 6 SYSTEMPATH\CodeIgniter.php(354): CodeIgniter\CodeIgniter->handleRequest(null, Object(Config\Cache), false)
 7 SYSTEMPATH\Boot.php(363): CodeIgniter\CodeIgniter->run()
 8 SYSTEMPATH\Boot.php(68): CodeIgniter\Boot::runCodeIgniter(Object(CodeIgniter\CodeIgniter))
 9 FCPATH\index.php(59): CodeIgniter\Boot::bootWeb(Object(Config\Paths))
10 SYSTEMPATH\rewrite.php(44): require_once('C:\\xampp\\htdocs\\sistem_informasi_percetakan\\public\\index.php')
DEBUG - 2025-12-26 15:16:55 --> Session: Class initialized using 'CodeIgniter\Session\Handlers\FileHandler' driver.
DEBUG - 2025-12-26 15:16:57 --> Session: Class initialized using 'CodeIgniter\Session\Handlers\FileHandler' driver.
CRITICAL - 2025-12-26 15:16:57 --> CodeIgniter\View\Exceptions\ViewException: Invalid file: "modules/pembayarancreate.php"
[Method: GET, Route: admin/pembayaran/new]
in SYSTEMPATH\Exceptions\FrameworkException.php on line 39.
 1 SYSTEMPATH\View\View.php(214): CodeIgniter\Exceptions\FrameworkException::forInvalidFile('modules/pembayarancreate.php')
 2 SYSTEMPATH\Common.php(1199): CodeIgniter\View\View->render('modules/pembayarancreate', [], true)
 3 APPPATH\Controllers\BaseResourceController.php(18): view('modules/pembayarancreate')
 4 SYSTEMPATH\CodeIgniter.php(933): App\Controllers\BaseResourceController->new()
 5 SYSTEMPATH\CodeIgniter.php(507): CodeIgniter\CodeIgniter->runController(Object(App\Controllers\Admin\PembayaranController))
 6 SYSTEMPATH\CodeIgniter.php(354): CodeIgniter\CodeIgniter->handleRequest(null, Object(Config\Cache), false)
 7 SYSTEMPATH\Boot.php(363): CodeIgniter\CodeIgniter->run()
 8 SYSTEMPATH\Boot.php(68): CodeIgniter\Boot::runCodeIgniter(Object(CodeIgniter\CodeIgniter))
 9 FCPATH\index.php(59): CodeIgniter\Boot::bootWeb(Object(Config\Paths))
10 SYSTEMPATH\rewrite.php(44): require_once('C:\\xampp\\htdocs\\sistem_informasi_percetakan\\public\\index.php')
DEBUG - 2025-12-26 15:16:59 --> Session: Class initialized using 'CodeIgniter\Session\Handlers\FileHandler' driver.
DEBUG - 2025-12-26 15:17:01 --> Session: Class initialized using 'CodeIgniter\Session\Handlers\FileHandler' driver.
DEBUG - 2025-12-26 15:17:03 --> Session: Class initialized using 'CodeIgniter\Session\Handlers\FileHandler' driver.
CRITICAL - 2025-12-26 15:17:03 --> CodeIgniter\View\Exceptions\ViewException: Invalid file: "modules/pembayarancreate.php"
[Method: GET, Route: admin/pembayaran/new]
in SYSTEMPATH\Exceptions\FrameworkException.php on line 39.
 1 SYSTEMPATH\View\View.php(214): CodeIgniter\Exceptions\FrameworkException::forInvalidFile('modules/pembayarancreate.php')
 2 SYSTEMPATH\Common.php(1199): CodeIgniter\View\View->render('modules/pembayarancreate', [], true)
 3 APPPATH\Controllers\BaseResourceController.php(18): view('modules/pembayarancreate')
 4 SYSTEMPATH\CodeIgniter.php(933): App\Controllers\BaseResourceController->new()
 5 SYSTEMPATH\CodeIgniter.php(507): CodeIgniter\CodeIgniter->runController(Object(App\Controllers\Admin\PembayaranController))
 6 SYSTEMPATH\CodeIgniter.php(354): CodeIgniter\CodeIgniter->handleRequest(null, Object(Config\Cache), false)
 7 SYSTEMPATH\Boot.php(363): CodeIgniter\CodeIgniter->run()
 8 SYSTEMPATH\Boot.php(68): CodeIgniter\Boot::runCodeIgniter(Object(CodeIgniter\CodeIgniter))
 9 FCPATH\index.php(59): CodeIgniter\Boot::bootWeb(Object(Config\Paths))
10 SYSTEMPATH\rewrite.php(44): require_once('C:\\xampp\\htdocs\\sistem_informasi_percetakan\\public\\index.php')
DEBUG - 2025-12-26 15:17:05 --> Session: Class initialized using 'CodeIgniter\Session\Handlers\FileHandler' driver.
DEBUG - 2025-12-26 15:17:06 --> Session: Class initialized using 'CodeIgniter\Session\Handlers\FileHandler' driver.
DEBUG - 2025-12-26 15:17:13 --> Session: Class initialized using 'CodeIgniter\Session\Handlers\FileHandler' driver.
DEBUG - 2025-12-26 15:17:13 --> Session: Class initialized using 'CodeIgniter\Session\Handlers\FileHandler' driver.
DEBUG - 2025-12-26 15:18:53 --> Session: Class initialized using 'CodeIgniter\Session\Handlers\FileHandler' driver.
DEBUG - 2025-12-26 15:24:23 --> Session: Class initialized using 'CodeIgniter\Session\Handlers\FileHandler' driver.
DEBUG - 2025-12-26 15:24:25 --> Session: Class initialized using 'CodeIgniter\Session\Handlers\FileHandler' driver.
DEBUG - 2025-12-26 15:24:39 --> Session: Class initialized using 'CodeIgniter\Session\Handlers\FileHandler' driver.
ERROR - 2025-12-26 15:24:39 --> mysqli_sql_exception: Cannot add or update a child row: a foreign key constraint fails (`sistem_informasi_percetakan`.`pembelian`, CONSTRAINT `pembelian_ibfk_1` FOREIGN KEY (`supplier_id`) REFERENCES `supplier` (`id`)) in C:\xampp\htdocs\sistem_informasi_percetakan\system\Database\MySQLi\Connection.php:327
Stack trace:
#0 C:\xampp\htdocs\sistem_informasi_percetakan\system\Database\MySQLi\Connection.php(327): mysqli->query('INSERT INTO `pe...', 0)
#1 C:\xampp\htdocs\sistem_informasi_percetakan\system\Database\BaseConnection.php(729): CodeIgniter\Database\MySQLi\Connection->execute('INSERT INTO `pe...')
#2 C:\xampp\htdocs\sistem_informasi_percetakan\system\Database\BaseConnection.php(646): CodeIgniter\Database\BaseConnection->simpleQuery('INSERT INTO `pe...')
#3 C:\xampp\htdocs\sistem_informasi_percetakan\system\Database\BaseBuilder.php(2345): CodeIgniter\Database\BaseConnection->query('INSERT INTO `pe...', Array, false)
#4 C:\xampp\htdocs\sistem_informasi_percetakan\system\Model.php(394): CodeIgniter\Database\BaseBuilder->insert()
#5 C:\xampp\htdocs\sistem_informasi_percetakan\system\BaseModel.php(838): CodeIgniter\Model->doInsert(Array)
#6 C:\xampp\htdocs\sistem_informasi_percetakan\system\Model.php(797): CodeIgniter\BaseModel->insert(Array, true)
#7 C:\xampp\htdocs\sistem_informasi_percetakan\app\Controllers\BaseResourceController.php(23): CodeIgniter\Model->insert(Array)
#8 C:\xampp\htdocs\sistem_informasi_percetakan\system\CodeIgniter.php(933): App\Controllers\BaseResourceController->create()
#9 C:\xampp\htdocs\sistem_informasi_percetakan\system\CodeIgniter.php(507): CodeIgniter\CodeIgniter->runController(Object(App\Controllers\Admin\PembelianController))
#10 C:\xampp\htdocs\sistem_informasi_percetakan\system\CodeIgniter.php(354): CodeIgniter\CodeIgniter->handleRequest(NULL, Object(Config\Cache), false)
#11 C:\xampp\htdocs\sistem_informasi_percetakan\system\Boot.php(363): CodeIgniter\CodeIgniter->run()
#12 C:\xampp\htdocs\sistem_informasi_percetakan\system\Boot.php(68): CodeIgniter\Boot::runCodeIgniter(Object(CodeIgniter\CodeIgniter))
#13 C:\xampp\htdocs\sistem_informasi_percetakan\public\index.php(59): CodeIgniter\Boot::bootWeb(Object(Config\Paths))
#14 C:\xampp\htdocs\sistem_informasi_percetakan\system\rewrite.php(44): require_once('C:\\xampp\\htdocs...')
#15 {main}
CRITICAL - 2025-12-26 15:24:39 --> CodeIgniter\Database\Exceptions\DatabaseException: Cannot add or update a child row: a foreign key constraint fails (`sistem_informasi_percetakan`.`pembelian`, CONSTRAINT `pembelian_ibfk_1` FOREIGN KEY (`supplier_id`) REFERENCES `supplier` (`id`))
[Method: POST, Route: admin/pembelian]
in SYSTEMPATH\Database\BaseConnection.php on line 684.
 1 SYSTEMPATH\Database\BaseBuilder.php(2345): CodeIgniter\Database\BaseConnection->query('INSERT INTO `pembelian` (`kode`, `supplier_id`, `tanggal`, `catatan`) VALUES (:kode:, :supplier_id:, :tanggal:, :catatan:)', [...], false)
 2 SYSTEMPATH\Model.php(394): CodeIgniter\Database\BaseBuilder->insert()
 3 SYSTEMPATH\BaseModel.php(838): CodeIgniter\Model->doInsert([...])
 4 SYSTEMPATH\Model.php(797): CodeIgniter\BaseModel->insert([...], true)
 5 APPPATH\Controllers\BaseResourceController.php(23): CodeIgniter\Model->insert([...])
 6 SYSTEMPATH\CodeIgniter.php(933): App\Controllers\BaseResourceController->create()
 7 SYSTEMPATH\CodeIgniter.php(507): CodeIgniter\CodeIgniter->runController(Object(App\Controllers\Admin\PembelianController))
 8 SYSTEMPATH\CodeIgniter.php(354): CodeIgniter\CodeIgniter->handleRequest(null, Object(Config\Cache), false)
 9 SYSTEMPATH\Boot.php(363): CodeIgniter\CodeIgniter->run()
10 SYSTEMPATH\Boot.php(68): CodeIgniter\Boot::runCodeIgniter(Object(CodeIgniter\CodeIgniter))
11 FCPATH\index.php(59): CodeIgniter\Boot::bootWeb(Object(Config\Paths))
12 SYSTEMPATH\rewrite.php(44): require_once('C:\\xampp\\htdocs\\sistem_informasi_percetakan\\public\\index.php')
CRITICAL - 2025-12-26 15:24:39 --> [Caused by] CodeIgniter\Database\Exceptions\DatabaseException: Cannot add or update a child row: a foreign key constraint fails (`sistem_informasi_percetakan`.`pembelian`, CONSTRAINT `pembelian_ibfk_1` FOREIGN KEY (`supplier_id`) REFERENCES `supplier` (`id`))
in SYSTEMPATH\Database\MySQLi\Connection.php on line 332.
 1 SYSTEMPATH\Database\BaseConnection.php(729): CodeIgniter\Database\MySQLi\Connection->execute('INSERT INTO `pembelian` (`kode`, `supplier_id`, `tanggal`, `catatan`) VALUES (\'0008\', \'1421414\', \'2025-12-10T22:24\', \'dsd\')')
 2 SYSTEMPATH\Database\BaseConnection.php(646): CodeIgniter\Database\BaseConnection->simpleQuery('INSERT INTO `pembelian` (`kode`, `supplier_id`, `tanggal`, `catatan`) VALUES (\'0008\', \'1421414\', \'2025-12-10T22:24\', \'dsd\')')
 3 SYSTEMPATH\Database\BaseBuilder.php(2345): CodeIgniter\Database\BaseConnection->query('INSERT INTO `pembelian` (`kode`, `supplier_id`, `tanggal`, `catatan`) VALUES (:kode:, :supplier_id:, :tanggal:, :catatan:)', [...], false)
 4 SYSTEMPATH\Model.php(394): CodeIgniter\Database\BaseBuilder->insert()
 5 SYSTEMPATH\BaseModel.php(838): CodeIgniter\Model->doInsert([...])
 6 SYSTEMPATH\Model.php(797): CodeIgniter\BaseModel->insert([...], true)
 7 APPPATH\Controllers\BaseResourceController.php(23): CodeIgniter\Model->insert([...])
 8 SYSTEMPATH\CodeIgniter.php(933): App\Controllers\BaseResourceController->create()
 9 SYSTEMPATH\CodeIgniter.php(507): CodeIgniter\CodeIgniter->runController(Object(App\Controllers\Admin\PembelianController))
10 SYSTEMPATH\CodeIgniter.php(354): CodeIgniter\CodeIgniter->handleRequest(null, Object(Config\Cache), false)
11 SYSTEMPATH\Boot.php(363): CodeIgniter\CodeIgniter->run()
12 SYSTEMPATH\Boot.php(68): CodeIgniter\Boot::runCodeIgniter(Object(CodeIgniter\CodeIgniter))
13 FCPATH\index.php(59): CodeIgniter\Boot::bootWeb(Object(Config\Paths))
14 SYSTEMPATH\rewrite.php(44): require_once('C:\\xampp\\htdocs\\sistem_informasi_percetakan\\public\\index.php')
CRITICAL - 2025-12-26 15:24:39 --> [Caused by] mysqli_sql_exception: Cannot add or update a child row: a foreign key constraint fails (`sistem_informasi_percetakan`.`pembelian`, CONSTRAINT `pembelian_ibfk_1` FOREIGN KEY (`supplier_id`) REFERENCES `supplier` (`id`))
in SYSTEMPATH\Database\MySQLi\Connection.php on line 327.
 1 SYSTEMPATH\Database\MySQLi\Connection.php(327): mysqli->query('INSERT INTO `pembelian` (`kode`, `supplier_id`, `tanggal`, `catatan`) VALUES (\'0008\', \'1421414\', \'2025-12-10T22:24\', \'dsd\')', 0)
 2 SYSTEMPATH\Database\BaseConnection.php(729): CodeIgniter\Database\MySQLi\Connection->execute('INSERT INTO `pembelian` (`kode`, `supplier_id`, `tanggal`, `catatan`) VALUES (\'0008\', \'1421414\', \'2025-12-10T22:24\', \'dsd\')')
 3 SYSTEMPATH\Database\BaseConnection.php(646): CodeIgniter\Database\BaseConnection->simpleQuery('INSERT INTO `pembelian` (`kode`, `supplier_id`, `tanggal`, `catatan`) VALUES (\'0008\', \'1421414\', \'2025-12-10T22:24\', \'dsd\')')
 4 SYSTEMPATH\Database\BaseBuilder.php(2345): CodeIgniter\Database\BaseConnection->query('INSERT INTO `pembelian` (`kode`, `supplier_id`, `tanggal`, `catatan`) VALUES (:kode:, :supplier_id:, :tanggal:, :catatan:)', [...], false)
 5 SYSTEMPATH\Model.php(394): CodeIgniter\Database\BaseBuilder->insert()
 6 SYSTEMPATH\BaseModel.php(838): CodeIgniter\Model->doInsert([...])
 7 SYSTEMPATH\Model.php(797): CodeIgniter\BaseModel->insert([...], true)
 8 APPPATH\Controllers\BaseResourceController.php(23): CodeIgniter\Model->insert([...])
 9 SYSTEMPATH\CodeIgniter.php(933): App\Controllers\BaseResourceController->create()
10 SYSTEMPATH\CodeIgniter.php(507): CodeIgniter\CodeIgniter->runController(Object(App\Controllers\Admin\PembelianController))
11 SYSTEMPATH\CodeIgniter.php(354): CodeIgniter\CodeIgniter->handleRequest(null, Object(Config\Cache), false)
12 SYSTEMPATH\Boot.php(363): CodeIgniter\CodeIgniter->run()
13 SYSTEMPATH\Boot.php(68): CodeIgniter\Boot::runCodeIgniter(Object(CodeIgniter\CodeIgniter))
14 FCPATH\index.php(59): CodeIgniter\Boot::bootWeb(Object(Config\Paths))
15 SYSTEMPATH\rewrite.php(44): require_once('C:\\xampp\\htdocs\\sistem_informasi_percetakan\\public\\index.php')
DEBUG - 2025-12-26 15:24:55 --> Session: Class initialized using 'CodeIgniter\Session\Handlers\FileHandler' driver.
DEBUG - 2025-12-26 15:24:56 --> Session: Class initialized using 'CodeIgniter\Session\Handlers\FileHandler' driver.
DEBUG - 2025-12-26 15:25:01 --> Session: Class initialized using 'CodeIgniter\Session\Handlers\FileHandler' driver.
DEBUG - 2025-12-26 15:25:03 --> Session: Class initialized using 'CodeIgniter\Session\Handlers\FileHandler' driver.
DEBUG - 2025-12-26 15:25:05 --> Session: Class initialized using 'CodeIgniter\Session\Handlers\FileHandler' driver.
DEBUG - 2025-12-26 15:30:27 --> Session: Class initialized using 'CodeIgniter\Session\Handlers\FileHandler' driver.
DEBUG - 2025-12-26 15:39:07 --> Session: Class initialized using 'CodeIgniter\Session\Handlers\FileHandler' driver.
DEBUG - 2025-12-26 15:39:13 --> Session: Class initialized using 'CodeIgniter\Session\Handlers\FileHandler' driver.
DEBUG - 2025-12-26 15:39:14 --> Session: Class initialized using 'CodeIgniter\Session\Handlers\FileHandler' driver.
DEBUG - 2025-12-26 15:39:15 --> Session: Class initialized using 'CodeIgniter\Session\Handlers\FileHandler' driver.
DEBUG - 2025-12-26 15:39:17 --> Session: Class initialized using 'CodeIgniter\Session\Handlers\FileHandler' driver.
DEBUG - 2025-12-26 15:39:21 --> Session: Class initialized using 'CodeIgniter\Session\Handlers\FileHandler' driver.
DEBUG - 2025-12-26 15:39:22 --> Session: Class initialized using 'CodeIgniter\Session\Handlers\FileHandler' driver.
DEBUG - 2025-12-26 15:39:24 --> Session: Class initialized using 'CodeIgniter\Session\Handlers\FileHandler' driver.
DEBUG - 2025-12-26 15:39:25 --> Session: Class initialized using 'CodeIgniter\Session\Handlers\FileHandler' driver.
DEBUG - 2025-12-26 15:40:26 --> Session: Class initialized using 'CodeIgniter\Session\Handlers\FileHandler' driver.
DEBUG - 2025-12-26 15:40:32 --> Session: Class initialized using 'CodeIgniter\Session\Handlers\FileHandler' driver.
DEBUG - 2025-12-26 15:40:41 --> Session: Class initialized using 'CodeIgniter\Session\Handlers\FileHandler' driver.
DEBUG - 2025-12-26 15:40:45 --> Session: Class initialized using 'CodeIgniter\Session\Handlers\FileHandler' driver.
DEBUG - 2025-12-26 15:40:56 --> Session: Class initialized using 'CodeIgniter\Session\Handlers\FileHandler' driver.
DEBUG - 2025-12-26 15:41:55 --> Session: Class initialized using 'CodeIgniter\Session\Handlers\FileHandler' driver.
DEBUG - 2025-12-26 15:42:32 --> Session: Class initialized using 'CodeIgniter\Session\Handlers\FileHandler' driver.
DEBUG - 2025-12-26 15:42:35 --> Session: Class initialized using 'CodeIgniter\Session\Handlers\FileHandler' driver.
DEBUG - 2025-12-26 15:42:45 --> Session: Class initialized using 'CodeIgniter\Session\Handlers\FileHandler' driver.
ERROR - 2025-12-26 15:42:45 --> mysqli_sql_exception: Cannot add or update a child row: a foreign key constraint fails (`sistem_informasi_percetakan`.`pembelian`, CONSTRAINT `pembelian_ibfk_1` FOREIGN KEY (`supplier_id`) REFERENCES `supplier` (`id`)) in C:\xampp\htdocs\sistem_informasi_percetakan\system\Database\MySQLi\Connection.php:327
Stack trace:
#0 C:\xampp\htdocs\sistem_informasi_percetakan\system\Database\MySQLi\Connection.php(327): mysqli->query('INSERT INTO `pe...', 0)
#1 C:\xampp\htdocs\sistem_informasi_percetakan\system\Database\BaseConnection.php(729): CodeIgniter\Database\MySQLi\Connection->execute('INSERT INTO `pe...')
#2 C:\xampp\htdocs\sistem_informasi_percetakan\system\Database\BaseConnection.php(646): CodeIgniter\Database\BaseConnection->simpleQuery('INSERT INTO `pe...')
#3 C:\xampp\htdocs\sistem_informasi_percetakan\system\Database\BaseBuilder.php(2345): CodeIgniter\Database\BaseConnection->query('INSERT INTO `pe...', Array, false)
#4 C:\xampp\htdocs\sistem_informasi_percetakan\system\Model.php(394): CodeIgniter\Database\BaseBuilder->insert()
#5 C:\xampp\htdocs\sistem_informasi_percetakan\system\BaseModel.php(838): CodeIgniter\Model->doInsert(Array)
#6 C:\xampp\htdocs\sistem_informasi_percetakan\system\Model.php(797): CodeIgniter\BaseModel->insert(Array, true)
#7 C:\xampp\htdocs\sistem_informasi_percetakan\app\Controllers\BaseResourceController.php(23): CodeIgniter\Model->insert(Array)
#8 C:\xampp\htdocs\sistem_informasi_percetakan\system\CodeIgniter.php(933): App\Controllers\BaseResourceController->create()
#9 C:\xampp\htdocs\sistem_informasi_percetakan\system\CodeIgniter.php(507): CodeIgniter\CodeIgniter->runController(Object(App\Controllers\Admin\PembelianController))
#10 C:\xampp\htdocs\sistem_informasi_percetakan\system\CodeIgniter.php(354): CodeIgniter\CodeIgniter->handleRequest(NULL, Object(Config\Cache), false)
#11 C:\xampp\htdocs\sistem_informasi_percetakan\system\Boot.php(363): CodeIgniter\CodeIgniter->run()
#12 C:\xampp\htdocs\sistem_informasi_percetakan\system\Boot.php(68): CodeIgniter\Boot::runCodeIgniter(Object(CodeIgniter\CodeIgniter))
#13 C:\xampp\htdocs\sistem_informasi_percetakan\public\index.php(59): CodeIgniter\Boot::bootWeb(Object(Config\Paths))
#14 C:\xampp\htdocs\sistem_informasi_percetakan\system\rewrite.php(44): require_once('C:\\xampp\\htdocs...')
#15 {main}
CRITICAL - 2025-12-26 15:42:45 --> CodeIgniter\Database\Exceptions\DatabaseException: Cannot add or update a child row: a foreign key constraint fails (`sistem_informasi_percetakan`.`pembelian`, CONSTRAINT `pembelian_ibfk_1` FOREIGN KEY (`supplier_id`) REFERENCES `supplier` (`id`))
[Method: POST, Route: admin/pembelian]
in SYSTEMPATH\Database\BaseConnection.php on line 684.
 1 SYSTEMPATH\Database\BaseBuilder.php(2345): CodeIgniter\Database\BaseConnection->query('INSERT INTO `pembelian` (`kode`, `supplier_id`, `tanggal`, `catatan`) VALUES (:kode:, :supplier_id:, :tanggal:, :catatan:)', [...], false)
 2 SYSTEMPATH\Model.php(394): CodeIgniter\Database\BaseBuilder->insert()
 3 SYSTEMPATH\BaseModel.php(838): CodeIgniter\Model->doInsert([...])
 4 SYSTEMPATH\Model.php(797): CodeIgniter\BaseModel->insert([...], true)
 5 APPPATH\Controllers\BaseResourceController.php(23): CodeIgniter\Model->insert([...])
 6 SYSTEMPATH\CodeIgniter.php(933): App\Controllers\BaseResourceController->create()
 7 SYSTEMPATH\CodeIgniter.php(507): CodeIgniter\CodeIgniter->runController(Object(App\Controllers\Admin\PembelianController))
 8 SYSTEMPATH\CodeIgniter.php(354): CodeIgniter\CodeIgniter->handleRequest(null, Object(Config\Cache), false)
 9 SYSTEMPATH\Boot.php(363): CodeIgniter\CodeIgniter->run()
10 SYSTEMPATH\Boot.php(68): CodeIgniter\Boot::runCodeIgniter(Object(CodeIgniter\CodeIgniter))
11 FCPATH\index.php(59): CodeIgniter\Boot::bootWeb(Object(Config\Paths))
12 SYSTEMPATH\rewrite.php(44): require_once('C:\\xampp\\htdocs\\sistem_informasi_percetakan\\public\\index.php')
CRITICAL - 2025-12-26 15:42:45 --> [Caused by] CodeIgniter\Database\Exceptions\DatabaseException: Cannot add or update a child row: a foreign key constraint fails (`sistem_informasi_percetakan`.`pembelian`, CONSTRAINT `pembelian_ibfk_1` FOREIGN KEY (`supplier_id`) REFERENCES `supplier` (`id`))
in SYSTEMPATH\Database\MySQLi\Connection.php on line 332.
 1 SYSTEMPATH\Database\BaseConnection.php(729): CodeIgniter\Database\MySQLi\Connection->execute('INSERT INTO `pembelian` (`kode`, `supplier_id`, `tanggal`, `catatan`) VALUES (\'0008\', \'777\', \'2025-12-04T22:42\', \'t\')')
 2 SYSTEMPATH\Database\BaseConnection.php(646): CodeIgniter\Database\BaseConnection->simpleQuery('INSERT INTO `pembelian` (`kode`, `supplier_id`, `tanggal`, `catatan`) VALUES (\'0008\', \'777\', \'2025-12-04T22:42\', \'t\')')
 3 SYSTEMPATH\Database\BaseBuilder.php(2345): CodeIgniter\Database\BaseConnection->query('INSERT INTO `pembelian` (`kode`, `supplier_id`, `tanggal`, `catatan`) VALUES (:kode:, :supplier_id:, :tanggal:, :catatan:)', [...], false)
 4 SYSTEMPATH\Model.php(394): CodeIgniter\Database\BaseBuilder->insert()
 5 SYSTEMPATH\BaseModel.php(838): CodeIgniter\Model->doInsert([...])
 6 SYSTEMPATH\Model.php(797): CodeIgniter\BaseModel->insert([...], true)
 7 APPPATH\Controllers\BaseResourceController.php(23): CodeIgniter\Model->insert([...])
 8 SYSTEMPATH\CodeIgniter.php(933): App\Controllers\BaseResourceController->create()
 9 SYSTEMPATH\CodeIgniter.php(507): CodeIgniter\CodeIgniter->runController(Object(App\Controllers\Admin\PembelianController))
10 SYSTEMPATH\CodeIgniter.php(354): CodeIgniter\CodeIgniter->handleRequest(null, Object(Config\Cache), false)
11 SYSTEMPATH\Boot.php(363): CodeIgniter\CodeIgniter->run()
12 SYSTEMPATH\Boot.php(68): CodeIgniter\Boot::runCodeIgniter(Object(CodeIgniter\CodeIgniter))
13 FCPATH\index.php(59): CodeIgniter\Boot::bootWeb(Object(Config\Paths))
14 SYSTEMPATH\rewrite.php(44): require_once('C:\\xampp\\htdocs\\sistem_informasi_percetakan\\public\\index.php')
CRITICAL - 2025-12-26 15:42:45 --> [Caused by] mysqli_sql_exception: Cannot add or update a child row: a foreign key constraint fails (`sistem_informasi_percetakan`.`pembelian`, CONSTRAINT `pembelian_ibfk_1` FOREIGN KEY (`supplier_id`) REFERENCES `supplier` (`id`))
in SYSTEMPATH\Database\MySQLi\Connection.php on line 327.
 1 SYSTEMPATH\Database\MySQLi\Connection.php(327): mysqli->query('INSERT INTO `pembelian` (`kode`, `supplier_id`, `tanggal`, `catatan`) VALUES (\'0008\', \'777\', \'2025-12-04T22:42\', \'t\')', 0)
 2 SYSTEMPATH\Database\BaseConnection.php(729): CodeIgniter\Database\MySQLi\Connection->execute('INSERT INTO `pembelian` (`kode`, `supplier_id`, `tanggal`, `catatan`) VALUES (\'0008\', \'777\', \'2025-12-04T22:42\', \'t\')')
 3 SYSTEMPATH\Database\BaseConnection.php(646): CodeIgniter\Database\BaseConnection->simpleQuery('INSERT INTO `pembelian` (`kode`, `supplier_id`, `tanggal`, `catatan`) VALUES (\'0008\', \'777\', \'2025-12-04T22:42\', \'t\')')
 4 SYSTEMPATH\Database\BaseBuilder.php(2345): CodeIgniter\Database\BaseConnection->query('INSERT INTO `pembelian` (`kode`, `supplier_id`, `tanggal`, `catatan`) VALUES (:kode:, :supplier_id:, :tanggal:, :catatan:)', [...], false)
 5 SYSTEMPATH\Model.php(394): CodeIgniter\Database\BaseBuilder->insert()
 6 SYSTEMPATH\BaseModel.php(838): CodeIgniter\Model->doInsert([...])
 7 SYSTEMPATH\Model.php(797): CodeIgniter\BaseModel->insert([...], true)
 8 APPPATH\Controllers\BaseResourceController.php(23): CodeIgniter\Model->insert([...])
 9 SYSTEMPATH\CodeIgniter.php(933): App\Controllers\BaseResourceController->create()
10 SYSTEMPATH\CodeIgniter.php(507): CodeIgniter\CodeIgniter->runController(Object(App\Controllers\Admin\PembelianController))
11 SYSTEMPATH\CodeIgniter.php(354): CodeIgniter\CodeIgniter->handleRequest(null, Object(Config\Cache), false)
12 SYSTEMPATH\Boot.php(363): CodeIgniter\CodeIgniter->run()
13 SYSTEMPATH\Boot.php(68): CodeIgniter\Boot::runCodeIgniter(Object(CodeIgniter\CodeIgniter))
14 FCPATH\index.php(59): CodeIgniter\Boot::bootWeb(Object(Config\Paths))
15 SYSTEMPATH\rewrite.php(44): require_once('C:\\xampp\\htdocs\\sistem_informasi_percetakan\\public\\index.php')
DEBUG - 2025-12-26 15:42:49 --> Session: Class initialized using 'CodeIgniter\Session\Handlers\FileHandler' driver.
ERROR - 2025-12-26 15:42:49 --> mysqli_sql_exception: Cannot add or update a child row: a foreign key constraint fails (`sistem_informasi_percetakan`.`pembelian`, CONSTRAINT `pembelian_ibfk_1` FOREIGN KEY (`supplier_id`) REFERENCES `supplier` (`id`)) in C:\xampp\htdocs\sistem_informasi_percetakan\system\Database\MySQLi\Connection.php:327
Stack trace:
#0 C:\xampp\htdocs\sistem_informasi_percetakan\system\Database\MySQLi\Connection.php(327): mysqli->query('INSERT INTO `pe...', 0)
#1 C:\xampp\htdocs\sistem_informasi_percetakan\system\Database\BaseConnection.php(729): CodeIgniter\Database\MySQLi\Connection->execute('INSERT INTO `pe...')
#2 C:\xampp\htdocs\sistem_informasi_percetakan\system\Database\BaseConnection.php(646): CodeIgniter\Database\BaseConnection->simpleQuery('INSERT INTO `pe...')
#3 C:\xampp\htdocs\sistem_informasi_percetakan\system\Database\BaseBuilder.php(2345): CodeIgniter\Database\BaseConnection->query('INSERT INTO `pe...', Array, false)
#4 C:\xampp\htdocs\sistem_informasi_percetakan\system\Model.php(394): CodeIgniter\Database\BaseBuilder->insert()
#5 C:\xampp\htdocs\sistem_informasi_percetakan\system\BaseModel.php(838): CodeIgniter\Model->doInsert(Array)
#6 C:\xampp\htdocs\sistem_informasi_percetakan\system\Model.php(797): CodeIgniter\BaseModel->insert(Array, true)
#7 C:\xampp\htdocs\sistem_informasi_percetakan\app\Controllers\BaseResourceController.php(23): CodeIgniter\Model->insert(Array)
#8 C:\xampp\htdocs\sistem_informasi_percetakan\system\CodeIgniter.php(933): App\Controllers\BaseResourceController->create()
#9 C:\xampp\htdocs\sistem_informasi_percetakan\system\CodeIgniter.php(507): CodeIgniter\CodeIgniter->runController(Object(App\Controllers\Admin\PembelianController))
#10 C:\xampp\htdocs\sistem_informasi_percetakan\system\CodeIgniter.php(354): CodeIgniter\CodeIgniter->handleRequest(NULL, Object(Config\Cache), false)
#11 C:\xampp\htdocs\sistem_informasi_percetakan\system\Boot.php(363): CodeIgniter\CodeIgniter->run()
#12 C:\xampp\htdocs\sistem_informasi_percetakan\system\Boot.php(68): CodeIgniter\Boot::runCodeIgniter(Object(CodeIgniter\CodeIgniter))
#13 C:\xampp\htdocs\sistem_informasi_percetakan\public\index.php(59): CodeIgniter\Boot::bootWeb(Object(Config\Paths))
#14 C:\xampp\htdocs\sistem_informasi_percetakan\system\rewrite.php(44): require_once('C:\\xampp\\htdocs...')
#15 {main}
CRITICAL - 2025-12-26 15:42:49 --> CodeIgniter\Database\Exceptions\DatabaseException: Cannot add or update a child row: a foreign key constraint fails (`sistem_informasi_percetakan`.`pembelian`, CONSTRAINT `pembelian_ibfk_1` FOREIGN KEY (`supplier_id`) REFERENCES `supplier` (`id`))
[Method: POST, Route: admin/pembelian]
in SYSTEMPATH\Database\BaseConnection.php on line 684.
 1 SYSTEMPATH\Database\BaseBuilder.php(2345): CodeIgniter\Database\BaseConnection->query('INSERT INTO `pembelian` (`kode`, `supplier_id`, `tanggal`, `catatan`) VALUES (:kode:, :supplier_id:, :tanggal:, :catatan:)', [...], false)
 2 SYSTEMPATH\Model.php(394): CodeIgniter\Database\BaseBuilder->insert()
 3 SYSTEMPATH\BaseModel.php(838): CodeIgniter\Model->doInsert([...])
 4 SYSTEMPATH\Model.php(797): CodeIgniter\BaseModel->insert([...], true)
 5 APPPATH\Controllers\BaseResourceController.php(23): CodeIgniter\Model->insert([...])
 6 SYSTEMPATH\CodeIgniter.php(933): App\Controllers\BaseResourceController->create()
 7 SYSTEMPATH\CodeIgniter.php(507): CodeIgniter\CodeIgniter->runController(Object(App\Controllers\Admin\PembelianController))
 8 SYSTEMPATH\CodeIgniter.php(354): CodeIgniter\CodeIgniter->handleRequest(null, Object(Config\Cache), false)
 9 SYSTEMPATH\Boot.php(363): CodeIgniter\CodeIgniter->run()
10 SYSTEMPATH\Boot.php(68): CodeIgniter\Boot::runCodeIgniter(Object(CodeIgniter\CodeIgniter))
11 FCPATH\index.php(59): CodeIgniter\Boot::bootWeb(Object(Config\Paths))
12 SYSTEMPATH\rewrite.php(44): require_once('C:\\xampp\\htdocs\\sistem_informasi_percetakan\\public\\index.php')
CRITICAL - 2025-12-26 15:42:49 --> [Caused by] CodeIgniter\Database\Exceptions\DatabaseException: Cannot add or update a child row: a foreign key constraint fails (`sistem_informasi_percetakan`.`pembelian`, CONSTRAINT `pembelian_ibfk_1` FOREIGN KEY (`supplier_id`) REFERENCES `supplier` (`id`))
in SYSTEMPATH\Database\MySQLi\Connection.php on line 332.
 1 SYSTEMPATH\Database\BaseConnection.php(729): CodeIgniter\Database\MySQLi\Connection->execute('INSERT INTO `pembelian` (`kode`, `supplier_id`, `tanggal`, `catatan`) VALUES (\'0008\', \'777\', \'2025-12-04T22:42\', \'t\')')
 2 SYSTEMPATH\Database\BaseConnection.php(646): CodeIgniter\Database\BaseConnection->simpleQuery('INSERT INTO `pembelian` (`kode`, `supplier_id`, `tanggal`, `catatan`) VALUES (\'0008\', \'777\', \'2025-12-04T22:42\', \'t\')')
 3 SYSTEMPATH\Database\BaseBuilder.php(2345): CodeIgniter\Database\BaseConnection->query('INSERT INTO `pembelian` (`kode`, `supplier_id`, `tanggal`, `catatan`) VALUES (:kode:, :supplier_id:, :tanggal:, :catatan:)', [...], false)
 4 SYSTEMPATH\Model.php(394): CodeIgniter\Database\BaseBuilder->insert()
 5 SYSTEMPATH\BaseModel.php(838): CodeIgniter\Model->doInsert([...])
 6 SYSTEMPATH\Model.php(797): CodeIgniter\BaseModel->insert([...], true)
 7 APPPATH\Controllers\BaseResourceController.php(23): CodeIgniter\Model->insert([...])
 8 SYSTEMPATH\CodeIgniter.php(933): App\Controllers\BaseResourceController->create()
 9 SYSTEMPATH\CodeIgniter.php(507): CodeIgniter\CodeIgniter->runController(Object(App\Controllers\Admin\PembelianController))
10 SYSTEMPATH\CodeIgniter.php(354): CodeIgniter\CodeIgniter->handleRequest(null, Object(Config\Cache), false)
11 SYSTEMPATH\Boot.php(363): CodeIgniter\CodeIgniter->run()
12 SYSTEMPATH\Boot.php(68): CodeIgniter\Boot::runCodeIgniter(Object(CodeIgniter\CodeIgniter))
13 FCPATH\index.php(59): CodeIgniter\Boot::bootWeb(Object(Config\Paths))
14 SYSTEMPATH\rewrite.php(44): require_once('C:\\xampp\\htdocs\\sistem_informasi_percetakan\\public\\index.php')
CRITICAL - 2025-12-26 15:42:49 --> [Caused by] mysqli_sql_exception: Cannot add or update a child row: a foreign key constraint fails (`sistem_informasi_percetakan`.`pembelian`, CONSTRAINT `pembelian_ibfk_1` FOREIGN KEY (`supplier_id`) REFERENCES `supplier` (`id`))
in SYSTEMPATH\Database\MySQLi\Connection.php on line 327.
 1 SYSTEMPATH\Database\MySQLi\Connection.php(327): mysqli->query('INSERT INTO `pembelian` (`kode`, `supplier_id`, `tanggal`, `catatan`) VALUES (\'0008\', \'777\', \'2025-12-04T22:42\', \'t\')', 0)
 2 SYSTEMPATH\Database\BaseConnection.php(729): CodeIgniter\Database\MySQLi\Connection->execute('INSERT INTO `pembelian` (`kode`, `supplier_id`, `tanggal`, `catatan`) VALUES (\'0008\', \'777\', \'2025-12-04T22:42\', \'t\')')
 3 SYSTEMPATH\Database\BaseConnection.php(646): CodeIgniter\Database\BaseConnection->simpleQuery('INSERT INTO `pembelian` (`kode`, `supplier_id`, `tanggal`, `catatan`) VALUES (\'0008\', \'777\', \'2025-12-04T22:42\', \'t\')')
 4 SYSTEMPATH\Database\BaseBuilder.php(2345): CodeIgniter\Database\BaseConnection->query('INSERT INTO `pembelian` (`kode`, `supplier_id`, `tanggal`, `catatan`) VALUES (:kode:, :supplier_id:, :tanggal:, :catatan:)', [...], false)
 5 SYSTEMPATH\Model.php(394): CodeIgniter\Database\BaseBuilder->insert()
 6 SYSTEMPATH\BaseModel.php(838): CodeIgniter\Model->doInsert([...])
 7 SYSTEMPATH\Model.php(797): CodeIgniter\BaseModel->insert([...], true)
 8 APPPATH\Controllers\BaseResourceController.php(23): CodeIgniter\Model->insert([...])
 9 SYSTEMPATH\CodeIgniter.php(933): App\Controllers\BaseResourceController->create()
10 SYSTEMPATH\CodeIgniter.php(507): CodeIgniter\CodeIgniter->runController(Object(App\Controllers\Admin\PembelianController))
11 SYSTEMPATH\CodeIgniter.php(354): CodeIgniter\CodeIgniter->handleRequest(null, Object(Config\Cache), false)
12 SYSTEMPATH\Boot.php(363): CodeIgniter\CodeIgniter->run()
13 SYSTEMPATH\Boot.php(68): CodeIgniter\Boot::runCodeIgniter(Object(CodeIgniter\CodeIgniter))
14 FCPATH\index.php(59): CodeIgniter\Boot::bootWeb(Object(Config\Paths))
15 SYSTEMPATH\rewrite.php(44): require_once('C:\\xampp\\htdocs\\sistem_informasi_percetakan\\public\\index.php')
DEBUG - 2025-12-26 15:44:51 --> Session: Class initialized using 'CodeIgniter\Session\Handlers\FileHandler' driver.
DEBUG - 2025-12-26 15:44:56 --> Session: Class initialized using 'CodeIgniter\Session\Handlers\FileHandler' driver.
DEBUG - 2025-12-26 15:44:58 --> Session: Class initialized using 'CodeIgniter\Session\Handlers\FileHandler' driver.
DEBUG - 2025-12-26 15:45:17 --> Session: Class initialized using 'CodeIgniter\Session\Handlers\FileHandler' driver.
DEBUG - 2025-12-26 15:45:17 --> Session: Class initialized using 'CodeIgniter\Session\Handlers\FileHandler' driver.
DEBUG - 2025-12-26 15:45:26 --> Session: Class initialized using 'CodeIgniter\Session\Handlers\FileHandler' driver.
DEBUG - 2025-12-26 15:45:28 --> Session: Class initialized using 'CodeIgniter\Session\Handlers\FileHandler' driver.
DEBUG - 2025-12-26 15:45:54 --> Session: Class initialized using 'CodeIgniter\Session\Handlers\FileHandler' driver.
DEBUG - 2025-12-26 15:45:54 --> Session: Class initialized using 'CodeIgniter\Session\Handlers\FileHandler' driver.
DEBUG - 2025-12-26 15:46:00 --> Session: Class initialized using 'CodeIgniter\Session\Handlers\FileHandler' driver.
DEBUG - 2025-12-26 15:46:02 --> Session: Class initialized using 'CodeIgniter\Session\Handlers\FileHandler' driver.
DEBUG - 2025-12-26 15:46:04 --> Session: Class initialized using 'CodeIgniter\Session\Handlers\FileHandler' driver.
DEBUG - 2025-12-26 15:46:17 --> Session: Class initialized using 'CodeIgniter\Session\Handlers\FileHandler' driver.
ERROR - 2025-12-26 15:46:17 --> mysqli_sql_exception: Cannot add or update a child row: a foreign key constraint fails (`sistem_informasi_percetakan`.`transaksi`, CONSTRAINT `transaksi_ibfk_1` FOREIGN KEY (`pelanggan_id`) REFERENCES `pelanggan` (`id`)) in C:\xampp\htdocs\sistem_informasi_percetakan\system\Database\MySQLi\Connection.php:327
Stack trace:
#0 C:\xampp\htdocs\sistem_informasi_percetakan\system\Database\MySQLi\Connection.php(327): mysqli->query('INSERT INTO `tr...', 0)
#1 C:\xampp\htdocs\sistem_informasi_percetakan\system\Database\BaseConnection.php(729): CodeIgniter\Database\MySQLi\Connection->execute('INSERT INTO `tr...')
#2 C:\xampp\htdocs\sistem_informasi_percetakan\system\Database\BaseConnection.php(646): CodeIgniter\Database\BaseConnection->simpleQuery('INSERT INTO `tr...')
#3 C:\xampp\htdocs\sistem_informasi_percetakan\system\Database\BaseBuilder.php(2345): CodeIgniter\Database\BaseConnection->query('INSERT INTO `tr...', Array, false)
#4 C:\xampp\htdocs\sistem_informasi_percetakan\system\Model.php(394): CodeIgniter\Database\BaseBuilder->insert()
#5 C:\xampp\htdocs\sistem_informasi_percetakan\system\BaseModel.php(838): CodeIgniter\Model->doInsert(Array)
#6 C:\xampp\htdocs\sistem_informasi_percetakan\system\Model.php(797): CodeIgniter\BaseModel->insert(Array, true)
#7 C:\xampp\htdocs\sistem_informasi_percetakan\app\Controllers\BaseResourceController.php(23): CodeIgniter\Model->insert(Array)
#8 C:\xampp\htdocs\sistem_informasi_percetakan\system\CodeIgniter.php(933): App\Controllers\BaseResourceController->create()
#9 C:\xampp\htdocs\sistem_informasi_percetakan\system\CodeIgniter.php(507): CodeIgniter\CodeIgniter->runController(Object(App\Controllers\Admin\TransaksiController))
#10 C:\xampp\htdocs\sistem_informasi_percetakan\system\CodeIgniter.php(354): CodeIgniter\CodeIgniter->handleRequest(NULL, Object(Config\Cache), false)
#11 C:\xampp\htdocs\sistem_informasi_percetakan\system\Boot.php(363): CodeIgniter\CodeIgniter->run()
#12 C:\xampp\htdocs\sistem_informasi_percetakan\system\Boot.php(68): CodeIgniter\Boot::runCodeIgniter(Object(CodeIgniter\CodeIgniter))
#13 C:\xampp\htdocs\sistem_informasi_percetakan\public\index.php(59): CodeIgniter\Boot::bootWeb(Object(Config\Paths))
#14 C:\xampp\htdocs\sistem_informasi_percetakan\system\rewrite.php(44): require_once('C:\\xampp\\htdocs...')
#15 {main}
CRITICAL - 2025-12-26 15:46:17 --> CodeIgniter\Database\Exceptions\DatabaseException: Cannot add or update a child row: a foreign key constraint fails (`sistem_informasi_percetakan`.`transaksi`, CONSTRAINT `transaksi_ibfk_1` FOREIGN KEY (`pelanggan_id`) REFERENCES `pelanggan` (`id`))
[Method: POST, Route: admin/transaksi]
in SYSTEMPATH\Database\BaseConnection.php on line 684.
 1 SYSTEMPATH\Database\BaseBuilder.php(2345): CodeIgniter\Database\BaseConnection->query('INSERT INTO `transaksi` (`kode`, `pelanggan_id`, `tanggal`, `status`, `catatan`, `created_at`, `updated_at`) VALUES (:kode:, :pelanggan_id:, :tanggal:, :status:, :catatan:, :created_at:, :updated_at:)', [...], false)
 2 SYSTEMPATH\Model.php(394): CodeIgniter\Database\BaseBuilder->insert()
 3 SYSTEMPATH\BaseModel.php(838): CodeIgniter\Model->doInsert([...])
 4 SYSTEMPATH\Model.php(797): CodeIgniter\BaseModel->insert([...], true)
 5 APPPATH\Controllers\BaseResourceController.php(23): CodeIgniter\Model->insert([...])
 6 SYSTEMPATH\CodeIgniter.php(933): App\Controllers\BaseResourceController->create()
 7 SYSTEMPATH\CodeIgniter.php(507): CodeIgniter\CodeIgniter->runController(Object(App\Controllers\Admin\TransaksiController))
 8 SYSTEMPATH\CodeIgniter.php(354): CodeIgniter\CodeIgniter->handleRequest(null, Object(Config\Cache), false)
 9 SYSTEMPATH\Boot.php(363): CodeIgniter\CodeIgniter->run()
10 SYSTEMPATH\Boot.php(68): CodeIgniter\Boot::runCodeIgniter(Object(CodeIgniter\CodeIgniter))
11 FCPATH\index.php(59): CodeIgniter\Boot::bootWeb(Object(Config\Paths))
12 SYSTEMPATH\rewrite.php(44): require_once('C:\\xampp\\htdocs\\sistem_informasi_percetakan\\public\\index.php')
CRITICAL - 2025-12-26 15:46:17 --> [Caused by] CodeIgniter\Database\Exceptions\DatabaseException: Cannot add or update a child row: a foreign key constraint fails (`sistem_informasi_percetakan`.`transaksi`, CONSTRAINT `transaksi_ibfk_1` FOREIGN KEY (`pelanggan_id`) REFERENCES `pelanggan` (`id`))
in SYSTEMPATH\Database\MySQLi\Connection.php on line 332.
 1 SYSTEMPATH\Database\BaseConnection.php(729): CodeIgniter\Database\MySQLi\Connection->execute('INSERT INTO `transaksi` (`kode`, `pelanggan_id`, `tanggal`, `status`, `catatan`, `created_at`, `updated_at`) VALUES (\'0008\', \'11111\', \'2025-12-01T22:46\', \'proses\', \'adsd\', \'2025-12-26 15:46:17\', \'2025-12-26 15:46:17\')')
 2 SYSTEMPATH\Database\BaseConnection.php(646): CodeIgniter\Database\BaseConnection->simpleQuery('INSERT INTO `transaksi` (`kode`, `pelanggan_id`, `tanggal`, `status`, `catatan`, `created_at`, `updated_at`) VALUES (\'0008\', \'11111\', \'2025-12-01T22:46\', \'proses\', \'adsd\', \'2025-12-26 15:46:17\', \'2025-12-26 15:46:17\')')
 3 SYSTEMPATH\Database\BaseBuilder.php(2345): CodeIgniter\Database\BaseConnection->query('INSERT INTO `transaksi` (`kode`, `pelanggan_id`, `tanggal`, `status`, `catatan`, `created_at`, `updated_at`) VALUES (:kode:, :pelanggan_id:, :tanggal:, :status:, :catatan:, :created_at:, :updated_at:)', [...], false)
 4 SYSTEMPATH\Model.php(394): CodeIgniter\Database\BaseBuilder->insert()
 5 SYSTEMPATH\BaseModel.php(838): CodeIgniter\Model->doInsert([...])
 6 SYSTEMPATH\Model.php(797): CodeIgniter\BaseModel->insert([...], true)
 7 APPPATH\Controllers\BaseResourceController.php(23): CodeIgniter\Model->insert([...])
 8 SYSTEMPATH\CodeIgniter.php(933): App\Controllers\BaseResourceController->create()
 9 SYSTEMPATH\CodeIgniter.php(507): CodeIgniter\CodeIgniter->runController(Object(App\Controllers\Admin\TransaksiController))
10 SYSTEMPATH\CodeIgniter.php(354): CodeIgniter\CodeIgniter->handleRequest(null, Object(Config\Cache), false)
11 SYSTEMPATH\Boot.php(363): CodeIgniter\CodeIgniter->run()
12 SYSTEMPATH\Boot.php(68): CodeIgniter\Boot::runCodeIgniter(Object(CodeIgniter\CodeIgniter))
13 FCPATH\index.php(59): CodeIgniter\Boot::bootWeb(Object(Config\Paths))
14 SYSTEMPATH\rewrite.php(44): require_once('C:\\xampp\\htdocs\\sistem_informasi_percetakan\\public\\index.php')
CRITICAL - 2025-12-26 15:46:17 --> [Caused by] mysqli_sql_exception: Cannot add or update a child row: a foreign key constraint fails (`sistem_informasi_percetakan`.`transaksi`, CONSTRAINT `transaksi_ibfk_1` FOREIGN KEY (`pelanggan_id`) REFERENCES `pelanggan` (`id`))
in SYSTEMPATH\Database\MySQLi\Connection.php on line 327.
 1 SYSTEMPATH\Database\MySQLi\Connection.php(327): mysqli->query('INSERT INTO `transaksi` (`kode`, `pelanggan_id`, `tanggal`, `status`, `catatan`, `created_at`, `updated_at`) VALUES (\'0008\', \'11111\', \'2025-12-01T22:46\', \'proses\', \'adsd\', \'2025-12-26 15:46:17\', \'2025-12-26 15:46:17\')', 0)
 2 SYSTEMPATH\Database\BaseConnection.php(729): CodeIgniter\Database\MySQLi\Connection->execute('INSERT INTO `transaksi` (`kode`, `pelanggan_id`, `tanggal`, `status`, `catatan`, `created_at`, `updated_at`) VALUES (\'0008\', \'11111\', \'2025-12-01T22:46\', \'proses\', \'adsd\', \'2025-12-26 15:46:17\', \'2025-12-26 15:46:17\')')
 3 SYSTEMPATH\Database\BaseConnection.php(646): CodeIgniter\Database\BaseConnection->simpleQuery('INSERT INTO `transaksi` (`kode`, `pelanggan_id`, `tanggal`, `status`, `catatan`, `created_at`, `updated_at`) VALUES (\'0008\', \'11111\', \'2025-12-01T22:46\', \'proses\', \'adsd\', \'2025-12-26 15:46:17\', \'2025-12-26 15:46:17\')')
 4 SYSTEMPATH\Database\BaseBuilder.php(2345): CodeIgniter\Database\BaseConnection->query('INSERT INTO `transaksi` (`kode`, `pelanggan_id`, `tanggal`, `status`, `catatan`, `created_at`, `updated_at`) VALUES (:kode:, :pelanggan_id:, :tanggal:, :status:, :catatan:, :created_at:, :updated_at:)', [...], false)
 5 SYSTEMPATH\Model.php(394): CodeIgniter\Database\BaseBuilder->insert()
 6 SYSTEMPATH\BaseModel.php(838): CodeIgniter\Model->doInsert([...])
 7 SYSTEMPATH\Model.php(797): CodeIgniter\BaseModel->insert([...], true)
 8 APPPATH\Controllers\BaseResourceController.php(23): CodeIgniter\Model->insert([...])
 9 SYSTEMPATH\CodeIgniter.php(933): App\Controllers\BaseResourceController->create()
10 SYSTEMPATH\CodeIgniter.php(507): CodeIgniter\CodeIgniter->runController(Object(App\Controllers\Admin\TransaksiController))
11 SYSTEMPATH\CodeIgniter.php(354): CodeIgniter\CodeIgniter->handleRequest(null, Object(Config\Cache), false)
12 SYSTEMPATH\Boot.php(363): CodeIgniter\CodeIgniter->run()
13 SYSTEMPATH\Boot.php(68): CodeIgniter\Boot::runCodeIgniter(Object(CodeIgniter\CodeIgniter))
14 FCPATH\index.php(59): CodeIgniter\Boot::bootWeb(Object(Config\Paths))
15 SYSTEMPATH\rewrite.php(44): require_once('C:\\xampp\\htdocs\\sistem_informasi_percetakan\\public\\index.php')
DEBUG - 2025-12-26 15:46:55 --> Session: Class initialized using 'CodeIgniter\Session\Handlers\FileHandler' driver.
DEBUG - 2025-12-26 15:46:56 --> Session: Class initialized using 'CodeIgniter\Session\Handlers\FileHandler' driver.
DEBUG - 2025-12-26 15:47:13 --> Session: Class initialized using 'CodeIgniter\Session\Handlers\FileHandler' driver.
ERROR - 2025-12-26 15:47:13 --> mysqli_sql_exception: Cannot add or update a child row: a foreign key constraint fails (`sistem_informasi_percetakan`.`pembelian`, CONSTRAINT `pembelian_ibfk_1` FOREIGN KEY (`supplier_id`) REFERENCES `supplier` (`id`)) in C:\xampp\htdocs\sistem_informasi_percetakan\system\Database\MySQLi\Connection.php:327
Stack trace:
#0 C:\xampp\htdocs\sistem_informasi_percetakan\system\Database\MySQLi\Connection.php(327): mysqli->query('INSERT INTO `pe...', 0)
#1 C:\xampp\htdocs\sistem_informasi_percetakan\system\Database\BaseConnection.php(729): CodeIgniter\Database\MySQLi\Connection->execute('INSERT INTO `pe...')
#2 C:\xampp\htdocs\sistem_informasi_percetakan\system\Database\BaseConnection.php(646): CodeIgniter\Database\BaseConnection->simpleQuery('INSERT INTO `pe...')
#3 C:\xampp\htdocs\sistem_informasi_percetakan\system\Database\BaseBuilder.php(2345): CodeIgniter\Database\BaseConnection->query('INSERT INTO `pe...', Array, false)
#4 C:\xampp\htdocs\sistem_informasi_percetakan\system\Model.php(394): CodeIgniter\Database\BaseBuilder->insert()
#5 C:\xampp\htdocs\sistem_informasi_percetakan\system\BaseModel.php(838): CodeIgniter\Model->doInsert(Array)
#6 C:\xampp\htdocs\sistem_informasi_percetakan\system\Model.php(797): CodeIgniter\BaseModel->insert(Array, true)
#7 C:\xampp\htdocs\sistem_informasi_percetakan\app\Controllers\BaseResourceController.php(23): CodeIgniter\Model->insert(Array)
#8 C:\xampp\htdocs\sistem_informasi_percetakan\system\CodeIgniter.php(933): App\Controllers\BaseResourceController->create()
#9 C:\xampp\htdocs\sistem_informasi_percetakan\system\CodeIgniter.php(507): CodeIgniter\CodeIgniter->runController(Object(App\Controllers\Admin\PembelianController))
#10 C:\xampp\htdocs\sistem_informasi_percetakan\system\CodeIgniter.php(354): CodeIgniter\CodeIgniter->handleRequest(NULL, Object(Config\Cache), false)
#11 C:\xampp\htdocs\sistem_informasi_percetakan\system\Boot.php(363): CodeIgniter\CodeIgniter->run()
#12 C:\xampp\htdocs\sistem_informasi_percetakan\system\Boot.php(68): CodeIgniter\Boot::runCodeIgniter(Object(CodeIgniter\CodeIgniter))
#13 C:\xampp\htdocs\sistem_informasi_percetakan\public\index.php(59): CodeIgniter\Boot::bootWeb(Object(Config\Paths))
#14 C:\xampp\htdocs\sistem_informasi_percetakan\system\rewrite.php(44): require_once('C:\\xampp\\htdocs...')
#15 {main}
CRITICAL - 2025-12-26 15:47:13 --> CodeIgniter\Database\Exceptions\DatabaseException: Cannot add or update a child row: a foreign key constraint fails (`sistem_informasi_percetakan`.`pembelian`, CONSTRAINT `pembelian_ibfk_1` FOREIGN KEY (`supplier_id`) REFERENCES `supplier` (`id`))
[Method: POST, Route: admin/pembelian]
in SYSTEMPATH\Database\BaseConnection.php on line 684.
 1 SYSTEMPATH\Database\BaseBuilder.php(2345): CodeIgniter\Database\BaseConnection->query('INSERT INTO `pembelian` (`kode`, `supplier_id`, `tanggal`, `catatan`) VALUES (:kode:, :supplier_id:, :tanggal:, :catatan:)', [...], false)
 2 SYSTEMPATH\Model.php(394): CodeIgniter\Database\BaseBuilder->insert()
 3 SYSTEMPATH\BaseModel.php(838): CodeIgniter\Model->doInsert([...])
 4 SYSTEMPATH\Model.php(797): CodeIgniter\BaseModel->insert([...], true)
 5 APPPATH\Controllers\BaseResourceController.php(23): CodeIgniter\Model->insert([...])
 6 SYSTEMPATH\CodeIgniter.php(933): App\Controllers\BaseResourceController->create()
 7 SYSTEMPATH\CodeIgniter.php(507): CodeIgniter\CodeIgniter->runController(Object(App\Controllers\Admin\PembelianController))
 8 SYSTEMPATH\CodeIgniter.php(354): CodeIgniter\CodeIgniter->handleRequest(null, Object(Config\Cache), false)
 9 SYSTEMPATH\Boot.php(363): CodeIgniter\CodeIgniter->run()
10 SYSTEMPATH\Boot.php(68): CodeIgniter\Boot::runCodeIgniter(Object(CodeIgniter\CodeIgniter))
11 FCPATH\index.php(59): CodeIgniter\Boot::bootWeb(Object(Config\Paths))
12 SYSTEMPATH\rewrite.php(44): require_once('C:\\xampp\\htdocs\\sistem_informasi_percetakan\\public\\index.php')
CRITICAL - 2025-12-26 15:47:13 --> [Caused by] CodeIgniter\Database\Exceptions\DatabaseException: Cannot add or update a child row: a foreign key constraint fails (`sistem_informasi_percetakan`.`pembelian`, CONSTRAINT `pembelian_ibfk_1` FOREIGN KEY (`supplier_id`) REFERENCES `supplier` (`id`))
in SYSTEMPATH\Database\MySQLi\Connection.php on line 332.
 1 SYSTEMPATH\Database\BaseConnection.php(729): CodeIgniter\Database\MySQLi\Connection->execute('INSERT INTO `pembelian` (`kode`, `supplier_id`, `tanggal`, `catatan`) VALUES (\'121312\', \'2313\', \'2025-12-09T22:47\', \'123\')')
 2 SYSTEMPATH\Database\BaseConnection.php(646): CodeIgniter\Database\BaseConnection->simpleQuery('INSERT INTO `pembelian` (`kode`, `supplier_id`, `tanggal`, `catatan`) VALUES (\'121312\', \'2313\', \'2025-12-09T22:47\', \'123\')')
 3 SYSTEMPATH\Database\BaseBuilder.php(2345): CodeIgniter\Database\BaseConnection->query('INSERT INTO `pembelian` (`kode`, `supplier_id`, `tanggal`, `catatan`) VALUES (:kode:, :supplier_id:, :tanggal:, :catatan:)', [...], false)
 4 SYSTEMPATH\Model.php(394): CodeIgniter\Database\BaseBuilder->insert()
 5 SYSTEMPATH\BaseModel.php(838): CodeIgniter\Model->doInsert([...])
 6 SYSTEMPATH\Model.php(797): CodeIgniter\BaseModel->insert([...], true)
 7 APPPATH\Controllers\BaseResourceController.php(23): CodeIgniter\Model->insert([...])
 8 SYSTEMPATH\CodeIgniter.php(933): App\Controllers\BaseResourceController->create()
 9 SYSTEMPATH\CodeIgniter.php(507): CodeIgniter\CodeIgniter->runController(Object(App\Controllers\Admin\PembelianController))
10 SYSTEMPATH\CodeIgniter.php(354): CodeIgniter\CodeIgniter->handleRequest(null, Object(Config\Cache), false)
11 SYSTEMPATH\Boot.php(363): CodeIgniter\CodeIgniter->run()
12 SYSTEMPATH\Boot.php(68): CodeIgniter\Boot::runCodeIgniter(Object(CodeIgniter\CodeIgniter))
13 FCPATH\index.php(59): CodeIgniter\Boot::bootWeb(Object(Config\Paths))
14 SYSTEMPATH\rewrite.php(44): require_once('C:\\xampp\\htdocs\\sistem_informasi_percetakan\\public\\index.php')
CRITICAL - 2025-12-26 15:47:13 --> [Caused by] mysqli_sql_exception: Cannot add or update a child row: a foreign key constraint fails (`sistem_informasi_percetakan`.`pembelian`, CONSTRAINT `pembelian_ibfk_1` FOREIGN KEY (`supplier_id`) REFERENCES `supplier` (`id`))
in SYSTEMPATH\Database\MySQLi\Connection.php on line 327.
 1 SYSTEMPATH\Database\MySQLi\Connection.php(327): mysqli->query('INSERT INTO `pembelian` (`kode`, `supplier_id`, `tanggal`, `catatan`) VALUES (\'121312\', \'2313\', \'2025-12-09T22:47\', \'123\')', 0)
 2 SYSTEMPATH\Database\BaseConnection.php(729): CodeIgniter\Database\MySQLi\Connection->execute('INSERT INTO `pembelian` (`kode`, `supplier_id`, `tanggal`, `catatan`) VALUES (\'121312\', \'2313\', \'2025-12-09T22:47\', \'123\')')
 3 SYSTEMPATH\Database\BaseConnection.php(646): CodeIgniter\Database\BaseConnection->simpleQuery('INSERT INTO `pembelian` (`kode`, `supplier_id`, `tanggal`, `catatan`) VALUES (\'121312\', \'2313\', \'2025-12-09T22:47\', \'123\')')
 4 SYSTEMPATH\Database\BaseBuilder.php(2345): CodeIgniter\Database\BaseConnection->query('INSERT INTO `pembelian` (`kode`, `supplier_id`, `tanggal`, `catatan`) VALUES (:kode:, :supplier_id:, :tanggal:, :catatan:)', [...], false)
 5 SYSTEMPATH\Model.php(394): CodeIgniter\Database\BaseBuilder->insert()
 6 SYSTEMPATH\BaseModel.php(838): CodeIgniter\Model->doInsert([...])
 7 SYSTEMPATH\Model.php(797): CodeIgniter\BaseModel->insert([...], true)
 8 APPPATH\Controllers\BaseResourceController.php(23): CodeIgniter\Model->insert([...])
 9 SYSTEMPATH\CodeIgniter.php(933): App\Controllers\BaseResourceController->create()
10 SYSTEMPATH\CodeIgniter.php(507): CodeIgniter\CodeIgniter->runController(Object(App\Controllers\Admin\PembelianController))
11 SYSTEMPATH\CodeIgniter.php(354): CodeIgniter\CodeIgniter->handleRequest(null, Object(Config\Cache), false)
12 SYSTEMPATH\Boot.php(363): CodeIgniter\CodeIgniter->run()
13 SYSTEMPATH\Boot.php(68): CodeIgniter\Boot::runCodeIgniter(Object(CodeIgniter\CodeIgniter))
14 FCPATH\index.php(59): CodeIgniter\Boot::bootWeb(Object(Config\Paths))
15 SYSTEMPATH\rewrite.php(44): require_once('C:\\xampp\\htdocs\\sistem_informasi_percetakan\\public\\index.php')
DEBUG - 2025-12-26 15:47:19 --> Session: Class initialized using 'CodeIgniter\Session\Handlers\FileHandler' driver.
DEBUG - 2025-12-26 15:47:20 --> Session: Class initialized using 'CodeIgniter\Session\Handlers\FileHandler' driver.
DEBUG - 2025-12-26 15:47:23 --> Session: Class initialized using 'CodeIgniter\Session\Handlers\FileHandler' driver.
DEBUG - 2025-12-26 15:47:41 --> Session: Class initialized using 'CodeIgniter\Session\Handlers\FileHandler' driver.
ERROR - 2025-12-26 15:47:41 --> mysqli_sql_exception: Cannot add or update a child row: a foreign key constraint fails (`sistem_informasi_percetakan`.`detail_pesanan`, CONSTRAINT `detail_pesanan_ibfk_1` FOREIGN KEY (`transaksi_id`) REFERENCES `transaksi` (`id`) ON DELETE CASCADE) in C:\xampp\htdocs\sistem_informasi_percetakan\system\Database\MySQLi\Connection.php:327
Stack trace:
#0 C:\xampp\htdocs\sistem_informasi_percetakan\system\Database\MySQLi\Connection.php(327): mysqli->query('INSERT INTO `de...', 0)
#1 C:\xampp\htdocs\sistem_informasi_percetakan\system\Database\BaseConnection.php(729): CodeIgniter\Database\MySQLi\Connection->execute('INSERT INTO `de...')
#2 C:\xampp\htdocs\sistem_informasi_percetakan\system\Database\BaseConnection.php(646): CodeIgniter\Database\BaseConnection->simpleQuery('INSERT INTO `de...')
#3 C:\xampp\htdocs\sistem_informasi_percetakan\system\Database\BaseBuilder.php(2345): CodeIgniter\Database\BaseConnection->query('INSERT INTO `de...', Array, false)
#4 C:\xampp\htdocs\sistem_informasi_percetakan\system\Model.php(394): CodeIgniter\Database\BaseBuilder->insert()
#5 C:\xampp\htdocs\sistem_informasi_percetakan\system\BaseModel.php(838): CodeIgniter\Model->doInsert(Array)
#6 C:\xampp\htdocs\sistem_informasi_percetakan\system\Model.php(797): CodeIgniter\BaseModel->insert(Array, true)
#7 C:\xampp\htdocs\sistem_informasi_percetakan\app\Controllers\BaseResourceController.php(23): CodeIgniter\Model->insert(Array)
#8 C:\xampp\htdocs\sistem_informasi_percetakan\system\CodeIgniter.php(933): App\Controllers\BaseResourceController->create()
#9 C:\xampp\htdocs\sistem_informasi_percetakan\system\CodeIgniter.php(507): CodeIgniter\CodeIgniter->runController(Object(App\Controllers\Admin\DetailPesananController))
#10 C:\xampp\htdocs\sistem_informasi_percetakan\system\CodeIgniter.php(354): CodeIgniter\CodeIgniter->handleRequest(NULL, Object(Config\Cache), false)
#11 C:\xampp\htdocs\sistem_informasi_percetakan\system\Boot.php(363): CodeIgniter\CodeIgniter->run()
#12 C:\xampp\htdocs\sistem_informasi_percetakan\system\Boot.php(68): CodeIgniter\Boot::runCodeIgniter(Object(CodeIgniter\CodeIgniter))
#13 C:\xampp\htdocs\sistem_informasi_percetakan\public\index.php(59): CodeIgniter\Boot::bootWeb(Object(Config\Paths))
#14 C:\xampp\htdocs\sistem_informasi_percetakan\system\rewrite.php(44): require_once('C:\\xampp\\htdocs...')
#15 {main}
CRITICAL - 2025-12-26 15:47:41 --> CodeIgniter\Database\Exceptions\DatabaseException: Cannot add or update a child row: a foreign key constraint fails (`sistem_informasi_percetakan`.`detail_pesanan`, CONSTRAINT `detail_pesanan_ibfk_1` FOREIGN KEY (`transaksi_id`) REFERENCES `transaksi` (`id`) ON DELETE CASCADE)
[Method: POST, Route: admin/detail-pesanan]
in SYSTEMPATH\Database\BaseConnection.php on line 684.
 1 SYSTEMPATH\Database\BaseBuilder.php(2345): CodeIgniter\Database\BaseConnection->query('INSERT INTO `detail_pesanan` (`transaksi_id`, `layanan_id`, `bahan_id`, `deskripsi`, `qty`, `harga`, `subtotal`) VALUES (:transaksi_id:, :layanan_id:, :bahan_id:, :deskripsi:, :qty:, :harga:, :subtotal:)', [...], false)
 2 SYSTEMPATH\Model.php(394): CodeIgniter\Database\BaseBuilder->insert()
 3 SYSTEMPATH\BaseModel.php(838): CodeIgniter\Model->doInsert([...])
 4 SYSTEMPATH\Model.php(797): CodeIgniter\BaseModel->insert([...], true)
 5 APPPATH\Controllers\BaseResourceController.php(23): CodeIgniter\Model->insert([...])
 6 SYSTEMPATH\CodeIgniter.php(933): App\Controllers\BaseResourceController->create()
 7 SYSTEMPATH\CodeIgniter.php(507): CodeIgniter\CodeIgniter->runController(Object(App\Controllers\Admin\DetailPesananController))
 8 SYSTEMPATH\CodeIgniter.php(354): CodeIgniter\CodeIgniter->handleRequest(null, Object(Config\Cache), false)
 9 SYSTEMPATH\Boot.php(363): CodeIgniter\CodeIgniter->run()
10 SYSTEMPATH\Boot.php(68): CodeIgniter\Boot::runCodeIgniter(Object(CodeIgniter\CodeIgniter))
11 FCPATH\index.php(59): CodeIgniter\Boot::bootWeb(Object(Config\Paths))
12 SYSTEMPATH\rewrite.php(44): require_once('C:\\xampp\\htdocs\\sistem_informasi_percetakan\\public\\index.php')
CRITICAL - 2025-12-26 15:47:41 --> [Caused by] CodeIgniter\Database\Exceptions\DatabaseException: Cannot add or update a child row: a foreign key constraint fails (`sistem_informasi_percetakan`.`detail_pesanan`, CONSTRAINT `detail_pesanan_ibfk_1` FOREIGN KEY (`transaksi_id`) REFERENCES `transaksi` (`id`) ON DELETE CASCADE)
in SYSTEMPATH\Database\MySQLi\Connection.php on line 332.
 1 SYSTEMPATH\Database\BaseConnection.php(729): CodeIgniter\Database\MySQLi\Connection->execute('INSERT INTO `detail_pesanan` (`transaksi_id`, `layanan_id`, `bahan_id`, `deskripsi`, `qty`, `harga`, `subtotal`) VALUES (\'222\', \'12\', \'1\', \'12312\', \'19\', \'10000\', \'30\')')
 2 SYSTEMPATH\Database\BaseConnection.php(646): CodeIgniter\Database\BaseConnection->simpleQuery('INSERT INTO `detail_pesanan` (`transaksi_id`, `layanan_id`, `bahan_id`, `deskripsi`, `qty`, `harga`, `subtotal`) VALUES (\'222\', \'12\', \'1\', \'12312\', \'19\', \'10000\', \'30\')')
 3 SYSTEMPATH\Database\BaseBuilder.php(2345): CodeIgniter\Database\BaseConnection->query('INSERT INTO `detail_pesanan` (`transaksi_id`, `layanan_id`, `bahan_id`, `deskripsi`, `qty`, `harga`, `subtotal`) VALUES (:transaksi_id:, :layanan_id:, :bahan_id:, :deskripsi:, :qty:, :harga:, :subtotal:)', [...], false)
 4 SYSTEMPATH\Model.php(394): CodeIgniter\Database\BaseBuilder->insert()
 5 SYSTEMPATH\BaseModel.php(838): CodeIgniter\Model->doInsert([...])
 6 SYSTEMPATH\Model.php(797): CodeIgniter\BaseModel->insert([...], true)
 7 APPPATH\Controllers\BaseResourceController.php(23): CodeIgniter\Model->insert([...])
 8 SYSTEMPATH\CodeIgniter.php(933): App\Controllers\BaseResourceController->create()
 9 SYSTEMPATH\CodeIgniter.php(507): CodeIgniter\CodeIgniter->runController(Object(App\Controllers\Admin\DetailPesananController))
10 SYSTEMPATH\CodeIgniter.php(354): CodeIgniter\CodeIgniter->handleRequest(null, Object(Config\Cache), false)
11 SYSTEMPATH\Boot.php(363): CodeIgniter\CodeIgniter->run()
12 SYSTEMPATH\Boot.php(68): CodeIgniter\Boot::runCodeIgniter(Object(CodeIgniter\CodeIgniter))
13 FCPATH\index.php(59): CodeIgniter\Boot::bootWeb(Object(Config\Paths))
14 SYSTEMPATH\rewrite.php(44): require_once('C:\\xampp\\htdocs\\sistem_informasi_percetakan\\public\\index.php')
CRITICAL - 2025-12-26 15:47:41 --> [Caused by] mysqli_sql_exception: Cannot add or update a child row: a foreign key constraint fails (`sistem_informasi_percetakan`.`detail_pesanan`, CONSTRAINT `detail_pesanan_ibfk_1` FOREIGN KEY (`transaksi_id`) REFERENCES `transaksi` (`id`) ON DELETE CASCADE)
in SYSTEMPATH\Database\MySQLi\Connection.php on line 327.
 1 SYSTEMPATH\Database\MySQLi\Connection.php(327): mysqli->query('INSERT INTO `detail_pesanan` (`transaksi_id`, `layanan_id`, `bahan_id`, `deskripsi`, `qty`, `harga`, `subtotal`) VALUES (\'222\', \'12\', \'1\', \'12312\', \'19\', \'10000\', \'30\')', 0)
 2 SYSTEMPATH\Database\BaseConnection.php(729): CodeIgniter\Database\MySQLi\Connection->execute('INSERT INTO `detail_pesanan` (`transaksi_id`, `layanan_id`, `bahan_id`, `deskripsi`, `qty`, `harga`, `subtotal`) VALUES (\'222\', \'12\', \'1\', \'12312\', \'19\', \'10000\', \'30\')')
 3 SYSTEMPATH\Database\BaseConnection.php(646): CodeIgniter\Database\BaseConnection->simpleQuery('INSERT INTO `detail_pesanan` (`transaksi_id`, `layanan_id`, `bahan_id`, `deskripsi`, `qty`, `harga`, `subtotal`) VALUES (\'222\', \'12\', \'1\', \'12312\', \'19\', \'10000\', \'30\')')
 4 SYSTEMPATH\Database\BaseBuilder.php(2345): CodeIgniter\Database\BaseConnection->query('INSERT INTO `detail_pesanan` (`transaksi_id`, `layanan_id`, `bahan_id`, `deskripsi`, `qty`, `harga`, `subtotal`) VALUES (:transaksi_id:, :layanan_id:, :bahan_id:, :deskripsi:, :qty:, :harga:, :subtotal:)', [...], false)
 5 SYSTEMPATH\Model.php(394): CodeIgniter\Database\BaseBuilder->insert()
 6 SYSTEMPATH\BaseModel.php(838): CodeIgniter\Model->doInsert([...])
 7 SYSTEMPATH\Model.php(797): CodeIgniter\BaseModel->insert([...], true)
 8 APPPATH\Controllers\BaseResourceController.php(23): CodeIgniter\Model->insert([...])
 9 SYSTEMPATH\CodeIgniter.php(933): App\Controllers\BaseResourceController->create()
10 SYSTEMPATH\CodeIgniter.php(507): CodeIgniter\CodeIgniter->runController(Object(App\Controllers\Admin\DetailPesananController))
11 SYSTEMPATH\CodeIgniter.php(354): CodeIgniter\CodeIgniter->handleRequest(null, Object(Config\Cache), false)
12 SYSTEMPATH\Boot.php(363): CodeIgniter\CodeIgniter->run()
13 SYSTEMPATH\Boot.php(68): CodeIgniter\Boot::runCodeIgniter(Object(CodeIgniter\CodeIgniter))
14 FCPATH\index.php(59): CodeIgniter\Boot::bootWeb(Object(Config\Paths))
15 SYSTEMPATH\rewrite.php(44): require_once('C:\\xampp\\htdocs\\sistem_informasi_percetakan\\public\\index.php')
DEBUG - 2025-12-26 15:47:59 --> Session: Class initialized using 'CodeIgniter\Session\Handlers\FileHandler' driver.
DEBUG - 2025-12-26 15:48:01 --> Session: Class initialized using 'CodeIgniter\Session\Handlers\FileHandler' driver.
DEBUG - 2025-12-26 15:48:16 --> Session: Class initialized using 'CodeIgniter\Session\Handlers\FileHandler' driver.
ERROR - 2025-12-26 15:48:16 --> mysqli_sql_exception: Cannot add or update a child row: a foreign key constraint fails (`sistem_informasi_percetakan`.`detail_pembelian`, CONSTRAINT `detail_pembelian_ibfk_1` FOREIGN KEY (`pembelian_id`) REFERENCES `pembelian` (`id`) ON DELETE CASCADE) in C:\xampp\htdocs\sistem_informasi_percetakan\system\Database\MySQLi\Connection.php:327
Stack trace:
#0 C:\xampp\htdocs\sistem_informasi_percetakan\system\Database\MySQLi\Connection.php(327): mysqli->query('INSERT INTO `de...', 0)
#1 C:\xampp\htdocs\sistem_informasi_percetakan\system\Database\BaseConnection.php(729): CodeIgniter\Database\MySQLi\Connection->execute('INSERT INTO `de...')
#2 C:\xampp\htdocs\sistem_informasi_percetakan\system\Database\BaseConnection.php(646): CodeIgniter\Database\BaseConnection->simpleQuery('INSERT INTO `de...')
#3 C:\xampp\htdocs\sistem_informasi_percetakan\system\Database\BaseBuilder.php(2345): CodeIgniter\Database\BaseConnection->query('INSERT INTO `de...', Array, false)
#4 C:\xampp\htdocs\sistem_informasi_percetakan\system\Model.php(394): CodeIgniter\Database\BaseBuilder->insert()
#5 C:\xampp\htdocs\sistem_informasi_percetakan\system\BaseModel.php(838): CodeIgniter\Model->doInsert(Array)
#6 C:\xampp\htdocs\sistem_informasi_percetakan\system\Model.php(797): CodeIgniter\BaseModel->insert(Array, true)
#7 C:\xampp\htdocs\sistem_informasi_percetakan\app\Controllers\BaseResourceController.php(23): CodeIgniter\Model->insert(Array)
#8 C:\xampp\htdocs\sistem_informasi_percetakan\system\CodeIgniter.php(933): App\Controllers\BaseResourceController->create()
#9 C:\xampp\htdocs\sistem_informasi_percetakan\system\CodeIgniter.php(507): CodeIgniter\CodeIgniter->runController(Object(App\Controllers\Admin\DetailPembelianController))
#10 C:\xampp\htdocs\sistem_informasi_percetakan\system\CodeIgniter.php(354): CodeIgniter\CodeIgniter->handleRequest(NULL, Object(Config\Cache), false)
#11 C:\xampp\htdocs\sistem_informasi_percetakan\system\Boot.php(363): CodeIgniter\CodeIgniter->run()
#12 C:\xampp\htdocs\sistem_informasi_percetakan\system\Boot.php(68): CodeIgniter\Boot::runCodeIgniter(Object(CodeIgniter\CodeIgniter))
#13 C:\xampp\htdocs\sistem_informasi_percetakan\public\index.php(59): CodeIgniter\Boot::bootWeb(Object(Config\Paths))
#14 C:\xampp\htdocs\sistem_informasi_percetakan\system\rewrite.php(44): require_once('C:\\xampp\\htdocs...')
#15 {main}
CRITICAL - 2025-12-26 15:48:16 --> CodeIgniter\Database\Exceptions\DatabaseException: Cannot add or update a child row: a foreign key constraint fails (`sistem_informasi_percetakan`.`detail_pembelian`, CONSTRAINT `detail_pembelian_ibfk_1` FOREIGN KEY (`pembelian_id`) REFERENCES `pembelian` (`id`) ON DELETE CASCADE)
[Method: POST, Route: admin/detail-pembelian]
in SYSTEMPATH\Database\BaseConnection.php on line 684.
 1 SYSTEMPATH\Database\BaseBuilder.php(2345): CodeIgniter\Database\BaseConnection->query('INSERT INTO `detail_pembelian` (`pembelian_id`, `bahan_id`, `qty`, `harga`, `subtotal`) VALUES (:pembelian_id:, :bahan_id:, :qty:, :harga:, :subtotal:)', [...], false)
 2 SYSTEMPATH\Model.php(394): CodeIgniter\Database\BaseBuilder->insert()
 3 SYSTEMPATH\BaseModel.php(838): CodeIgniter\Model->doInsert([...])
 4 SYSTEMPATH\Model.php(797): CodeIgniter\BaseModel->insert([...], true)
 5 APPPATH\Controllers\BaseResourceController.php(23): CodeIgniter\Model->insert([...])
 6 SYSTEMPATH\CodeIgniter.php(933): App\Controllers\BaseResourceController->create()
 7 SYSTEMPATH\CodeIgniter.php(507): CodeIgniter\CodeIgniter->runController(Object(App\Controllers\Admin\DetailPembelianController))
 8 SYSTEMPATH\CodeIgniter.php(354): CodeIgniter\CodeIgniter->handleRequest(null, Object(Config\Cache), false)
 9 SYSTEMPATH\Boot.php(363): CodeIgniter\CodeIgniter->run()
10 SYSTEMPATH\Boot.php(68): CodeIgniter\Boot::runCodeIgniter(Object(CodeIgniter\CodeIgniter))
11 FCPATH\index.php(59): CodeIgniter\Boot::bootWeb(Object(Config\Paths))
12 SYSTEMPATH\rewrite.php(44): require_once('C:\\xampp\\htdocs\\sistem_informasi_percetakan\\public\\index.php')
CRITICAL - 2025-12-26 15:48:16 --> [Caused by] CodeIgniter\Database\Exceptions\DatabaseException: Cannot add or update a child row: a foreign key constraint fails (`sistem_informasi_percetakan`.`detail_pembelian`, CONSTRAINT `detail_pembelian_ibfk_1` FOREIGN KEY (`pembelian_id`) REFERENCES `pembelian` (`id`) ON DELETE CASCADE)
in SYSTEMPATH\Database\MySQLi\Connection.php on line 332.
 1 SYSTEMPATH\Database\BaseConnection.php(729): CodeIgniter\Database\MySQLi\Connection->execute('INSERT INTO `detail_pembelian` (`pembelian_id`, `bahan_id`, `qty`, `harga`, `subtotal`) VALUES (\'1231\', \'123\', \'16\', \'5000\', \'50\')')
 2 SYSTEMPATH\Database\BaseConnection.php(646): CodeIgniter\Database\BaseConnection->simpleQuery('INSERT INTO `detail_pembelian` (`pembelian_id`, `bahan_id`, `qty`, `harga`, `subtotal`) VALUES (\'1231\', \'123\', \'16\', \'5000\', \'50\')')
 3 SYSTEMPATH\Database\BaseBuilder.php(2345): CodeIgniter\Database\BaseConnection->query('INSERT INTO `detail_pembelian` (`pembelian_id`, `bahan_id`, `qty`, `harga`, `subtotal`) VALUES (:pembelian_id:, :bahan_id:, :qty:, :harga:, :subtotal:)', [...], false)
 4 SYSTEMPATH\Model.php(394): CodeIgniter\Database\BaseBuilder->insert()
 5 SYSTEMPATH\BaseModel.php(838): CodeIgniter\Model->doInsert([...])
 6 SYSTEMPATH\Model.php(797): CodeIgniter\BaseModel->insert([...], true)
 7 APPPATH\Controllers\BaseResourceController.php(23): CodeIgniter\Model->insert([...])
 8 SYSTEMPATH\CodeIgniter.php(933): App\Controllers\BaseResourceController->create()
 9 SYSTEMPATH\CodeIgniter.php(507): CodeIgniter\CodeIgniter->runController(Object(App\Controllers\Admin\DetailPembelianController))
10 SYSTEMPATH\CodeIgniter.php(354): CodeIgniter\CodeIgniter->handleRequest(null, Object(Config\Cache), false)
11 SYSTEMPATH\Boot.php(363): CodeIgniter\CodeIgniter->run()
12 SYSTEMPATH\Boot.php(68): CodeIgniter\Boot::runCodeIgniter(Object(CodeIgniter\CodeIgniter))
13 FCPATH\index.php(59): CodeIgniter\Boot::bootWeb(Object(Config\Paths))
14 SYSTEMPATH\rewrite.php(44): require_once('C:\\xampp\\htdocs\\sistem_informasi_percetakan\\public\\index.php')
CRITICAL - 2025-12-26 15:48:16 --> [Caused by] mysqli_sql_exception: Cannot add or update a child row: a foreign key constraint fails (`sistem_informasi_percetakan`.`detail_pembelian`, CONSTRAINT `detail_pembelian_ibfk_1` FOREIGN KEY (`pembelian_id`) REFERENCES `pembelian` (`id`) ON DELETE CASCADE)
in SYSTEMPATH\Database\MySQLi\Connection.php on line 327.
 1 SYSTEMPATH\Database\MySQLi\Connection.php(327): mysqli->query('INSERT INTO `detail_pembelian` (`pembelian_id`, `bahan_id`, `qty`, `harga`, `subtotal`) VALUES (\'1231\', \'123\', \'16\', \'5000\', \'50\')', 0)
 2 SYSTEMPATH\Database\BaseConnection.php(729): CodeIgniter\Database\MySQLi\Connection->execute('INSERT INTO `detail_pembelian` (`pembelian_id`, `bahan_id`, `qty`, `harga`, `subtotal`) VALUES (\'1231\', \'123\', \'16\', \'5000\', \'50\')')
 3 SYSTEMPATH\Database\BaseConnection.php(646): CodeIgniter\Database\BaseConnection->simpleQuery('INSERT INTO `detail_pembelian` (`pembelian_id`, `bahan_id`, `qty`, `harga`, `subtotal`) VALUES (\'1231\', \'123\', \'16\', \'5000\', \'50\')')
 4 SYSTEMPATH\Database\BaseBuilder.php(2345): CodeIgniter\Database\BaseConnection->query('INSERT INTO `detail_pembelian` (`pembelian_id`, `bahan_id`, `qty`, `harga`, `subtotal`) VALUES (:pembelian_id:, :bahan_id:, :qty:, :harga:, :subtotal:)', [...], false)
 5 SYSTEMPATH\Model.php(394): CodeIgniter\Database\BaseBuilder->insert()
 6 SYSTEMPATH\BaseModel.php(838): CodeIgniter\Model->doInsert([...])
 7 SYSTEMPATH\Model.php(797): CodeIgniter\BaseModel->insert([...], true)
 8 APPPATH\Controllers\BaseResourceController.php(23): CodeIgniter\Model->insert([...])
 9 SYSTEMPATH\CodeIgniter.php(933): App\Controllers\BaseResourceController->create()
10 SYSTEMPATH\CodeIgniter.php(507): CodeIgniter\CodeIgniter->runController(Object(App\Controllers\Admin\DetailPembelianController))
11 SYSTEMPATH\CodeIgniter.php(354): CodeIgniter\CodeIgniter->handleRequest(null, Object(Config\Cache), false)
12 SYSTEMPATH\Boot.php(363): CodeIgniter\CodeIgniter->run()
13 SYSTEMPATH\Boot.php(68): CodeIgniter\Boot::runCodeIgniter(Object(CodeIgniter\CodeIgniter))
14 FCPATH\index.php(59): CodeIgniter\Boot::bootWeb(Object(Config\Paths))
15 SYSTEMPATH\rewrite.php(44): require_once('C:\\xampp\\htdocs\\sistem_informasi_percetakan\\public\\index.php')
DEBUG - 2025-12-26 15:48:39 --> Session: Class initialized using 'CodeIgniter\Session\Handlers\FileHandler' driver.
